ISO-10303-21;
HEADER;
/* Generated by software containing ST-Developer
 * from STEP Tools, Inc. (www.steptools.com) 
 */
/* OPTION: using custom renumber hook */

FILE_DESCRIPTION(
/* description */ ('STEP AP242 Edition 2',
'CAx-IF Rec.Pracs.---Representation and Presentation of Product Manufa
cturing Information (PMI)---4.0---2014-10-13',
'CAx-IF Rec.Pracs.---3D Tessellated Geometry---0.4---2014-09-14','2;1',
'CAx-IF Rec.Pracs.---User Defined Attributes---1.5---2016-08-15'),
/* implementation_level */ '2;1');

FILE_NAME(
/* name */ 'Part Studio 1 - Top Case cover',
/* time_stamp */ '2026-06-04T23:59:10Z',
/* author */ (''),
/* organization */ (''),
/* preprocessor_version */ 'ST-DEVELOPER v20',
/* originating_system */ 'ONSHAPE BY PTC INC, 1.215',
/* authorisation */ '  ');

FILE_SCHEMA (('AP242_MANAGED_MODEL_BASED_3D_ENGINEERING_MIM_LF { 1 0 10303 442 3 1 4 }'));
ENDSEC;

DATA;
#10=SHAPE_REPRESENTATION_RELATIONSHIP('','',#4009,#11);
#11=ADVANCED_BREP_SHAPE_REPRESENTATION('',(#4007),#6353);
#12=CIRCLE('',#4038,0.0203778009721141);
#13=CIRCLE('',#4039,0.0203778009721141);
#14=CIRCLE('',#4041,0.305785563605388);
#15=CIRCLE('',#4042,0.305785563605388);
#16=CIRCLE('',#4052,0.0174470416876615);
#17=CIRCLE('',#4053,0.0148326715622189);
#18=CIRCLE('',#4054,0.0234940142244214);
#19=CIRCLE('',#4055,0.0376749856340503);
#20=CIRCLE('',#4056,0.00193137084989849);
#21=CIRCLE('',#4057,0.00193137084989846);
#22=CIRCLE('',#4071,0.0200701127090912);
#23=CIRCLE('',#4072,0.0200701127090912);
#24=CIRCLE('',#4123,0.289862816472389);
#25=CIRCLE('',#4124,0.289862816472389);
#26=CIRCLE('',#4126,0.0193166960324904);
#27=CIRCLE('',#4127,0.0193166960324904);
#28=CIRCLE('',#4165,0.0200701127090921);
#29=CIRCLE('',#4173,0.0234940142244214);
#30=CIRCLE('',#4183,0.0174470416876615);
#31=CIRCLE('',#4185,0.0148326715622189);
#32=CIRCLE('',#4189,0.0376749856340503);
#33=CIRCLE('',#4192,0.00193137084989846);
#34=CIRCLE('',#4195,0.0408240943775349);
#35=CIRCLE('',#4196,0.0408240943775349);
#36=CIRCLE('',#4198,0.00193137084989849);
#37=CIRCLE('',#4202,0.0200701127090921);
#38=CYLINDRICAL_SURFACE('',#4037,0.0203778009721141);
#39=CYLINDRICAL_SURFACE('',#4040,0.305785563605388);
#40=CYLINDRICAL_SURFACE('',#4070,0.0200701127090912);
#41=CYLINDRICAL_SURFACE('',#4122,0.289862816472389);
#42=CYLINDRICAL_SURFACE('',#4125,0.0193166960324904);
#43=CYLINDRICAL_SURFACE('',#4172,0.0234940142244214);
#44=CYLINDRICAL_SURFACE('',#4182,0.0174470416876615);
#45=CYLINDRICAL_SURFACE('',#4184,0.0148326715622189);
#46=CYLINDRICAL_SURFACE('',#4188,0.0376749856340503);
#47=CYLINDRICAL_SURFACE('',#4191,0.00193137084989846);
#48=CYLINDRICAL_SURFACE('',#4194,0.0408240943775349);
#49=CYLINDRICAL_SURFACE('',#4197,0.00193137084989849);
#50=CYLINDRICAL_SURFACE('',#4226,0.0200701127090921);
#51=ORIENTED_EDGE('',*,*,#1183,.F.);
#52=ORIENTED_EDGE('',*,*,#1184,.T.);
#53=ORIENTED_EDGE('',*,*,#1185,.T.);
#54=ORIENTED_EDGE('',*,*,#1186,.F.);
#55=ORIENTED_EDGE('',*,*,#1187,.F.);
#56=ORIENTED_EDGE('',*,*,#1186,.T.);
#57=ORIENTED_EDGE('',*,*,#1188,.T.);
#58=ORIENTED_EDGE('',*,*,#1189,.F.);
#59=ORIENTED_EDGE('',*,*,#1190,.F.);
#60=ORIENTED_EDGE('',*,*,#1189,.T.);
#61=ORIENTED_EDGE('',*,*,#1191,.T.);
#62=ORIENTED_EDGE('',*,*,#1192,.F.);
#63=ORIENTED_EDGE('',*,*,#1193,.F.);
#64=ORIENTED_EDGE('',*,*,#1192,.T.);
#65=ORIENTED_EDGE('',*,*,#1194,.T.);
#66=ORIENTED_EDGE('',*,*,#1195,.F.);
#67=ORIENTED_EDGE('',*,*,#1196,.F.);
#68=ORIENTED_EDGE('',*,*,#1195,.T.);
#69=ORIENTED_EDGE('',*,*,#1197,.T.);
#70=ORIENTED_EDGE('',*,*,#1198,.F.);
#71=ORIENTED_EDGE('',*,*,#1199,.F.);
#72=ORIENTED_EDGE('',*,*,#1198,.T.);
#73=ORIENTED_EDGE('',*,*,#1200,.T.);
#74=ORIENTED_EDGE('',*,*,#1201,.F.);
#75=ORIENTED_EDGE('',*,*,#1202,.F.);
#76=ORIENTED_EDGE('',*,*,#1201,.T.);
#77=ORIENTED_EDGE('',*,*,#1203,.T.);
#78=ORIENTED_EDGE('',*,*,#1204,.F.);
#79=ORIENTED_EDGE('',*,*,#1205,.F.);
#80=ORIENTED_EDGE('',*,*,#1204,.T.);
#81=ORIENTED_EDGE('',*,*,#1206,.T.);
#82=ORIENTED_EDGE('',*,*,#1207,.F.);
#83=ORIENTED_EDGE('',*,*,#1208,.F.);
#84=ORIENTED_EDGE('',*,*,#1207,.T.);
#85=ORIENTED_EDGE('',*,*,#1209,.T.);
#86=ORIENTED_EDGE('',*,*,#1210,.F.);
#87=ORIENTED_EDGE('',*,*,#1211,.F.);
#88=ORIENTED_EDGE('',*,*,#1210,.T.);
#89=ORIENTED_EDGE('',*,*,#1212,.T.);
#90=ORIENTED_EDGE('',*,*,#1213,.F.);
#91=ORIENTED_EDGE('',*,*,#1214,.F.);
#92=ORIENTED_EDGE('',*,*,#1213,.T.);
#93=ORIENTED_EDGE('',*,*,#1215,.T.);
#94=ORIENTED_EDGE('',*,*,#1216,.F.);
#95=ORIENTED_EDGE('',*,*,#1217,.F.);
#96=ORIENTED_EDGE('',*,*,#1216,.T.);
#97=ORIENTED_EDGE('',*,*,#1218,.T.);
#98=ORIENTED_EDGE('',*,*,#1219,.F.);
#99=ORIENTED_EDGE('',*,*,#1220,.F.);
#100=ORIENTED_EDGE('',*,*,#1219,.T.);
#101=ORIENTED_EDGE('',*,*,#1221,.T.);
#102=ORIENTED_EDGE('',*,*,#1222,.F.);
#103=ORIENTED_EDGE('',*,*,#1223,.F.);
#104=ORIENTED_EDGE('',*,*,#1222,.T.);
#105=ORIENTED_EDGE('',*,*,#1224,.T.);
#106=ORIENTED_EDGE('',*,*,#1225,.F.);
#107=ORIENTED_EDGE('',*,*,#1226,.F.);
#108=ORIENTED_EDGE('',*,*,#1225,.T.);
#109=ORIENTED_EDGE('',*,*,#1227,.T.);
#110=ORIENTED_EDGE('',*,*,#1228,.F.);
#111=ORIENTED_EDGE('',*,*,#1229,.F.);
#112=ORIENTED_EDGE('',*,*,#1228,.T.);
#113=ORIENTED_EDGE('',*,*,#1230,.T.);
#114=ORIENTED_EDGE('',*,*,#1231,.F.);
#115=ORIENTED_EDGE('',*,*,#1232,.F.);
#116=ORIENTED_EDGE('',*,*,#1231,.T.);
#117=ORIENTED_EDGE('',*,*,#1233,.T.);
#118=ORIENTED_EDGE('',*,*,#1234,.F.);
#119=ORIENTED_EDGE('',*,*,#1235,.F.);
#120=ORIENTED_EDGE('',*,*,#1234,.T.);
#121=ORIENTED_EDGE('',*,*,#1236,.T.);
#122=ORIENTED_EDGE('',*,*,#1237,.F.);
#123=ORIENTED_EDGE('',*,*,#1238,.F.);
#124=ORIENTED_EDGE('',*,*,#1237,.T.);
#125=ORIENTED_EDGE('',*,*,#1239,.T.);
#126=ORIENTED_EDGE('',*,*,#1240,.F.);
#127=ORIENTED_EDGE('',*,*,#1241,.F.);
#128=ORIENTED_EDGE('',*,*,#1240,.T.);
#129=ORIENTED_EDGE('',*,*,#1242,.T.);
#130=ORIENTED_EDGE('',*,*,#1243,.F.);
#131=ORIENTED_EDGE('',*,*,#1244,.F.);
#132=ORIENTED_EDGE('',*,*,#1243,.T.);
#133=ORIENTED_EDGE('',*,*,#1245,.T.);
#134=ORIENTED_EDGE('',*,*,#1246,.F.);
#135=ORIENTED_EDGE('',*,*,#1247,.F.);
#136=ORIENTED_EDGE('',*,*,#1246,.T.);
#137=ORIENTED_EDGE('',*,*,#1248,.T.);
#138=ORIENTED_EDGE('',*,*,#1249,.F.);
#139=ORIENTED_EDGE('',*,*,#1250,.F.);
#140=ORIENTED_EDGE('',*,*,#1249,.T.);
#141=ORIENTED_EDGE('',*,*,#1251,.T.);
#142=ORIENTED_EDGE('',*,*,#1252,.F.);
#143=ORIENTED_EDGE('',*,*,#1253,.F.);
#144=ORIENTED_EDGE('',*,*,#1252,.T.);
#145=ORIENTED_EDGE('',*,*,#1254,.T.);
#146=ORIENTED_EDGE('',*,*,#1255,.F.);
#147=ORIENTED_EDGE('',*,*,#1256,.F.);
#148=ORIENTED_EDGE('',*,*,#1255,.T.);
#149=ORIENTED_EDGE('',*,*,#1257,.T.);
#150=ORIENTED_EDGE('',*,*,#1258,.F.);
#151=ORIENTED_EDGE('',*,*,#1259,.F.);
#152=ORIENTED_EDGE('',*,*,#1258,.T.);
#153=ORIENTED_EDGE('',*,*,#1260,.T.);
#154=ORIENTED_EDGE('',*,*,#1261,.F.);
#155=ORIENTED_EDGE('',*,*,#1262,.F.);
#156=ORIENTED_EDGE('',*,*,#1261,.T.);
#157=ORIENTED_EDGE('',*,*,#1263,.T.);
#158=ORIENTED_EDGE('',*,*,#1264,.F.);
#159=ORIENTED_EDGE('',*,*,#1265,.F.);
#160=ORIENTED_EDGE('',*,*,#1264,.T.);
#161=ORIENTED_EDGE('',*,*,#1266,.T.);
#162=ORIENTED_EDGE('',*,*,#1267,.F.);
#163=ORIENTED_EDGE('',*,*,#1268,.F.);
#164=ORIENTED_EDGE('',*,*,#1267,.T.);
#165=ORIENTED_EDGE('',*,*,#1269,.T.);
#166=ORIENTED_EDGE('',*,*,#1270,.F.);
#167=ORIENTED_EDGE('',*,*,#1271,.F.);
#168=ORIENTED_EDGE('',*,*,#1270,.T.);
#169=ORIENTED_EDGE('',*,*,#1272,.T.);
#170=ORIENTED_EDGE('',*,*,#1273,.F.);
#171=ORIENTED_EDGE('',*,*,#1274,.F.);
#172=ORIENTED_EDGE('',*,*,#1273,.T.);
#173=ORIENTED_EDGE('',*,*,#1275,.T.);
#174=ORIENTED_EDGE('',*,*,#1276,.F.);
#175=ORIENTED_EDGE('',*,*,#1277,.F.);
#176=ORIENTED_EDGE('',*,*,#1276,.T.);
#177=ORIENTED_EDGE('',*,*,#1278,.T.);
#178=ORIENTED_EDGE('',*,*,#1279,.F.);
#179=ORIENTED_EDGE('',*,*,#1280,.F.);
#180=ORIENTED_EDGE('',*,*,#1279,.T.);
#181=ORIENTED_EDGE('',*,*,#1281,.T.);
#182=ORIENTED_EDGE('',*,*,#1282,.F.);
#183=ORIENTED_EDGE('',*,*,#1283,.F.);
#184=ORIENTED_EDGE('',*,*,#1282,.T.);
#185=ORIENTED_EDGE('',*,*,#1284,.T.);
#186=ORIENTED_EDGE('',*,*,#1285,.F.);
#187=ORIENTED_EDGE('',*,*,#1286,.F.);
#188=ORIENTED_EDGE('',*,*,#1285,.T.);
#189=ORIENTED_EDGE('',*,*,#1287,.T.);
#190=ORIENTED_EDGE('',*,*,#1288,.F.);
#191=ORIENTED_EDGE('',*,*,#1289,.F.);
#192=ORIENTED_EDGE('',*,*,#1290,.F.);
#193=ORIENTED_EDGE('',*,*,#1288,.T.);
#194=ORIENTED_EDGE('',*,*,#1291,.T.);
#195=ORIENTED_EDGE('',*,*,#1292,.F.);
#196=ORIENTED_EDGE('',*,*,#1293,.F.);
#197=ORIENTED_EDGE('',*,*,#1294,.F.);
#198=ORIENTED_EDGE('',*,*,#1295,.F.);
#199=ORIENTED_EDGE('',*,*,#1296,.F.);
#200=ORIENTED_EDGE('',*,*,#1297,.F.);
#201=ORIENTED_EDGE('',*,*,#1298,.F.);
#202=ORIENTED_EDGE('',*,*,#1299,.F.);
#203=ORIENTED_EDGE('',*,*,#1300,.F.);
#204=ORIENTED_EDGE('',*,*,#1301,.F.);
#205=ORIENTED_EDGE('',*,*,#1302,.F.);
#206=ORIENTED_EDGE('',*,*,#1303,.F.);
#207=ORIENTED_EDGE('',*,*,#1304,.F.);
#208=ORIENTED_EDGE('',*,*,#1305,.F.);
#209=ORIENTED_EDGE('',*,*,#1306,.F.);
#210=ORIENTED_EDGE('',*,*,#1307,.F.);
#211=ORIENTED_EDGE('',*,*,#1308,.F.);
#212=ORIENTED_EDGE('',*,*,#1309,.T.);
#213=ORIENTED_EDGE('',*,*,#1310,.T.);
#214=ORIENTED_EDGE('',*,*,#1311,.F.);
#215=ORIENTED_EDGE('',*,*,#1312,.F.);
#216=ORIENTED_EDGE('',*,*,#1313,.F.);
#217=ORIENTED_EDGE('',*,*,#1314,.T.);
#218=ORIENTED_EDGE('',*,*,#1315,.F.);
#219=ORIENTED_EDGE('',*,*,#1316,.F.);
#220=ORIENTED_EDGE('',*,*,#1317,.T.);
#221=ORIENTED_EDGE('',*,*,#1318,.T.);
#222=ORIENTED_EDGE('',*,*,#1319,.T.);
#223=ORIENTED_EDGE('',*,*,#1320,.F.);
#224=ORIENTED_EDGE('',*,*,#1321,.F.);
#225=ORIENTED_EDGE('',*,*,#1322,.F.);
#226=ORIENTED_EDGE('',*,*,#1323,.F.);
#227=ORIENTED_EDGE('',*,*,#1324,.T.);
#228=ORIENTED_EDGE('',*,*,#1325,.T.);
#229=ORIENTED_EDGE('',*,*,#1326,.T.);
#230=ORIENTED_EDGE('',*,*,#1327,.T.);
#231=ORIENTED_EDGE('',*,*,#1328,.F.);
#232=ORIENTED_EDGE('',*,*,#1329,.F.);
#233=ORIENTED_EDGE('',*,*,#1330,.T.);
#234=ORIENTED_EDGE('',*,*,#1331,.F.);
#235=ORIENTED_EDGE('',*,*,#1332,.F.);
#236=ORIENTED_EDGE('',*,*,#1333,.T.);
#237=ORIENTED_EDGE('',*,*,#1334,.T.);
#238=ORIENTED_EDGE('',*,*,#1335,.T.);
#239=ORIENTED_EDGE('',*,*,#1336,.F.);
#240=ORIENTED_EDGE('',*,*,#1337,.F.);
#241=ORIENTED_EDGE('',*,*,#1338,.T.);
#242=ORIENTED_EDGE('',*,*,#1339,.T.);
#243=ORIENTED_EDGE('',*,*,#1340,.F.);
#244=ORIENTED_EDGE('',*,*,#1341,.T.);
#245=ORIENTED_EDGE('',*,*,#1342,.T.);
#246=ORIENTED_EDGE('',*,*,#1343,.F.);
#247=ORIENTED_EDGE('',*,*,#1344,.F.);
#248=ORIENTED_EDGE('',*,*,#1345,.F.);
#249=ORIENTED_EDGE('',*,*,#1340,.T.);
#250=ORIENTED_EDGE('',*,*,#1346,.T.);
#251=ORIENTED_EDGE('',*,*,#1347,.F.);
#252=ORIENTED_EDGE('',*,*,#1348,.F.);
#253=ORIENTED_EDGE('',*,*,#1344,.T.);
#254=ORIENTED_EDGE('',*,*,#1349,.F.);
#255=ORIENTED_EDGE('',*,*,#1350,.F.);
#256=ORIENTED_EDGE('',*,*,#1351,.T.);
#257=ORIENTED_EDGE('',*,*,#1352,.T.);
#258=ORIENTED_EDGE('',*,*,#1317,.F.);
#259=ORIENTED_EDGE('',*,*,#1353,.F.);
#260=ORIENTED_EDGE('',*,*,#1354,.T.);
#261=ORIENTED_EDGE('',*,*,#1355,.T.);
#262=ORIENTED_EDGE('',*,*,#1356,.F.);
#263=ORIENTED_EDGE('',*,*,#1357,.F.);
#264=ORIENTED_EDGE('',*,*,#1315,.T.);
#265=ORIENTED_EDGE('',*,*,#1358,.T.);
#266=ORIENTED_EDGE('',*,*,#1359,.F.);
#267=ORIENTED_EDGE('',*,*,#1360,.F.);
#268=ORIENTED_EDGE('',*,*,#1356,.T.);
#269=ORIENTED_EDGE('',*,*,#1361,.T.);
#270=ORIENTED_EDGE('',*,*,#1362,.F.);
#271=ORIENTED_EDGE('',*,*,#1363,.F.);
#272=ORIENTED_EDGE('',*,*,#1359,.T.);
#273=ORIENTED_EDGE('',*,*,#1364,.T.);
#274=ORIENTED_EDGE('',*,*,#1365,.F.);
#275=ORIENTED_EDGE('',*,*,#1366,.F.);
#276=ORIENTED_EDGE('',*,*,#1362,.T.);
#277=ORIENTED_EDGE('',*,*,#1367,.T.);
#278=ORIENTED_EDGE('',*,*,#1368,.F.);
#279=ORIENTED_EDGE('',*,*,#1369,.F.);
#280=ORIENTED_EDGE('',*,*,#1365,.T.);
#281=ORIENTED_EDGE('',*,*,#1370,.T.);
#282=ORIENTED_EDGE('',*,*,#1371,.F.);
#283=ORIENTED_EDGE('',*,*,#1372,.F.);
#284=ORIENTED_EDGE('',*,*,#1368,.T.);
#285=ORIENTED_EDGE('',*,*,#1373,.T.);
#286=ORIENTED_EDGE('',*,*,#1374,.F.);
#287=ORIENTED_EDGE('',*,*,#1375,.F.);
#288=ORIENTED_EDGE('',*,*,#1371,.T.);
#289=ORIENTED_EDGE('',*,*,#1376,.F.);
#290=ORIENTED_EDGE('',*,*,#1377,.T.);
#291=ORIENTED_EDGE('',*,*,#1378,.F.);
#292=ORIENTED_EDGE('',*,*,#1374,.T.);
#293=ORIENTED_EDGE('',*,*,#1379,.T.);
#294=ORIENTED_EDGE('',*,*,#1380,.F.);
#295=ORIENTED_EDGE('',*,*,#1381,.F.);
#296=ORIENTED_EDGE('',*,*,#1382,.T.);
#297=ORIENTED_EDGE('',*,*,#1383,.F.);
#298=ORIENTED_EDGE('',*,*,#1380,.T.);
#299=ORIENTED_EDGE('',*,*,#1384,.T.);
#300=ORIENTED_EDGE('',*,*,#1333,.F.);
#301=ORIENTED_EDGE('',*,*,#1385,.T.);
#302=ORIENTED_EDGE('',*,*,#1386,.F.);
#303=ORIENTED_EDGE('',*,*,#1387,.F.);
#304=ORIENTED_EDGE('',*,*,#1331,.T.);
#305=ORIENTED_EDGE('',*,*,#1388,.T.);
#306=ORIENTED_EDGE('',*,*,#1184,.F.);
#307=ORIENTED_EDGE('',*,*,#1389,.F.);
#308=ORIENTED_EDGE('',*,*,#1390,.F.);
#309=ORIENTED_EDGE('',*,*,#1386,.T.);
#310=ORIENTED_EDGE('',*,*,#1391,.T.);
#311=ORIENTED_EDGE('',*,*,#1392,.F.);
#312=ORIENTED_EDGE('',*,*,#1393,.F.);
#313=ORIENTED_EDGE('',*,*,#1394,.T.);
#314=ORIENTED_EDGE('',*,*,#1289,.T.);
#315=ORIENTED_EDGE('',*,*,#1395,.T.);
#316=ORIENTED_EDGE('',*,*,#1396,.F.);
#317=ORIENTED_EDGE('',*,*,#1397,.F.);
#318=ORIENTED_EDGE('',*,*,#1392,.T.);
#319=ORIENTED_EDGE('',*,*,#1398,.T.);
#320=ORIENTED_EDGE('',*,*,#1399,.F.);
#321=ORIENTED_EDGE('',*,*,#1400,.F.);
#322=ORIENTED_EDGE('',*,*,#1396,.T.);
#323=ORIENTED_EDGE('',*,*,#1401,.T.);
#324=ORIENTED_EDGE('',*,*,#1402,.F.);
#325=ORIENTED_EDGE('',*,*,#1403,.F.);
#326=ORIENTED_EDGE('',*,*,#1399,.T.);
#327=ORIENTED_EDGE('',*,*,#1404,.T.);
#328=ORIENTED_EDGE('',*,*,#1405,.F.);
#329=ORIENTED_EDGE('',*,*,#1406,.F.);
#330=ORIENTED_EDGE('',*,*,#1402,.T.);
#331=ORIENTED_EDGE('',*,*,#1407,.T.);
#332=ORIENTED_EDGE('',*,*,#1408,.F.);
#333=ORIENTED_EDGE('',*,*,#1409,.F.);
#334=ORIENTED_EDGE('',*,*,#1405,.T.);
#335=ORIENTED_EDGE('',*,*,#1410,.T.);
#336=ORIENTED_EDGE('',*,*,#1411,.F.);
#337=ORIENTED_EDGE('',*,*,#1412,.F.);
#338=ORIENTED_EDGE('',*,*,#1408,.T.);
#339=ORIENTED_EDGE('',*,*,#1413,.T.);
#340=ORIENTED_EDGE('',*,*,#1414,.F.);
#341=ORIENTED_EDGE('',*,*,#1415,.F.);
#342=ORIENTED_EDGE('',*,*,#1411,.T.);
#343=ORIENTED_EDGE('',*,*,#1416,.T.);
#344=ORIENTED_EDGE('',*,*,#1417,.F.);
#345=ORIENTED_EDGE('',*,*,#1418,.F.);
#346=ORIENTED_EDGE('',*,*,#1414,.T.);
#347=ORIENTED_EDGE('',*,*,#1419,.T.);
#348=ORIENTED_EDGE('',*,*,#1420,.F.);
#349=ORIENTED_EDGE('',*,*,#1421,.F.);
#350=ORIENTED_EDGE('',*,*,#1417,.T.);
#351=ORIENTED_EDGE('',*,*,#1422,.T.);
#352=ORIENTED_EDGE('',*,*,#1423,.F.);
#353=ORIENTED_EDGE('',*,*,#1424,.F.);
#354=ORIENTED_EDGE('',*,*,#1420,.T.);
#355=ORIENTED_EDGE('',*,*,#1425,.T.);
#356=ORIENTED_EDGE('',*,*,#1426,.F.);
#357=ORIENTED_EDGE('',*,*,#1427,.F.);
#358=ORIENTED_EDGE('',*,*,#1423,.T.);
#359=ORIENTED_EDGE('',*,*,#1428,.F.);
#360=ORIENTED_EDGE('',*,*,#1342,.F.);
#361=ORIENTED_EDGE('',*,*,#1429,.T.);
#362=ORIENTED_EDGE('',*,*,#1430,.T.);
#363=ORIENTED_EDGE('',*,*,#1431,.F.);
#364=ORIENTED_EDGE('',*,*,#1432,.F.);
#365=ORIENTED_EDGE('',*,*,#1433,.T.);
#366=ORIENTED_EDGE('',*,*,#1350,.T.);
#367=ORIENTED_EDGE('',*,*,#1434,.F.);
#368=ORIENTED_EDGE('',*,*,#1435,.F.);
#369=ORIENTED_EDGE('',*,*,#1436,.T.);
#370=ORIENTED_EDGE('',*,*,#1432,.T.);
#371=ORIENTED_EDGE('',*,*,#1437,.F.);
#372=ORIENTED_EDGE('',*,*,#1438,.F.);
#373=ORIENTED_EDGE('',*,*,#1439,.T.);
#374=ORIENTED_EDGE('',*,*,#1435,.T.);
#375=ORIENTED_EDGE('',*,*,#1440,.F.);
#376=ORIENTED_EDGE('',*,*,#1441,.F.);
#377=ORIENTED_EDGE('',*,*,#1442,.T.);
#378=ORIENTED_EDGE('',*,*,#1438,.T.);
#379=ORIENTED_EDGE('',*,*,#1443,.F.);
#380=ORIENTED_EDGE('',*,*,#1444,.F.);
#381=ORIENTED_EDGE('',*,*,#1445,.T.);
#382=ORIENTED_EDGE('',*,*,#1441,.T.);
#383=ORIENTED_EDGE('',*,*,#1446,.F.);
#384=ORIENTED_EDGE('',*,*,#1447,.F.);
#385=ORIENTED_EDGE('',*,*,#1448,.T.);
#386=ORIENTED_EDGE('',*,*,#1444,.T.);
#387=ORIENTED_EDGE('',*,*,#1449,.F.);
#388=ORIENTED_EDGE('',*,*,#1450,.F.);
#389=ORIENTED_EDGE('',*,*,#1451,.T.);
#390=ORIENTED_EDGE('',*,*,#1447,.T.);
#391=ORIENTED_EDGE('',*,*,#1452,.F.);
#392=ORIENTED_EDGE('',*,*,#1453,.F.);
#393=ORIENTED_EDGE('',*,*,#1454,.T.);
#394=ORIENTED_EDGE('',*,*,#1450,.T.);
#395=ORIENTED_EDGE('',*,*,#1455,.F.);
#396=ORIENTED_EDGE('',*,*,#1456,.F.);
#397=ORIENTED_EDGE('',*,*,#1457,.T.);
#398=ORIENTED_EDGE('',*,*,#1453,.T.);
#399=ORIENTED_EDGE('',*,*,#1458,.F.);
#400=ORIENTED_EDGE('',*,*,#1325,.F.);
#401=ORIENTED_EDGE('',*,*,#1459,.T.);
#402=ORIENTED_EDGE('',*,*,#1456,.T.);
#403=ORIENTED_EDGE('',*,*,#1460,.F.);
#404=ORIENTED_EDGE('',*,*,#1461,.F.);
#405=ORIENTED_EDGE('',*,*,#1462,.T.);
#406=ORIENTED_EDGE('',*,*,#1323,.T.);
#407=ORIENTED_EDGE('',*,*,#1463,.F.);
#408=ORIENTED_EDGE('',*,*,#1464,.F.);
#409=ORIENTED_EDGE('',*,*,#1465,.T.);
#410=ORIENTED_EDGE('',*,*,#1461,.T.);
#411=ORIENTED_EDGE('',*,*,#1466,.F.);
#412=ORIENTED_EDGE('',*,*,#1467,.F.);
#413=ORIENTED_EDGE('',*,*,#1468,.T.);
#414=ORIENTED_EDGE('',*,*,#1464,.T.);
#415=ORIENTED_EDGE('',*,*,#1469,.F.);
#416=ORIENTED_EDGE('',*,*,#1470,.F.);
#417=ORIENTED_EDGE('',*,*,#1471,.T.);
#418=ORIENTED_EDGE('',*,*,#1467,.T.);
#419=ORIENTED_EDGE('',*,*,#1472,.F.);
#420=ORIENTED_EDGE('',*,*,#1473,.F.);
#421=ORIENTED_EDGE('',*,*,#1474,.T.);
#422=ORIENTED_EDGE('',*,*,#1470,.T.);
#423=ORIENTED_EDGE('',*,*,#1475,.F.);
#424=ORIENTED_EDGE('',*,*,#1476,.F.);
#425=ORIENTED_EDGE('',*,*,#1477,.T.);
#426=ORIENTED_EDGE('',*,*,#1473,.T.);
#427=ORIENTED_EDGE('',*,*,#1478,.F.);
#428=ORIENTED_EDGE('',*,*,#1479,.F.);
#429=ORIENTED_EDGE('',*,*,#1480,.T.);
#430=ORIENTED_EDGE('',*,*,#1476,.T.);
#431=ORIENTED_EDGE('',*,*,#1481,.F.);
#432=ORIENTED_EDGE('',*,*,#1482,.F.);
#433=ORIENTED_EDGE('',*,*,#1483,.T.);
#434=ORIENTED_EDGE('',*,*,#1479,.T.);
#435=ORIENTED_EDGE('',*,*,#1484,.F.);
#436=ORIENTED_EDGE('',*,*,#1485,.F.);
#437=ORIENTED_EDGE('',*,*,#1486,.T.);
#438=ORIENTED_EDGE('',*,*,#1482,.T.);
#439=ORIENTED_EDGE('',*,*,#1487,.F.);
#440=ORIENTED_EDGE('',*,*,#1488,.F.);
#441=ORIENTED_EDGE('',*,*,#1489,.T.);
#442=ORIENTED_EDGE('',*,*,#1485,.T.);
#443=ORIENTED_EDGE('',*,*,#1490,.F.);
#444=ORIENTED_EDGE('',*,*,#1491,.F.);
#445=ORIENTED_EDGE('',*,*,#1492,.T.);
#446=ORIENTED_EDGE('',*,*,#1488,.T.);
#447=ORIENTED_EDGE('',*,*,#1493,.F.);
#448=ORIENTED_EDGE('',*,*,#1494,.F.);
#449=ORIENTED_EDGE('',*,*,#1495,.T.);
#450=ORIENTED_EDGE('',*,*,#1491,.T.);
#451=ORIENTED_EDGE('',*,*,#1496,.F.);
#452=ORIENTED_EDGE('',*,*,#1497,.F.);
#453=ORIENTED_EDGE('',*,*,#1498,.T.);
#454=ORIENTED_EDGE('',*,*,#1494,.T.);
#455=ORIENTED_EDGE('',*,*,#1499,.F.);
#456=ORIENTED_EDGE('',*,*,#1500,.F.);
#457=ORIENTED_EDGE('',*,*,#1501,.T.);
#458=ORIENTED_EDGE('',*,*,#1497,.T.);
#459=ORIENTED_EDGE('',*,*,#1502,.F.);
#460=ORIENTED_EDGE('',*,*,#1503,.F.);
#461=ORIENTED_EDGE('',*,*,#1504,.T.);
#462=ORIENTED_EDGE('',*,*,#1500,.T.);
#463=ORIENTED_EDGE('',*,*,#1505,.F.);
#464=ORIENTED_EDGE('',*,*,#1506,.F.);
#465=ORIENTED_EDGE('',*,*,#1507,.T.);
#466=ORIENTED_EDGE('',*,*,#1503,.T.);
#467=ORIENTED_EDGE('',*,*,#1508,.F.);
#468=ORIENTED_EDGE('',*,*,#1509,.F.);
#469=ORIENTED_EDGE('',*,*,#1510,.T.);
#470=ORIENTED_EDGE('',*,*,#1506,.T.);
#471=ORIENTED_EDGE('',*,*,#1511,.F.);
#472=ORIENTED_EDGE('',*,*,#1512,.F.);
#473=ORIENTED_EDGE('',*,*,#1513,.T.);
#474=ORIENTED_EDGE('',*,*,#1509,.T.);
#475=ORIENTED_EDGE('',*,*,#1514,.F.);
#476=ORIENTED_EDGE('',*,*,#1515,.F.);
#477=ORIENTED_EDGE('',*,*,#1516,.T.);
#478=ORIENTED_EDGE('',*,*,#1512,.T.);
#479=ORIENTED_EDGE('',*,*,#1517,.F.);
#480=ORIENTED_EDGE('',*,*,#1518,.F.);
#481=ORIENTED_EDGE('',*,*,#1519,.T.);
#482=ORIENTED_EDGE('',*,*,#1515,.T.);
#483=ORIENTED_EDGE('',*,*,#1520,.F.);
#484=ORIENTED_EDGE('',*,*,#1521,.F.);
#485=ORIENTED_EDGE('',*,*,#1522,.T.);
#486=ORIENTED_EDGE('',*,*,#1518,.T.);
#487=ORIENTED_EDGE('',*,*,#1523,.F.);
#488=ORIENTED_EDGE('',*,*,#1524,.F.);
#489=ORIENTED_EDGE('',*,*,#1525,.T.);
#490=ORIENTED_EDGE('',*,*,#1521,.T.);
#491=ORIENTED_EDGE('',*,*,#1526,.F.);
#492=ORIENTED_EDGE('',*,*,#1527,.F.);
#493=ORIENTED_EDGE('',*,*,#1528,.T.);
#494=ORIENTED_EDGE('',*,*,#1524,.T.);
#495=ORIENTED_EDGE('',*,*,#1529,.F.);
#496=ORIENTED_EDGE('',*,*,#1530,.F.);
#497=ORIENTED_EDGE('',*,*,#1531,.T.);
#498=ORIENTED_EDGE('',*,*,#1527,.T.);
#499=ORIENTED_EDGE('',*,*,#1532,.F.);
#500=ORIENTED_EDGE('',*,*,#1533,.F.);
#501=ORIENTED_EDGE('',*,*,#1534,.T.);
#502=ORIENTED_EDGE('',*,*,#1530,.T.);
#503=ORIENTED_EDGE('',*,*,#1535,.F.);
#504=ORIENTED_EDGE('',*,*,#1536,.F.);
#505=ORIENTED_EDGE('',*,*,#1537,.T.);
#506=ORIENTED_EDGE('',*,*,#1533,.T.);
#507=ORIENTED_EDGE('',*,*,#1538,.F.);
#508=ORIENTED_EDGE('',*,*,#1539,.F.);
#509=ORIENTED_EDGE('',*,*,#1540,.T.);
#510=ORIENTED_EDGE('',*,*,#1536,.T.);
#511=ORIENTED_EDGE('',*,*,#1541,.F.);
#512=ORIENTED_EDGE('',*,*,#1542,.F.);
#513=ORIENTED_EDGE('',*,*,#1543,.T.);
#514=ORIENTED_EDGE('',*,*,#1539,.T.);
#515=ORIENTED_EDGE('',*,*,#1544,.F.);
#516=ORIENTED_EDGE('',*,*,#1545,.F.);
#517=ORIENTED_EDGE('',*,*,#1546,.T.);
#518=ORIENTED_EDGE('',*,*,#1542,.T.);
#519=ORIENTED_EDGE('',*,*,#1547,.F.);
#520=ORIENTED_EDGE('',*,*,#1548,.F.);
#521=ORIENTED_EDGE('',*,*,#1549,.T.);
#522=ORIENTED_EDGE('',*,*,#1545,.T.);
#523=ORIENTED_EDGE('',*,*,#1550,.F.);
#524=ORIENTED_EDGE('',*,*,#1551,.F.);
#525=ORIENTED_EDGE('',*,*,#1552,.T.);
#526=ORIENTED_EDGE('',*,*,#1548,.T.);
#527=ORIENTED_EDGE('',*,*,#1553,.F.);
#528=ORIENTED_EDGE('',*,*,#1554,.F.);
#529=ORIENTED_EDGE('',*,*,#1555,.T.);
#530=ORIENTED_EDGE('',*,*,#1551,.T.);
#531=ORIENTED_EDGE('',*,*,#1556,.F.);
#532=ORIENTED_EDGE('',*,*,#1557,.F.);
#533=ORIENTED_EDGE('',*,*,#1558,.T.);
#534=ORIENTED_EDGE('',*,*,#1554,.T.);
#535=ORIENTED_EDGE('',*,*,#1559,.F.);
#536=ORIENTED_EDGE('',*,*,#1560,.F.);
#537=ORIENTED_EDGE('',*,*,#1561,.T.);
#538=ORIENTED_EDGE('',*,*,#1557,.T.);
#539=ORIENTED_EDGE('',*,*,#1562,.F.);
#540=ORIENTED_EDGE('',*,*,#1563,.F.);
#541=ORIENTED_EDGE('',*,*,#1564,.T.);
#542=ORIENTED_EDGE('',*,*,#1560,.T.);
#543=ORIENTED_EDGE('',*,*,#1565,.F.);
#544=ORIENTED_EDGE('',*,*,#1566,.F.);
#545=ORIENTED_EDGE('',*,*,#1567,.T.);
#546=ORIENTED_EDGE('',*,*,#1563,.T.);
#547=ORIENTED_EDGE('',*,*,#1568,.F.);
#548=ORIENTED_EDGE('',*,*,#1569,.F.);
#549=ORIENTED_EDGE('',*,*,#1570,.T.);
#550=ORIENTED_EDGE('',*,*,#1566,.T.);
#551=ORIENTED_EDGE('',*,*,#1571,.F.);
#552=ORIENTED_EDGE('',*,*,#1572,.F.);
#553=ORIENTED_EDGE('',*,*,#1573,.T.);
#554=ORIENTED_EDGE('',*,*,#1569,.T.);
#555=ORIENTED_EDGE('',*,*,#1574,.F.);
#556=ORIENTED_EDGE('',*,*,#1575,.F.);
#557=ORIENTED_EDGE('',*,*,#1576,.T.);
#558=ORIENTED_EDGE('',*,*,#1572,.T.);
#559=ORIENTED_EDGE('',*,*,#1577,.F.);
#560=ORIENTED_EDGE('',*,*,#1578,.F.);
#561=ORIENTED_EDGE('',*,*,#1579,.T.);
#562=ORIENTED_EDGE('',*,*,#1575,.T.);
#563=ORIENTED_EDGE('',*,*,#1580,.F.);
#564=ORIENTED_EDGE('',*,*,#1581,.F.);
#565=ORIENTED_EDGE('',*,*,#1582,.T.);
#566=ORIENTED_EDGE('',*,*,#1578,.T.);
#567=ORIENTED_EDGE('',*,*,#1583,.F.);
#568=ORIENTED_EDGE('',*,*,#1584,.F.);
#569=ORIENTED_EDGE('',*,*,#1585,.T.);
#570=ORIENTED_EDGE('',*,*,#1581,.T.);
#571=ORIENTED_EDGE('',*,*,#1586,.F.);
#572=ORIENTED_EDGE('',*,*,#1587,.F.);
#573=ORIENTED_EDGE('',*,*,#1588,.T.);
#574=ORIENTED_EDGE('',*,*,#1584,.T.);
#575=ORIENTED_EDGE('',*,*,#1589,.F.);
#576=ORIENTED_EDGE('',*,*,#1590,.F.);
#577=ORIENTED_EDGE('',*,*,#1591,.T.);
#578=ORIENTED_EDGE('',*,*,#1587,.T.);
#579=ORIENTED_EDGE('',*,*,#1592,.F.);
#580=ORIENTED_EDGE('',*,*,#1593,.F.);
#581=ORIENTED_EDGE('',*,*,#1594,.T.);
#582=ORIENTED_EDGE('',*,*,#1590,.T.);
#583=ORIENTED_EDGE('',*,*,#1595,.F.);
#584=ORIENTED_EDGE('',*,*,#1596,.F.);
#585=ORIENTED_EDGE('',*,*,#1597,.T.);
#586=ORIENTED_EDGE('',*,*,#1593,.T.);
#587=ORIENTED_EDGE('',*,*,#1598,.F.);
#588=ORIENTED_EDGE('',*,*,#1599,.F.);
#589=ORIENTED_EDGE('',*,*,#1600,.T.);
#590=ORIENTED_EDGE('',*,*,#1596,.T.);
#591=ORIENTED_EDGE('',*,*,#1601,.F.);
#592=ORIENTED_EDGE('',*,*,#1602,.F.);
#593=ORIENTED_EDGE('',*,*,#1603,.T.);
#594=ORIENTED_EDGE('',*,*,#1599,.T.);
#595=ORIENTED_EDGE('',*,*,#1604,.F.);
#596=ORIENTED_EDGE('',*,*,#1605,.F.);
#597=ORIENTED_EDGE('',*,*,#1606,.T.);
#598=ORIENTED_EDGE('',*,*,#1602,.T.);
#599=ORIENTED_EDGE('',*,*,#1607,.F.);
#600=ORIENTED_EDGE('',*,*,#1430,.F.);
#601=ORIENTED_EDGE('',*,*,#1608,.T.);
#602=ORIENTED_EDGE('',*,*,#1605,.T.);
#603=ORIENTED_EDGE('',*,*,#1609,.T.);
#604=ORIENTED_EDGE('',*,*,#1354,.F.);
#605=ORIENTED_EDGE('',*,*,#1610,.F.);
#606=ORIENTED_EDGE('',*,*,#1426,.T.);
#607=ORIENTED_EDGE('',*,*,#1428,.T.);
#608=ORIENTED_EDGE('',*,*,#1607,.T.);
#609=ORIENTED_EDGE('',*,*,#1604,.T.);
#610=ORIENTED_EDGE('',*,*,#1601,.T.);
#611=ORIENTED_EDGE('',*,*,#1598,.T.);
#612=ORIENTED_EDGE('',*,*,#1595,.T.);
#613=ORIENTED_EDGE('',*,*,#1592,.T.);
#614=ORIENTED_EDGE('',*,*,#1589,.T.);
#615=ORIENTED_EDGE('',*,*,#1586,.T.);
#616=ORIENTED_EDGE('',*,*,#1583,.T.);
#617=ORIENTED_EDGE('',*,*,#1580,.T.);
#618=ORIENTED_EDGE('',*,*,#1577,.T.);
#619=ORIENTED_EDGE('',*,*,#1574,.T.);
#620=ORIENTED_EDGE('',*,*,#1571,.T.);
#621=ORIENTED_EDGE('',*,*,#1568,.T.);
#622=ORIENTED_EDGE('',*,*,#1565,.T.);
#623=ORIENTED_EDGE('',*,*,#1562,.T.);
#624=ORIENTED_EDGE('',*,*,#1559,.T.);
#625=ORIENTED_EDGE('',*,*,#1556,.T.);
#626=ORIENTED_EDGE('',*,*,#1553,.T.);
#627=ORIENTED_EDGE('',*,*,#1550,.T.);
#628=ORIENTED_EDGE('',*,*,#1547,.T.);
#629=ORIENTED_EDGE('',*,*,#1544,.T.);
#630=ORIENTED_EDGE('',*,*,#1541,.T.);
#631=ORIENTED_EDGE('',*,*,#1538,.T.);
#632=ORIENTED_EDGE('',*,*,#1535,.T.);
#633=ORIENTED_EDGE('',*,*,#1532,.T.);
#634=ORIENTED_EDGE('',*,*,#1529,.T.);
#635=ORIENTED_EDGE('',*,*,#1526,.T.);
#636=ORIENTED_EDGE('',*,*,#1523,.T.);
#637=ORIENTED_EDGE('',*,*,#1520,.T.);
#638=ORIENTED_EDGE('',*,*,#1517,.T.);
#639=ORIENTED_EDGE('',*,*,#1514,.T.);
#640=ORIENTED_EDGE('',*,*,#1511,.T.);
#641=ORIENTED_EDGE('',*,*,#1508,.T.);
#642=ORIENTED_EDGE('',*,*,#1505,.T.);
#643=ORIENTED_EDGE('',*,*,#1502,.T.);
#644=ORIENTED_EDGE('',*,*,#1499,.T.);
#645=ORIENTED_EDGE('',*,*,#1496,.T.);
#646=ORIENTED_EDGE('',*,*,#1493,.T.);
#647=ORIENTED_EDGE('',*,*,#1490,.T.);
#648=ORIENTED_EDGE('',*,*,#1487,.T.);
#649=ORIENTED_EDGE('',*,*,#1484,.T.);
#650=ORIENTED_EDGE('',*,*,#1481,.T.);
#651=ORIENTED_EDGE('',*,*,#1478,.T.);
#652=ORIENTED_EDGE('',*,*,#1475,.T.);
#653=ORIENTED_EDGE('',*,*,#1472,.T.);
#654=ORIENTED_EDGE('',*,*,#1469,.T.);
#655=ORIENTED_EDGE('',*,*,#1466,.T.);
#656=ORIENTED_EDGE('',*,*,#1463,.T.);
#657=ORIENTED_EDGE('',*,*,#1460,.T.);
#658=ORIENTED_EDGE('',*,*,#1322,.T.);
#659=ORIENTED_EDGE('',*,*,#1458,.T.);
#660=ORIENTED_EDGE('',*,*,#1455,.T.);
#661=ORIENTED_EDGE('',*,*,#1452,.T.);
#662=ORIENTED_EDGE('',*,*,#1449,.T.);
#663=ORIENTED_EDGE('',*,*,#1446,.T.);
#664=ORIENTED_EDGE('',*,*,#1443,.T.);
#665=ORIENTED_EDGE('',*,*,#1440,.T.);
#666=ORIENTED_EDGE('',*,*,#1437,.T.);
#667=ORIENTED_EDGE('',*,*,#1434,.T.);
#668=ORIENTED_EDGE('',*,*,#1431,.T.);
#669=ORIENTED_EDGE('',*,*,#1349,.T.);
#670=ORIENTED_EDGE('',*,*,#1343,.T.);
#671=ORIENTED_EDGE('',*,*,#1352,.F.);
#672=ORIENTED_EDGE('',*,*,#1609,.F.);
#673=ORIENTED_EDGE('',*,*,#1425,.F.);
#674=ORIENTED_EDGE('',*,*,#1422,.F.);
#675=ORIENTED_EDGE('',*,*,#1419,.F.);
#676=ORIENTED_EDGE('',*,*,#1416,.F.);
#677=ORIENTED_EDGE('',*,*,#1413,.F.);
#678=ORIENTED_EDGE('',*,*,#1410,.F.);
#679=ORIENTED_EDGE('',*,*,#1407,.F.);
#680=ORIENTED_EDGE('',*,*,#1404,.F.);
#681=ORIENTED_EDGE('',*,*,#1401,.F.);
#682=ORIENTED_EDGE('',*,*,#1398,.F.);
#683=ORIENTED_EDGE('',*,*,#1395,.F.);
#684=ORIENTED_EDGE('',*,*,#1391,.F.);
#685=ORIENTED_EDGE('',*,*,#1291,.F.);
#686=ORIENTED_EDGE('',*,*,#1287,.F.);
#687=ORIENTED_EDGE('',*,*,#1284,.F.);
#688=ORIENTED_EDGE('',*,*,#1281,.F.);
#689=ORIENTED_EDGE('',*,*,#1278,.F.);
#690=ORIENTED_EDGE('',*,*,#1275,.F.);
#691=ORIENTED_EDGE('',*,*,#1272,.F.);
#692=ORIENTED_EDGE('',*,*,#1269,.F.);
#693=ORIENTED_EDGE('',*,*,#1266,.F.);
#694=ORIENTED_EDGE('',*,*,#1263,.F.);
#695=ORIENTED_EDGE('',*,*,#1260,.F.);
#696=ORIENTED_EDGE('',*,*,#1257,.F.);
#697=ORIENTED_EDGE('',*,*,#1254,.F.);
#698=ORIENTED_EDGE('',*,*,#1251,.F.);
#699=ORIENTED_EDGE('',*,*,#1248,.F.);
#700=ORIENTED_EDGE('',*,*,#1245,.F.);
#701=ORIENTED_EDGE('',*,*,#1242,.F.);
#702=ORIENTED_EDGE('',*,*,#1239,.F.);
#703=ORIENTED_EDGE('',*,*,#1236,.F.);
#704=ORIENTED_EDGE('',*,*,#1233,.F.);
#705=ORIENTED_EDGE('',*,*,#1230,.F.);
#706=ORIENTED_EDGE('',*,*,#1227,.F.);
#707=ORIENTED_EDGE('',*,*,#1224,.F.);
#708=ORIENTED_EDGE('',*,*,#1221,.F.);
#709=ORIENTED_EDGE('',*,*,#1218,.F.);
#710=ORIENTED_EDGE('',*,*,#1215,.F.);
#711=ORIENTED_EDGE('',*,*,#1212,.F.);
#712=ORIENTED_EDGE('',*,*,#1209,.F.);
#713=ORIENTED_EDGE('',*,*,#1206,.F.);
#714=ORIENTED_EDGE('',*,*,#1203,.F.);
#715=ORIENTED_EDGE('',*,*,#1200,.F.);
#716=ORIENTED_EDGE('',*,*,#1197,.F.);
#717=ORIENTED_EDGE('',*,*,#1194,.F.);
#718=ORIENTED_EDGE('',*,*,#1191,.F.);
#719=ORIENTED_EDGE('',*,*,#1188,.F.);
#720=ORIENTED_EDGE('',*,*,#1185,.F.);
#721=ORIENTED_EDGE('',*,*,#1388,.F.);
#722=ORIENTED_EDGE('',*,*,#1385,.F.);
#723=ORIENTED_EDGE('',*,*,#1330,.F.);
#724=ORIENTED_EDGE('',*,*,#1384,.F.);
#725=ORIENTED_EDGE('',*,*,#1379,.F.);
#726=ORIENTED_EDGE('',*,*,#1373,.F.);
#727=ORIENTED_EDGE('',*,*,#1370,.F.);
#728=ORIENTED_EDGE('',*,*,#1367,.F.);
#729=ORIENTED_EDGE('',*,*,#1364,.F.);
#730=ORIENTED_EDGE('',*,*,#1361,.F.);
#731=ORIENTED_EDGE('',*,*,#1358,.F.);
#732=ORIENTED_EDGE('',*,*,#1355,.F.);
#733=ORIENTED_EDGE('',*,*,#1314,.F.);
#734=ORIENTED_EDGE('',*,*,#1611,.T.);
#735=ORIENTED_EDGE('',*,*,#1334,.F.);
#736=ORIENTED_EDGE('',*,*,#1612,.F.);
#737=ORIENTED_EDGE('',*,*,#1346,.F.);
#738=ORIENTED_EDGE('',*,*,#1339,.F.);
#739=ORIENTED_EDGE('',*,*,#1347,.T.);
#740=ORIENTED_EDGE('',*,*,#1612,.T.);
#741=ORIENTED_EDGE('',*,*,#1337,.T.);
#742=ORIENTED_EDGE('',*,*,#1613,.F.);
#743=ORIENTED_EDGE('',*,*,#1345,.T.);
#744=ORIENTED_EDGE('',*,*,#1348,.T.);
#745=ORIENTED_EDGE('',*,*,#1613,.T.);
#746=ORIENTED_EDGE('',*,*,#1336,.T.);
#747=ORIENTED_EDGE('',*,*,#1614,.F.);
#748=ORIENTED_EDGE('',*,*,#1614,.T.);
#749=ORIENTED_EDGE('',*,*,#1335,.F.);
#750=ORIENTED_EDGE('',*,*,#1611,.F.);
#751=ORIENTED_EDGE('',*,*,#1338,.F.);
#752=ORIENTED_EDGE('',*,*,#1615,.T.);
#753=ORIENTED_EDGE('',*,*,#1318,.F.);
#754=ORIENTED_EDGE('',*,*,#1616,.F.);
#755=ORIENTED_EDGE('',*,*,#1327,.F.);
#756=ORIENTED_EDGE('',*,*,#1328,.T.);
#757=ORIENTED_EDGE('',*,*,#1616,.T.);
#758=ORIENTED_EDGE('',*,*,#1321,.T.);
#759=ORIENTED_EDGE('',*,*,#1617,.F.);
#760=ORIENTED_EDGE('',*,*,#1329,.T.);
#761=ORIENTED_EDGE('',*,*,#1617,.T.);
#762=ORIENTED_EDGE('',*,*,#1320,.T.);
#763=ORIENTED_EDGE('',*,*,#1618,.F.);
#764=ORIENTED_EDGE('',*,*,#1618,.T.);
#765=ORIENTED_EDGE('',*,*,#1319,.F.);
#766=ORIENTED_EDGE('',*,*,#1615,.F.);
#767=ORIENTED_EDGE('',*,*,#1326,.F.);
#768=ORIENTED_EDGE('',*,*,#1375,.T.);
#769=ORIENTED_EDGE('',*,*,#1378,.T.);
#770=ORIENTED_EDGE('',*,*,#1619,.F.);
#771=ORIENTED_EDGE('',*,*,#1620,.F.);
#772=ORIENTED_EDGE('',*,*,#1621,.F.);
#773=ORIENTED_EDGE('',*,*,#1622,.F.);
#774=ORIENTED_EDGE('',*,*,#1623,.F.);
#775=ORIENTED_EDGE('',*,*,#1624,.F.);
#776=ORIENTED_EDGE('',*,*,#1625,.F.);
#777=ORIENTED_EDGE('',*,*,#1626,.F.);
#778=ORIENTED_EDGE('',*,*,#1627,.F.);
#779=ORIENTED_EDGE('',*,*,#1628,.F.);
#780=ORIENTED_EDGE('',*,*,#1629,.F.);
#781=ORIENTED_EDGE('',*,*,#1630,.F.);
#782=ORIENTED_EDGE('',*,*,#1631,.F.);
#783=ORIENTED_EDGE('',*,*,#1632,.F.);
#784=ORIENTED_EDGE('',*,*,#1633,.F.);
#785=ORIENTED_EDGE('',*,*,#1634,.F.);
#786=ORIENTED_EDGE('',*,*,#1635,.F.);
#787=ORIENTED_EDGE('',*,*,#1636,.F.);
#788=ORIENTED_EDGE('',*,*,#1637,.F.);
#789=ORIENTED_EDGE('',*,*,#1638,.F.);
#790=ORIENTED_EDGE('',*,*,#1639,.F.);
#791=ORIENTED_EDGE('',*,*,#1640,.F.);
#792=ORIENTED_EDGE('',*,*,#1641,.F.);
#793=ORIENTED_EDGE('',*,*,#1642,.F.);
#794=ORIENTED_EDGE('',*,*,#1643,.F.);
#795=ORIENTED_EDGE('',*,*,#1393,.T.);
#796=ORIENTED_EDGE('',*,*,#1397,.T.);
#797=ORIENTED_EDGE('',*,*,#1400,.T.);
#798=ORIENTED_EDGE('',*,*,#1403,.T.);
#799=ORIENTED_EDGE('',*,*,#1406,.T.);
#800=ORIENTED_EDGE('',*,*,#1409,.T.);
#801=ORIENTED_EDGE('',*,*,#1412,.T.);
#802=ORIENTED_EDGE('',*,*,#1415,.T.);
#803=ORIENTED_EDGE('',*,*,#1418,.T.);
#804=ORIENTED_EDGE('',*,*,#1421,.T.);
#805=ORIENTED_EDGE('',*,*,#1424,.T.);
#806=ORIENTED_EDGE('',*,*,#1427,.T.);
#807=ORIENTED_EDGE('',*,*,#1610,.T.);
#808=ORIENTED_EDGE('',*,*,#1353,.T.);
#809=ORIENTED_EDGE('',*,*,#1316,.T.);
#810=ORIENTED_EDGE('',*,*,#1357,.T.);
#811=ORIENTED_EDGE('',*,*,#1360,.T.);
#812=ORIENTED_EDGE('',*,*,#1363,.T.);
#813=ORIENTED_EDGE('',*,*,#1366,.T.);
#814=ORIENTED_EDGE('',*,*,#1369,.T.);
#815=ORIENTED_EDGE('',*,*,#1372,.T.);
#816=ORIENTED_EDGE('',*,*,#1644,.F.);
#817=ORIENTED_EDGE('',*,*,#1381,.T.);
#818=ORIENTED_EDGE('',*,*,#1332,.T.);
#819=ORIENTED_EDGE('',*,*,#1387,.T.);
#820=ORIENTED_EDGE('',*,*,#1390,.T.);
#821=ORIENTED_EDGE('',*,*,#1645,.F.);
#822=ORIENTED_EDGE('',*,*,#1646,.F.);
#823=ORIENTED_EDGE('',*,*,#1647,.F.);
#824=ORIENTED_EDGE('',*,*,#1648,.F.);
#825=ORIENTED_EDGE('',*,*,#1649,.F.);
#826=ORIENTED_EDGE('',*,*,#1293,.T.);
#827=ORIENTED_EDGE('',*,*,#1650,.T.);
#828=ORIENTED_EDGE('',*,*,#1651,.F.);
#829=ORIENTED_EDGE('',*,*,#1652,.F.);
#830=ORIENTED_EDGE('',*,*,#1294,.T.);
#831=ORIENTED_EDGE('',*,*,#1649,.T.);
#832=ORIENTED_EDGE('',*,*,#1653,.F.);
#833=ORIENTED_EDGE('',*,*,#1654,.F.);
#834=ORIENTED_EDGE('',*,*,#1295,.T.);
#835=ORIENTED_EDGE('',*,*,#1652,.T.);
#836=ORIENTED_EDGE('',*,*,#1655,.F.);
#837=ORIENTED_EDGE('',*,*,#1656,.F.);
#838=ORIENTED_EDGE('',*,*,#1297,.T.);
#839=ORIENTED_EDGE('',*,*,#1657,.T.);
#840=ORIENTED_EDGE('',*,*,#1658,.F.);
#841=ORIENTED_EDGE('',*,*,#1659,.F.);
#842=ORIENTED_EDGE('',*,*,#1298,.T.);
#843=ORIENTED_EDGE('',*,*,#1656,.T.);
#844=ORIENTED_EDGE('',*,*,#1660,.F.);
#845=ORIENTED_EDGE('',*,*,#1661,.F.);
#846=ORIENTED_EDGE('',*,*,#1299,.T.);
#847=ORIENTED_EDGE('',*,*,#1659,.T.);
#848=ORIENTED_EDGE('',*,*,#1662,.F.);
#849=ORIENTED_EDGE('',*,*,#1663,.F.);
#850=ORIENTED_EDGE('',*,*,#1300,.T.);
#851=ORIENTED_EDGE('',*,*,#1661,.T.);
#852=ORIENTED_EDGE('',*,*,#1664,.F.);
#853=ORIENTED_EDGE('',*,*,#1665,.F.);
#854=ORIENTED_EDGE('',*,*,#1301,.T.);
#855=ORIENTED_EDGE('',*,*,#1663,.T.);
#856=ORIENTED_EDGE('',*,*,#1666,.F.);
#857=ORIENTED_EDGE('',*,*,#1667,.F.);
#858=ORIENTED_EDGE('',*,*,#1302,.T.);
#859=ORIENTED_EDGE('',*,*,#1665,.T.);
#860=ORIENTED_EDGE('',*,*,#1668,.F.);
#861=ORIENTED_EDGE('',*,*,#1669,.F.);
#862=ORIENTED_EDGE('',*,*,#1303,.T.);
#863=ORIENTED_EDGE('',*,*,#1667,.T.);
#864=ORIENTED_EDGE('',*,*,#1670,.F.);
#865=ORIENTED_EDGE('',*,*,#1671,.F.);
#866=ORIENTED_EDGE('',*,*,#1304,.T.);
#867=ORIENTED_EDGE('',*,*,#1669,.T.);
#868=ORIENTED_EDGE('',*,*,#1672,.F.);
#869=ORIENTED_EDGE('',*,*,#1673,.F.);
#870=ORIENTED_EDGE('',*,*,#1305,.T.);
#871=ORIENTED_EDGE('',*,*,#1671,.T.);
#872=ORIENTED_EDGE('',*,*,#1674,.F.);
#873=ORIENTED_EDGE('',*,*,#1675,.F.);
#874=ORIENTED_EDGE('',*,*,#1306,.T.);
#875=ORIENTED_EDGE('',*,*,#1673,.T.);
#876=ORIENTED_EDGE('',*,*,#1676,.F.);
#877=ORIENTED_EDGE('',*,*,#1677,.F.);
#878=ORIENTED_EDGE('',*,*,#1307,.T.);
#879=ORIENTED_EDGE('',*,*,#1675,.T.);
#880=ORIENTED_EDGE('',*,*,#1292,.T.);
#881=ORIENTED_EDGE('',*,*,#1678,.F.);
#882=ORIENTED_EDGE('',*,*,#1679,.F.);
#883=ORIENTED_EDGE('',*,*,#1650,.F.);
#884=ORIENTED_EDGE('',*,*,#1296,.T.);
#885=ORIENTED_EDGE('',*,*,#1654,.T.);
#886=ORIENTED_EDGE('',*,*,#1680,.F.);
#887=ORIENTED_EDGE('',*,*,#1657,.F.);
#888=ORIENTED_EDGE('',*,*,#1308,.T.);
#889=ORIENTED_EDGE('',*,*,#1677,.T.);
#890=ORIENTED_EDGE('',*,*,#1459,.F.);
#891=ORIENTED_EDGE('',*,*,#1324,.F.);
#892=ORIENTED_EDGE('',*,*,#1462,.F.);
#893=ORIENTED_EDGE('',*,*,#1465,.F.);
#894=ORIENTED_EDGE('',*,*,#1468,.F.);
#895=ORIENTED_EDGE('',*,*,#1471,.F.);
#896=ORIENTED_EDGE('',*,*,#1474,.F.);
#897=ORIENTED_EDGE('',*,*,#1477,.F.);
#898=ORIENTED_EDGE('',*,*,#1480,.F.);
#899=ORIENTED_EDGE('',*,*,#1483,.F.);
#900=ORIENTED_EDGE('',*,*,#1486,.F.);
#901=ORIENTED_EDGE('',*,*,#1489,.F.);
#902=ORIENTED_EDGE('',*,*,#1492,.F.);
#903=ORIENTED_EDGE('',*,*,#1495,.F.);
#904=ORIENTED_EDGE('',*,*,#1498,.F.);
#905=ORIENTED_EDGE('',*,*,#1501,.F.);
#906=ORIENTED_EDGE('',*,*,#1504,.F.);
#907=ORIENTED_EDGE('',*,*,#1507,.F.);
#908=ORIENTED_EDGE('',*,*,#1510,.F.);
#909=ORIENTED_EDGE('',*,*,#1513,.F.);
#910=ORIENTED_EDGE('',*,*,#1516,.F.);
#911=ORIENTED_EDGE('',*,*,#1519,.F.);
#912=ORIENTED_EDGE('',*,*,#1522,.F.);
#913=ORIENTED_EDGE('',*,*,#1525,.F.);
#914=ORIENTED_EDGE('',*,*,#1528,.F.);
#915=ORIENTED_EDGE('',*,*,#1531,.F.);
#916=ORIENTED_EDGE('',*,*,#1534,.F.);
#917=ORIENTED_EDGE('',*,*,#1537,.F.);
#918=ORIENTED_EDGE('',*,*,#1540,.F.);
#919=ORIENTED_EDGE('',*,*,#1543,.F.);
#920=ORIENTED_EDGE('',*,*,#1546,.F.);
#921=ORIENTED_EDGE('',*,*,#1549,.F.);
#922=ORIENTED_EDGE('',*,*,#1552,.F.);
#923=ORIENTED_EDGE('',*,*,#1555,.F.);
#924=ORIENTED_EDGE('',*,*,#1558,.F.);
#925=ORIENTED_EDGE('',*,*,#1561,.F.);
#926=ORIENTED_EDGE('',*,*,#1564,.F.);
#927=ORIENTED_EDGE('',*,*,#1567,.F.);
#928=ORIENTED_EDGE('',*,*,#1570,.F.);
#929=ORIENTED_EDGE('',*,*,#1573,.F.);
#930=ORIENTED_EDGE('',*,*,#1576,.F.);
#931=ORIENTED_EDGE('',*,*,#1579,.F.);
#932=ORIENTED_EDGE('',*,*,#1582,.F.);
#933=ORIENTED_EDGE('',*,*,#1585,.F.);
#934=ORIENTED_EDGE('',*,*,#1588,.F.);
#935=ORIENTED_EDGE('',*,*,#1591,.F.);
#936=ORIENTED_EDGE('',*,*,#1594,.F.);
#937=ORIENTED_EDGE('',*,*,#1597,.F.);
#938=ORIENTED_EDGE('',*,*,#1600,.F.);
#939=ORIENTED_EDGE('',*,*,#1603,.F.);
#940=ORIENTED_EDGE('',*,*,#1606,.F.);
#941=ORIENTED_EDGE('',*,*,#1608,.F.);
#942=ORIENTED_EDGE('',*,*,#1429,.F.);
#943=ORIENTED_EDGE('',*,*,#1341,.F.);
#944=ORIENTED_EDGE('',*,*,#1351,.F.);
#945=ORIENTED_EDGE('',*,*,#1433,.F.);
#946=ORIENTED_EDGE('',*,*,#1436,.F.);
#947=ORIENTED_EDGE('',*,*,#1439,.F.);
#948=ORIENTED_EDGE('',*,*,#1442,.F.);
#949=ORIENTED_EDGE('',*,*,#1445,.F.);
#950=ORIENTED_EDGE('',*,*,#1448,.F.);
#951=ORIENTED_EDGE('',*,*,#1451,.F.);
#952=ORIENTED_EDGE('',*,*,#1454,.F.);
#953=ORIENTED_EDGE('',*,*,#1457,.F.);
#954=ORIENTED_EDGE('',*,*,#1655,.T.);
#955=ORIENTED_EDGE('',*,*,#1680,.T.);
#956=ORIENTED_EDGE('',*,*,#1676,.T.);
#957=ORIENTED_EDGE('',*,*,#1674,.T.);
#958=ORIENTED_EDGE('',*,*,#1672,.T.);
#959=ORIENTED_EDGE('',*,*,#1670,.T.);
#960=ORIENTED_EDGE('',*,*,#1668,.T.);
#961=ORIENTED_EDGE('',*,*,#1666,.T.);
#962=ORIENTED_EDGE('',*,*,#1664,.T.);
#963=ORIENTED_EDGE('',*,*,#1662,.T.);
#964=ORIENTED_EDGE('',*,*,#1660,.T.);
#965=ORIENTED_EDGE('',*,*,#1658,.T.);
#966=ORIENTED_EDGE('',*,*,#1648,.T.);
#967=ORIENTED_EDGE('',*,*,#1679,.T.);
#968=ORIENTED_EDGE('',*,*,#1653,.T.);
#969=ORIENTED_EDGE('',*,*,#1651,.T.);
#970=ORIENTED_EDGE('',*,*,#1678,.T.);
#971=ORIENTED_EDGE('',*,*,#1309,.F.);
#972=ORIENTED_EDGE('',*,*,#1681,.F.);
#973=ORIENTED_EDGE('',*,*,#1682,.T.);
#974=ORIENTED_EDGE('',*,*,#1683,.T.);
#975=ORIENTED_EDGE('',*,*,#1313,.T.);
#976=ORIENTED_EDGE('',*,*,#1684,.F.);
#977=ORIENTED_EDGE('',*,*,#1685,.F.);
#978=ORIENTED_EDGE('',*,*,#1681,.T.);
#979=ORIENTED_EDGE('',*,*,#1312,.T.);
#980=ORIENTED_EDGE('',*,*,#1686,.F.);
#981=ORIENTED_EDGE('',*,*,#1687,.F.);
#982=ORIENTED_EDGE('',*,*,#1684,.T.);
#983=ORIENTED_EDGE('',*,*,#1311,.T.);
#984=ORIENTED_EDGE('',*,*,#1688,.F.);
#985=ORIENTED_EDGE('',*,*,#1689,.F.);
#986=ORIENTED_EDGE('',*,*,#1686,.T.);
#987=ORIENTED_EDGE('',*,*,#1690,.F.);
#988=ORIENTED_EDGE('',*,*,#1691,.T.);
#989=ORIENTED_EDGE('',*,*,#1310,.F.);
#990=ORIENTED_EDGE('',*,*,#1683,.F.);
#991=ORIENTED_EDGE('',*,*,#1692,.T.);
#992=ORIENTED_EDGE('',*,*,#1688,.T.);
#993=ORIENTED_EDGE('',*,*,#1690,.T.);
#994=ORIENTED_EDGE('',*,*,#1682,.F.);
#995=ORIENTED_EDGE('',*,*,#1685,.T.);
#996=ORIENTED_EDGE('',*,*,#1687,.T.);
#997=ORIENTED_EDGE('',*,*,#1689,.T.);
#998=ORIENTED_EDGE('',*,*,#1692,.F.);
#999=ORIENTED_EDGE('',*,*,#1394,.F.);
#1000=ORIENTED_EDGE('',*,*,#1643,.T.);
#1001=ORIENTED_EDGE('',*,*,#1693,.T.);
#1002=ORIENTED_EDGE('',*,*,#1694,.F.);
#1003=ORIENTED_EDGE('',*,*,#1691,.F.);
#1004=ORIENTED_EDGE('',*,*,#1695,.T.);
#1005=ORIENTED_EDGE('',*,*,#1376,.T.);
#1006=ORIENTED_EDGE('',*,*,#1383,.T.);
#1007=ORIENTED_EDGE('',*,*,#1696,.T.);
#1008=ORIENTED_EDGE('',*,*,#1697,.T.);
#1009=ORIENTED_EDGE('',*,*,#1698,.T.);
#1010=ORIENTED_EDGE('',*,*,#1699,.T.);
#1011=ORIENTED_EDGE('',*,*,#1183,.T.);
#1012=ORIENTED_EDGE('',*,*,#1187,.T.);
#1013=ORIENTED_EDGE('',*,*,#1190,.T.);
#1014=ORIENTED_EDGE('',*,*,#1193,.T.);
#1015=ORIENTED_EDGE('',*,*,#1196,.T.);
#1016=ORIENTED_EDGE('',*,*,#1199,.T.);
#1017=ORIENTED_EDGE('',*,*,#1202,.T.);
#1018=ORIENTED_EDGE('',*,*,#1205,.T.);
#1019=ORIENTED_EDGE('',*,*,#1208,.T.);
#1020=ORIENTED_EDGE('',*,*,#1211,.T.);
#1021=ORIENTED_EDGE('',*,*,#1214,.T.);
#1022=ORIENTED_EDGE('',*,*,#1217,.T.);
#1023=ORIENTED_EDGE('',*,*,#1220,.T.);
#1024=ORIENTED_EDGE('',*,*,#1223,.T.);
#1025=ORIENTED_EDGE('',*,*,#1226,.T.);
#1026=ORIENTED_EDGE('',*,*,#1229,.T.);
#1027=ORIENTED_EDGE('',*,*,#1232,.T.);
#1028=ORIENTED_EDGE('',*,*,#1235,.T.);
#1029=ORIENTED_EDGE('',*,*,#1238,.T.);
#1030=ORIENTED_EDGE('',*,*,#1241,.T.);
#1031=ORIENTED_EDGE('',*,*,#1244,.T.);
#1032=ORIENTED_EDGE('',*,*,#1247,.T.);
#1033=ORIENTED_EDGE('',*,*,#1250,.T.);
#1034=ORIENTED_EDGE('',*,*,#1253,.T.);
#1035=ORIENTED_EDGE('',*,*,#1256,.T.);
#1036=ORIENTED_EDGE('',*,*,#1259,.T.);
#1037=ORIENTED_EDGE('',*,*,#1262,.T.);
#1038=ORIENTED_EDGE('',*,*,#1265,.T.);
#1039=ORIENTED_EDGE('',*,*,#1268,.T.);
#1040=ORIENTED_EDGE('',*,*,#1271,.T.);
#1041=ORIENTED_EDGE('',*,*,#1274,.T.);
#1042=ORIENTED_EDGE('',*,*,#1277,.T.);
#1043=ORIENTED_EDGE('',*,*,#1280,.T.);
#1044=ORIENTED_EDGE('',*,*,#1283,.T.);
#1045=ORIENTED_EDGE('',*,*,#1286,.T.);
#1046=ORIENTED_EDGE('',*,*,#1290,.T.);
#1047=ORIENTED_EDGE('',*,*,#1694,.T.);
#1048=ORIENTED_EDGE('',*,*,#1700,.T.);
#1049=ORIENTED_EDGE('',*,*,#1701,.T.);
#1050=ORIENTED_EDGE('',*,*,#1702,.T.);
#1051=ORIENTED_EDGE('',*,*,#1703,.T.);
#1052=ORIENTED_EDGE('',*,*,#1704,.T.);
#1053=ORIENTED_EDGE('',*,*,#1705,.T.);
#1054=ORIENTED_EDGE('',*,*,#1706,.T.);
#1055=ORIENTED_EDGE('',*,*,#1707,.T.);
#1056=ORIENTED_EDGE('',*,*,#1708,.T.);
#1057=ORIENTED_EDGE('',*,*,#1709,.T.);
#1058=ORIENTED_EDGE('',*,*,#1710,.T.);
#1059=ORIENTED_EDGE('',*,*,#1711,.T.);
#1060=ORIENTED_EDGE('',*,*,#1712,.T.);
#1061=ORIENTED_EDGE('',*,*,#1713,.T.);
#1062=ORIENTED_EDGE('',*,*,#1714,.T.);
#1063=ORIENTED_EDGE('',*,*,#1715,.T.);
#1064=ORIENTED_EDGE('',*,*,#1716,.T.);
#1065=ORIENTED_EDGE('',*,*,#1717,.T.);
#1066=ORIENTED_EDGE('',*,*,#1718,.T.);
#1067=ORIENTED_EDGE('',*,*,#1719,.T.);
#1068=ORIENTED_EDGE('',*,*,#1720,.T.);
#1069=ORIENTED_EDGE('',*,*,#1721,.T.);
#1070=ORIENTED_EDGE('',*,*,#1722,.T.);
#1071=ORIENTED_EDGE('',*,*,#1723,.F.);
#1072=ORIENTED_EDGE('',*,*,#1619,.T.);
#1073=ORIENTED_EDGE('',*,*,#1377,.F.);
#1074=ORIENTED_EDGE('',*,*,#1695,.F.);
#1075=ORIENTED_EDGE('',*,*,#1724,.F.);
#1076=ORIENTED_EDGE('',*,*,#1645,.T.);
#1077=ORIENTED_EDGE('',*,*,#1389,.T.);
#1078=ORIENTED_EDGE('',*,*,#1699,.F.);
#1079=ORIENTED_EDGE('',*,*,#1693,.F.);
#1080=ORIENTED_EDGE('',*,*,#1642,.T.);
#1081=ORIENTED_EDGE('',*,*,#1725,.T.);
#1082=ORIENTED_EDGE('',*,*,#1700,.F.);
#1083=ORIENTED_EDGE('',*,*,#1725,.F.);
#1084=ORIENTED_EDGE('',*,*,#1641,.T.);
#1085=ORIENTED_EDGE('',*,*,#1726,.T.);
#1086=ORIENTED_EDGE('',*,*,#1701,.F.);
#1087=ORIENTED_EDGE('',*,*,#1726,.F.);
#1088=ORIENTED_EDGE('',*,*,#1640,.T.);
#1089=ORIENTED_EDGE('',*,*,#1727,.T.);
#1090=ORIENTED_EDGE('',*,*,#1702,.F.);
#1091=ORIENTED_EDGE('',*,*,#1727,.F.);
#1092=ORIENTED_EDGE('',*,*,#1639,.T.);
#1093=ORIENTED_EDGE('',*,*,#1728,.T.);
#1094=ORIENTED_EDGE('',*,*,#1703,.F.);
#1095=ORIENTED_EDGE('',*,*,#1728,.F.);
#1096=ORIENTED_EDGE('',*,*,#1638,.T.);
#1097=ORIENTED_EDGE('',*,*,#1729,.T.);
#1098=ORIENTED_EDGE('',*,*,#1704,.F.);
#1099=ORIENTED_EDGE('',*,*,#1729,.F.);
#1100=ORIENTED_EDGE('',*,*,#1637,.T.);
#1101=ORIENTED_EDGE('',*,*,#1730,.T.);
#1102=ORIENTED_EDGE('',*,*,#1705,.F.);
#1103=ORIENTED_EDGE('',*,*,#1730,.F.);
#1104=ORIENTED_EDGE('',*,*,#1636,.T.);
#1105=ORIENTED_EDGE('',*,*,#1731,.T.);
#1106=ORIENTED_EDGE('',*,*,#1706,.F.);
#1107=ORIENTED_EDGE('',*,*,#1731,.F.);
#1108=ORIENTED_EDGE('',*,*,#1635,.T.);
#1109=ORIENTED_EDGE('',*,*,#1732,.T.);
#1110=ORIENTED_EDGE('',*,*,#1707,.F.);
#1111=ORIENTED_EDGE('',*,*,#1732,.F.);
#1112=ORIENTED_EDGE('',*,*,#1634,.T.);
#1113=ORIENTED_EDGE('',*,*,#1733,.T.);
#1114=ORIENTED_EDGE('',*,*,#1708,.F.);
#1115=ORIENTED_EDGE('',*,*,#1733,.F.);
#1116=ORIENTED_EDGE('',*,*,#1633,.T.);
#1117=ORIENTED_EDGE('',*,*,#1734,.T.);
#1118=ORIENTED_EDGE('',*,*,#1709,.F.);
#1119=ORIENTED_EDGE('',*,*,#1734,.F.);
#1120=ORIENTED_EDGE('',*,*,#1632,.T.);
#1121=ORIENTED_EDGE('',*,*,#1735,.T.);
#1122=ORIENTED_EDGE('',*,*,#1710,.F.);
#1123=ORIENTED_EDGE('',*,*,#1735,.F.);
#1124=ORIENTED_EDGE('',*,*,#1631,.T.);
#1125=ORIENTED_EDGE('',*,*,#1736,.T.);
#1126=ORIENTED_EDGE('',*,*,#1711,.F.);
#1127=ORIENTED_EDGE('',*,*,#1736,.F.);
#1128=ORIENTED_EDGE('',*,*,#1630,.T.);
#1129=ORIENTED_EDGE('',*,*,#1737,.T.);
#1130=ORIENTED_EDGE('',*,*,#1712,.F.);
#1131=ORIENTED_EDGE('',*,*,#1737,.F.);
#1132=ORIENTED_EDGE('',*,*,#1629,.T.);
#1133=ORIENTED_EDGE('',*,*,#1738,.T.);
#1134=ORIENTED_EDGE('',*,*,#1713,.F.);
#1135=ORIENTED_EDGE('',*,*,#1738,.F.);
#1136=ORIENTED_EDGE('',*,*,#1628,.T.);
#1137=ORIENTED_EDGE('',*,*,#1739,.T.);
#1138=ORIENTED_EDGE('',*,*,#1714,.F.);
#1139=ORIENTED_EDGE('',*,*,#1739,.F.);
#1140=ORIENTED_EDGE('',*,*,#1627,.T.);
#1141=ORIENTED_EDGE('',*,*,#1740,.T.);
#1142=ORIENTED_EDGE('',*,*,#1715,.F.);
#1143=ORIENTED_EDGE('',*,*,#1740,.F.);
#1144=ORIENTED_EDGE('',*,*,#1626,.T.);
#1145=ORIENTED_EDGE('',*,*,#1741,.T.);
#1146=ORIENTED_EDGE('',*,*,#1716,.F.);
#1147=ORIENTED_EDGE('',*,*,#1741,.F.);
#1148=ORIENTED_EDGE('',*,*,#1625,.T.);
#1149=ORIENTED_EDGE('',*,*,#1742,.T.);
#1150=ORIENTED_EDGE('',*,*,#1717,.F.);
#1151=ORIENTED_EDGE('',*,*,#1742,.F.);
#1152=ORIENTED_EDGE('',*,*,#1624,.T.);
#1153=ORIENTED_EDGE('',*,*,#1743,.T.);
#1154=ORIENTED_EDGE('',*,*,#1718,.F.);
#1155=ORIENTED_EDGE('',*,*,#1743,.F.);
#1156=ORIENTED_EDGE('',*,*,#1623,.T.);
#1157=ORIENTED_EDGE('',*,*,#1744,.T.);
#1158=ORIENTED_EDGE('',*,*,#1719,.F.);
#1159=ORIENTED_EDGE('',*,*,#1744,.F.);
#1160=ORIENTED_EDGE('',*,*,#1622,.T.);
#1161=ORIENTED_EDGE('',*,*,#1745,.T.);
#1162=ORIENTED_EDGE('',*,*,#1720,.F.);
#1163=ORIENTED_EDGE('',*,*,#1745,.F.);
#1164=ORIENTED_EDGE('',*,*,#1621,.T.);
#1165=ORIENTED_EDGE('',*,*,#1746,.T.);
#1166=ORIENTED_EDGE('',*,*,#1721,.F.);
#1167=ORIENTED_EDGE('',*,*,#1746,.F.);
#1168=ORIENTED_EDGE('',*,*,#1620,.T.);
#1169=ORIENTED_EDGE('',*,*,#1723,.T.);
#1170=ORIENTED_EDGE('',*,*,#1722,.F.);
#1171=ORIENTED_EDGE('',*,*,#1382,.F.);
#1172=ORIENTED_EDGE('',*,*,#1644,.T.);
#1173=ORIENTED_EDGE('',*,*,#1747,.T.);
#1174=ORIENTED_EDGE('',*,*,#1696,.F.);
#1175=ORIENTED_EDGE('',*,*,#1747,.F.);
#1176=ORIENTED_EDGE('',*,*,#1647,.T.);
#1177=ORIENTED_EDGE('',*,*,#1748,.T.);
#1178=ORIENTED_EDGE('',*,*,#1697,.F.);
#1179=ORIENTED_EDGE('',*,*,#1748,.F.);
#1180=ORIENTED_EDGE('',*,*,#1646,.T.);
#1181=ORIENTED_EDGE('',*,*,#1724,.T.);
#1182=ORIENTED_EDGE('',*,*,#1698,.F.);
#1183=EDGE_CURVE('',#1749,#1750,#2127,.T.);
#1184=EDGE_CURVE('',#1749,#1751,#2128,.T.);
#1185=EDGE_CURVE('',#1751,#1752,#2129,.T.);
#1186=EDGE_CURVE('',#1750,#1752,#2130,.T.);
#1187=EDGE_CURVE('',#1750,#1753,#2131,.T.);
#1188=EDGE_CURVE('',#1752,#1754,#2132,.T.);
#1189=EDGE_CURVE('',#1753,#1754,#2133,.T.);
#1190=EDGE_CURVE('',#1753,#1755,#2134,.T.);
#1191=EDGE_CURVE('',#1754,#1756,#2135,.T.);
#1192=EDGE_CURVE('',#1755,#1756,#2136,.T.);
#1193=EDGE_CURVE('',#1755,#1757,#2137,.T.);
#1194=EDGE_CURVE('',#1756,#1758,#2138,.T.);
#1195=EDGE_CURVE('',#1757,#1758,#2139,.T.);
#1196=EDGE_CURVE('',#1757,#1759,#2140,.T.);
#1197=EDGE_CURVE('',#1758,#1760,#2141,.T.);
#1198=EDGE_CURVE('',#1759,#1760,#2142,.T.);
#1199=EDGE_CURVE('',#1759,#1761,#2143,.T.);
#1200=EDGE_CURVE('',#1760,#1762,#2144,.T.);
#1201=EDGE_CURVE('',#1761,#1762,#2145,.T.);
#1202=EDGE_CURVE('',#1761,#1763,#2146,.T.);
#1203=EDGE_CURVE('',#1762,#1764,#2147,.T.);
#1204=EDGE_CURVE('',#1763,#1764,#2148,.T.);
#1205=EDGE_CURVE('',#1763,#1765,#2149,.T.);
#1206=EDGE_CURVE('',#1764,#1766,#2150,.T.);
#1207=EDGE_CURVE('',#1765,#1766,#2151,.T.);
#1208=EDGE_CURVE('',#1765,#1767,#2152,.T.);
#1209=EDGE_CURVE('',#1766,#1768,#2153,.T.);
#1210=EDGE_CURVE('',#1767,#1768,#2154,.T.);
#1211=EDGE_CURVE('',#1767,#1769,#2155,.T.);
#1212=EDGE_CURVE('',#1768,#1770,#2156,.T.);
#1213=EDGE_CURVE('',#1769,#1770,#2157,.T.);
#1214=EDGE_CURVE('',#1769,#1771,#2158,.T.);
#1215=EDGE_CURVE('',#1770,#1772,#2159,.T.);
#1216=EDGE_CURVE('',#1771,#1772,#2160,.T.);
#1217=EDGE_CURVE('',#1771,#1773,#2161,.T.);
#1218=EDGE_CURVE('',#1772,#1774,#2162,.T.);
#1219=EDGE_CURVE('',#1773,#1774,#2163,.T.);
#1220=EDGE_CURVE('',#1773,#1775,#2164,.T.);
#1221=EDGE_CURVE('',#1774,#1776,#2165,.T.);
#1222=EDGE_CURVE('',#1775,#1776,#2166,.T.);
#1223=EDGE_CURVE('',#1775,#1777,#2167,.T.);
#1224=EDGE_CURVE('',#1776,#1778,#2168,.T.);
#1225=EDGE_CURVE('',#1777,#1778,#2169,.T.);
#1226=EDGE_CURVE('',#1777,#1779,#2170,.T.);
#1227=EDGE_CURVE('',#1778,#1780,#2171,.T.);
#1228=EDGE_CURVE('',#1779,#1780,#2172,.T.);
#1229=EDGE_CURVE('',#1779,#1781,#2173,.T.);
#1230=EDGE_CURVE('',#1780,#1782,#2174,.T.);
#1231=EDGE_CURVE('',#1781,#1782,#2175,.T.);
#1232=EDGE_CURVE('',#1781,#1783,#2176,.T.);
#1233=EDGE_CURVE('',#1782,#1784,#2177,.T.);
#1234=EDGE_CURVE('',#1783,#1784,#2178,.T.);
#1235=EDGE_CURVE('',#1783,#1785,#2179,.T.);
#1236=EDGE_CURVE('',#1784,#1786,#2180,.T.);
#1237=EDGE_CURVE('',#1785,#1786,#2181,.T.);
#1238=EDGE_CURVE('',#1785,#1787,#2182,.T.);
#1239=EDGE_CURVE('',#1786,#1788,#2183,.T.);
#1240=EDGE_CURVE('',#1787,#1788,#2184,.T.);
#1241=EDGE_CURVE('',#1787,#1789,#2185,.T.);
#1242=EDGE_CURVE('',#1788,#1790,#2186,.T.);
#1243=EDGE_CURVE('',#1789,#1790,#2187,.T.);
#1244=EDGE_CURVE('',#1789,#1791,#2188,.T.);
#1245=EDGE_CURVE('',#1790,#1792,#2189,.T.);
#1246=EDGE_CURVE('',#1791,#1792,#2190,.T.);
#1247=EDGE_CURVE('',#1791,#1793,#2191,.T.);
#1248=EDGE_CURVE('',#1792,#1794,#2192,.T.);
#1249=EDGE_CURVE('',#1793,#1794,#2193,.T.);
#1250=EDGE_CURVE('',#1793,#1795,#2194,.T.);
#1251=EDGE_CURVE('',#1794,#1796,#2195,.T.);
#1252=EDGE_CURVE('',#1795,#1796,#2196,.T.);
#1253=EDGE_CURVE('',#1795,#1797,#2197,.T.);
#1254=EDGE_CURVE('',#1796,#1798,#2198,.T.);
#1255=EDGE_CURVE('',#1797,#1798,#2199,.T.);
#1256=EDGE_CURVE('',#1797,#1799,#2200,.T.);
#1257=EDGE_CURVE('',#1798,#1800,#2201,.T.);
#1258=EDGE_CURVE('',#1799,#1800,#2202,.T.);
#1259=EDGE_CURVE('',#1799,#1801,#2203,.T.);
#1260=EDGE_CURVE('',#1800,#1802,#2204,.T.);
#1261=EDGE_CURVE('',#1801,#1802,#2205,.T.);
#1262=EDGE_CURVE('',#1801,#1803,#12,.T.);
#1263=EDGE_CURVE('',#1802,#1804,#13,.T.);
#1264=EDGE_CURVE('',#1803,#1804,#2206,.T.);
#1265=EDGE_CURVE('',#1803,#1805,#14,.F.);
#1266=EDGE_CURVE('',#1804,#1806,#15,.T.);
#1267=EDGE_CURVE('',#1805,#1806,#2207,.T.);
#1268=EDGE_CURVE('',#1805,#1807,#2208,.T.);
#1269=EDGE_CURVE('',#1806,#1808,#2209,.T.);
#1270=EDGE_CURVE('',#1807,#1808,#2210,.T.);
#1271=EDGE_CURVE('',#1807,#1809,#2211,.T.);
#1272=EDGE_CURVE('',#1808,#1810,#2212,.T.);
#1273=EDGE_CURVE('',#1809,#1810,#2213,.T.);
#1274=EDGE_CURVE('',#1809,#1811,#2214,.T.);
#1275=EDGE_CURVE('',#1810,#1812,#2215,.T.);
#1276=EDGE_CURVE('',#1811,#1812,#2216,.T.);
#1277=EDGE_CURVE('',#1811,#1813,#2217,.T.);
#1278=EDGE_CURVE('',#1812,#1814,#2218,.T.);
#1279=EDGE_CURVE('',#1813,#1814,#2219,.T.);
#1280=EDGE_CURVE('',#1813,#1815,#2220,.T.);
#1281=EDGE_CURVE('',#1814,#1816,#2221,.T.);
#1282=EDGE_CURVE('',#1815,#1816,#2222,.T.);
#1283=EDGE_CURVE('',#1815,#1817,#2223,.T.);
#1284=EDGE_CURVE('',#1816,#1818,#2224,.T.);
#1285=EDGE_CURVE('',#1817,#1818,#2225,.T.);
#1286=EDGE_CURVE('',#1817,#1819,#2226,.T.);
#1287=EDGE_CURVE('',#1818,#1820,#2227,.T.);
#1288=EDGE_CURVE('',#1819,#1820,#2228,.T.);
#1289=EDGE_CURVE('',#1821,#1822,#2229,.T.);
#1290=EDGE_CURVE('',#1819,#1821,#2230,.T.);
#1291=EDGE_CURVE('',#1820,#1822,#2231,.T.);
#1292=EDGE_CURVE('',#1823,#1823,#16,.T.);
#1293=EDGE_CURVE('',#1824,#1825,#2232,.T.);
#1294=EDGE_CURVE('',#1826,#1824,#2233,.T.);
#1295=EDGE_CURVE('',#1827,#1826,#2234,.T.);
#1296=EDGE_CURVE('',#1825,#1827,#17,.T.);
#1297=EDGE_CURVE('',#1828,#1829,#2235,.T.);
#1298=EDGE_CURVE('',#1830,#1828,#2236,.T.);
#1299=EDGE_CURVE('',#1831,#1830,#18,.T.);
#1300=EDGE_CURVE('',#1832,#1831,#2237,.T.);
#1301=EDGE_CURVE('',#1833,#1832,#2238,.T.);
#1302=EDGE_CURVE('',#1834,#1833,#2239,.T.);
#1303=EDGE_CURVE('',#1835,#1834,#2240,.T.);
#1304=EDGE_CURVE('',#1836,#1835,#2241,.T.);
#1305=EDGE_CURVE('',#1837,#1836,#2242,.T.);
#1306=EDGE_CURVE('',#1838,#1837,#2243,.T.);
#1307=EDGE_CURVE('',#1839,#1838,#2244,.T.);
#1308=EDGE_CURVE('',#1829,#1839,#2245,.T.);
#1309=EDGE_CURVE('',#1840,#1841,#19,.T.);
#1310=EDGE_CURVE('',#1841,#1842,#20,.T.);
#1311=EDGE_CURVE('',#1843,#1842,#2246,.T.);
#1312=EDGE_CURVE('',#1844,#1843,#21,.T.);
#1313=EDGE_CURVE('',#1840,#1844,#2247,.T.);
#1314=EDGE_CURVE('',#1845,#1846,#2248,.T.);
#1315=EDGE_CURVE('',#1847,#1846,#2249,.T.);
#1316=EDGE_CURVE('',#1848,#1847,#2250,.T.);
#1317=EDGE_CURVE('',#1848,#1845,#2251,.T.);
#1318=EDGE_CURVE('',#1849,#1850,#2252,.T.);
#1319=EDGE_CURVE('',#1850,#1851,#2253,.T.);
#1320=EDGE_CURVE('',#1852,#1851,#2254,.T.);
#1321=EDGE_CURVE('',#1849,#1852,#2255,.T.);
#1322=EDGE_CURVE('',#1853,#1854,#2256,.T.);
#1323=EDGE_CURVE('',#1855,#1853,#2257,.T.);
#1324=EDGE_CURVE('',#1855,#1856,#2258,.T.);
#1325=EDGE_CURVE('',#1856,#1854,#2259,.T.);
#1326=EDGE_CURVE('',#1857,#1858,#2260,.T.);
#1327=EDGE_CURVE('',#1858,#1859,#2261,.T.);
#1328=EDGE_CURVE('',#1860,#1859,#2262,.T.);
#1329=EDGE_CURVE('',#1857,#1860,#2263,.T.);
#1330=EDGE_CURVE('',#1861,#1862,#2264,.T.);
#1331=EDGE_CURVE('',#1863,#1862,#2265,.T.);
#1332=EDGE_CURVE('',#1864,#1863,#2266,.T.);
#1333=EDGE_CURVE('',#1864,#1861,#2267,.T.);
#1334=EDGE_CURVE('',#1865,#1866,#2268,.T.);
#1335=EDGE_CURVE('',#1866,#1867,#2269,.T.);
#1336=EDGE_CURVE('',#1868,#1867,#2270,.T.);
#1337=EDGE_CURVE('',#1865,#1868,#2271,.T.);
#1338=EDGE_CURVE('',#1869,#1870,#2272,.T.);
#1339=EDGE_CURVE('',#1870,#1871,#2273,.T.);
#1340=EDGE_CURVE('',#1872,#1871,#2274,.T.);
#1341=EDGE_CURVE('',#1872,#1873,#2275,.T.);
#1342=EDGE_CURVE('',#1873,#1874,#2276,.T.);
#1343=EDGE_CURVE('',#1875,#1874,#2277,.T.);
#1344=EDGE_CURVE('',#1876,#1875,#2278,.T.);
#1345=EDGE_CURVE('',#1869,#1876,#2279,.T.);
#1346=EDGE_CURVE('',#1871,#1877,#2280,.T.);
#1347=EDGE_CURVE('',#1878,#1877,#2281,.T.);
#1348=EDGE_CURVE('',#1876,#1878,#2282,.T.);
#1349=EDGE_CURVE('',#1879,#1875,#2283,.T.);
#1350=EDGE_CURVE('',#1880,#1879,#2284,.T.);
#1351=EDGE_CURVE('',#1880,#1872,#2285,.T.);
#1352=EDGE_CURVE('',#1881,#1845,#2286,.T.);
#1353=EDGE_CURVE('',#1882,#1848,#2287,.T.);
#1354=EDGE_CURVE('',#1882,#1881,#2288,.T.);
#1355=EDGE_CURVE('',#1846,#1883,#2289,.T.);
#1356=EDGE_CURVE('',#1884,#1883,#2290,.T.);
#1357=EDGE_CURVE('',#1847,#1884,#2291,.T.);
#1358=EDGE_CURVE('',#1883,#1885,#2292,.T.);
#1359=EDGE_CURVE('',#1886,#1885,#2293,.T.);
#1360=EDGE_CURVE('',#1884,#1886,#2294,.T.);
#1361=EDGE_CURVE('',#1885,#1887,#2295,.T.);
#1362=EDGE_CURVE('',#1888,#1887,#2296,.T.);
#1363=EDGE_CURVE('',#1886,#1888,#2297,.T.);
#1364=EDGE_CURVE('',#1887,#1889,#2298,.T.);
#1365=EDGE_CURVE('',#1890,#1889,#2299,.T.);
#1366=EDGE_CURVE('',#1888,#1890,#2300,.T.);
#1367=EDGE_CURVE('',#1889,#1891,#2301,.T.);
#1368=EDGE_CURVE('',#1892,#1891,#2302,.T.);
#1369=EDGE_CURVE('',#1890,#1892,#2303,.T.);
#1370=EDGE_CURVE('',#1891,#1893,#2304,.T.);
#1371=EDGE_CURVE('',#1894,#1893,#2305,.T.);
#1372=EDGE_CURVE('',#1892,#1894,#2306,.T.);
#1373=EDGE_CURVE('',#1893,#1895,#22,.T.);
#1374=EDGE_CURVE('',#1896,#1895,#2307,.T.);
#1375=EDGE_CURVE('',#1894,#1896,#23,.T.);
#1376=EDGE_CURVE('',#1897,#1898,#2308,.T.);
#1377=EDGE_CURVE('',#1897,#1899,#2309,.F.);
#1378=EDGE_CURVE('',#1896,#1899,#2310,.T.);
#1379=EDGE_CURVE('',#1895,#1900,#2311,.T.);
#1380=EDGE_CURVE('',#1898,#1900,#2312,.T.);
#1381=EDGE_CURVE('',#1901,#1864,#2313,.T.);
#1382=EDGE_CURVE('',#1901,#1902,#2314,.F.);
#1383=EDGE_CURVE('',#1898,#1902,#2315,.T.);
#1384=EDGE_CURVE('',#1900,#1861,#2316,.T.);
#1385=EDGE_CURVE('',#1862,#1903,#2317,.T.);
#1386=EDGE_CURVE('',#1904,#1903,#2318,.T.);
#1387=EDGE_CURVE('',#1863,#1904,#2319,.T.);
#1388=EDGE_CURVE('',#1903,#1751,#2320,.T.);
#1389=EDGE_CURVE('',#1905,#1749,#2321,.T.);
#1390=EDGE_CURVE('',#1904,#1905,#2322,.T.);
#1391=EDGE_CURVE('',#1822,#1906,#2323,.T.);
#1392=EDGE_CURVE('',#1907,#1906,#2324,.T.);
#1393=EDGE_CURVE('',#1908,#1907,#2325,.T.);
#1394=EDGE_CURVE('',#1908,#1821,#2326,.T.);
#1395=EDGE_CURVE('',#1906,#1909,#2327,.T.);
#1396=EDGE_CURVE('',#1910,#1909,#2328,.T.);
#1397=EDGE_CURVE('',#1907,#1910,#2329,.T.);
#1398=EDGE_CURVE('',#1909,#1911,#2330,.T.);
#1399=EDGE_CURVE('',#1912,#1911,#2331,.T.);
#1400=EDGE_CURVE('',#1910,#1912,#2332,.T.);
#1401=EDGE_CURVE('',#1911,#1913,#2333,.T.);
#1402=EDGE_CURVE('',#1914,#1913,#2334,.T.);
#1403=EDGE_CURVE('',#1912,#1914,#2335,.T.);
#1404=EDGE_CURVE('',#1913,#1915,#2336,.T.);
#1405=EDGE_CURVE('',#1916,#1915,#2337,.T.);
#1406=EDGE_CURVE('',#1914,#1916,#2338,.T.);
#1407=EDGE_CURVE('',#1915,#1917,#2339,.T.);
#1408=EDGE_CURVE('',#1918,#1917,#2340,.T.);
#1409=EDGE_CURVE('',#1916,#1918,#2341,.T.);
#1410=EDGE_CURVE('',#1917,#1919,#2342,.T.);
#1411=EDGE_CURVE('',#1920,#1919,#2343,.T.);
#1412=EDGE_CURVE('',#1918,#1920,#2344,.T.);
#1413=EDGE_CURVE('',#1919,#1921,#2345,.T.);
#1414=EDGE_CURVE('',#1922,#1921,#2346,.T.);
#1415=EDGE_CURVE('',#1920,#1922,#2347,.T.);
#1416=EDGE_CURVE('',#1921,#1923,#2348,.T.);
#1417=EDGE_CURVE('',#1924,#1923,#2349,.T.);
#1418=EDGE_CURVE('',#1922,#1924,#2350,.T.);
#1419=EDGE_CURVE('',#1923,#1925,#2351,.T.);
#1420=EDGE_CURVE('',#1926,#1925,#2352,.T.);
#1421=EDGE_CURVE('',#1924,#1926,#2353,.T.);
#1422=EDGE_CURVE('',#1925,#1927,#2354,.T.);
#1423=EDGE_CURVE('',#1928,#1927,#2355,.T.);
#1424=EDGE_CURVE('',#1926,#1928,#2356,.T.);
#1425=EDGE_CURVE('',#1927,#1929,#2357,.T.);
#1426=EDGE_CURVE('',#1930,#1929,#2358,.T.);
#1427=EDGE_CURVE('',#1928,#1930,#2359,.T.);
#1428=EDGE_CURVE('',#1874,#1931,#2360,.T.);
#1429=EDGE_CURVE('',#1873,#1932,#2361,.T.);
#1430=EDGE_CURVE('',#1932,#1931,#2362,.T.);
#1431=EDGE_CURVE('',#1933,#1879,#2363,.T.);
#1432=EDGE_CURVE('',#1934,#1933,#2364,.T.);
#1433=EDGE_CURVE('',#1934,#1880,#2365,.T.);
#1434=EDGE_CURVE('',#1935,#1933,#2366,.T.);
#1435=EDGE_CURVE('',#1936,#1935,#2367,.T.);
#1436=EDGE_CURVE('',#1936,#1934,#2368,.T.);
#1437=EDGE_CURVE('',#1937,#1935,#2369,.T.);
#1438=EDGE_CURVE('',#1938,#1937,#2370,.T.);
#1439=EDGE_CURVE('',#1938,#1936,#2371,.T.);
#1440=EDGE_CURVE('',#1939,#1937,#2372,.T.);
#1441=EDGE_CURVE('',#1940,#1939,#2373,.T.);
#1442=EDGE_CURVE('',#1940,#1938,#2374,.T.);
#1443=EDGE_CURVE('',#1941,#1939,#2375,.T.);
#1444=EDGE_CURVE('',#1942,#1941,#2376,.T.);
#1445=EDGE_CURVE('',#1942,#1940,#2377,.T.);
#1446=EDGE_CURVE('',#1943,#1941,#2378,.T.);
#1447=EDGE_CURVE('',#1944,#1943,#2379,.T.);
#1448=EDGE_CURVE('',#1944,#1942,#2380,.T.);
#1449=EDGE_CURVE('',#1945,#1943,#2381,.T.);
#1450=EDGE_CURVE('',#1946,#1945,#2382,.T.);
#1451=EDGE_CURVE('',#1946,#1944,#2383,.T.);
#1452=EDGE_CURVE('',#1947,#1945,#2384,.T.);
#1453=EDGE_CURVE('',#1948,#1947,#2385,.T.);
#1454=EDGE_CURVE('',#1948,#1946,#2386,.T.);
#1455=EDGE_CURVE('',#1949,#1947,#2387,.T.);
#1456=EDGE_CURVE('',#1950,#1949,#2388,.T.);
#1457=EDGE_CURVE('',#1950,#1948,#2389,.T.);
#1458=EDGE_CURVE('',#1854,#1949,#2390,.T.);
#1459=EDGE_CURVE('',#1856,#1950,#2391,.T.);
#1460=EDGE_CURVE('',#1951,#1853,#2392,.T.);
#1461=EDGE_CURVE('',#1952,#1951,#2393,.T.);
#1462=EDGE_CURVE('',#1952,#1855,#2394,.T.);
#1463=EDGE_CURVE('',#1953,#1951,#2395,.T.);
#1464=EDGE_CURVE('',#1954,#1953,#2396,.T.);
#1465=EDGE_CURVE('',#1954,#1952,#2397,.T.);
#1466=EDGE_CURVE('',#1955,#1953,#2398,.T.);
#1467=EDGE_CURVE('',#1956,#1955,#2399,.T.);
#1468=EDGE_CURVE('',#1956,#1954,#2400,.T.);
#1469=EDGE_CURVE('',#1957,#1955,#2401,.T.);
#1470=EDGE_CURVE('',#1958,#1957,#2402,.T.);
#1471=EDGE_CURVE('',#1958,#1956,#2403,.T.);
#1472=EDGE_CURVE('',#1959,#1957,#2404,.T.);
#1473=EDGE_CURVE('',#1960,#1959,#2405,.T.);
#1474=EDGE_CURVE('',#1960,#1958,#2406,.T.);
#1475=EDGE_CURVE('',#1961,#1959,#2407,.T.);
#1476=EDGE_CURVE('',#1962,#1961,#2408,.T.);
#1477=EDGE_CURVE('',#1962,#1960,#2409,.T.);
#1478=EDGE_CURVE('',#1963,#1961,#2410,.T.);
#1479=EDGE_CURVE('',#1964,#1963,#2411,.T.);
#1480=EDGE_CURVE('',#1964,#1962,#2412,.T.);
#1481=EDGE_CURVE('',#1965,#1963,#2413,.T.);
#1482=EDGE_CURVE('',#1966,#1965,#2414,.T.);
#1483=EDGE_CURVE('',#1966,#1964,#2415,.T.);
#1484=EDGE_CURVE('',#1967,#1965,#2416,.T.);
#1485=EDGE_CURVE('',#1968,#1967,#2417,.T.);
#1486=EDGE_CURVE('',#1968,#1966,#2418,.T.);
#1487=EDGE_CURVE('',#1969,#1967,#2419,.T.);
#1488=EDGE_CURVE('',#1970,#1969,#2420,.T.);
#1489=EDGE_CURVE('',#1970,#1968,#2421,.T.);
#1490=EDGE_CURVE('',#1971,#1969,#2422,.T.);
#1491=EDGE_CURVE('',#1972,#1971,#2423,.T.);
#1492=EDGE_CURVE('',#1972,#1970,#2424,.T.);
#1493=EDGE_CURVE('',#1973,#1971,#2425,.T.);
#1494=EDGE_CURVE('',#1974,#1973,#2426,.T.);
#1495=EDGE_CURVE('',#1974,#1972,#2427,.T.);
#1496=EDGE_CURVE('',#1975,#1973,#2428,.T.);
#1497=EDGE_CURVE('',#1976,#1975,#2429,.T.);
#1498=EDGE_CURVE('',#1976,#1974,#2430,.T.);
#1499=EDGE_CURVE('',#1977,#1975,#2431,.T.);
#1500=EDGE_CURVE('',#1978,#1977,#2432,.T.);
#1501=EDGE_CURVE('',#1978,#1976,#2433,.T.);
#1502=EDGE_CURVE('',#1979,#1977,#2434,.T.);
#1503=EDGE_CURVE('',#1980,#1979,#2435,.T.);
#1504=EDGE_CURVE('',#1980,#1978,#2436,.T.);
#1505=EDGE_CURVE('',#1981,#1979,#2437,.T.);
#1506=EDGE_CURVE('',#1982,#1981,#2438,.T.);
#1507=EDGE_CURVE('',#1982,#1980,#2439,.T.);
#1508=EDGE_CURVE('',#1983,#1981,#2440,.T.);
#1509=EDGE_CURVE('',#1984,#1983,#2441,.T.);
#1510=EDGE_CURVE('',#1984,#1982,#2442,.T.);
#1511=EDGE_CURVE('',#1985,#1983,#2443,.T.);
#1512=EDGE_CURVE('',#1986,#1985,#2444,.T.);
#1513=EDGE_CURVE('',#1986,#1984,#2445,.T.);
#1514=EDGE_CURVE('',#1987,#1985,#2446,.T.);
#1515=EDGE_CURVE('',#1988,#1987,#2447,.T.);
#1516=EDGE_CURVE('',#1988,#1986,#2448,.T.);
#1517=EDGE_CURVE('',#1989,#1987,#2449,.T.);
#1518=EDGE_CURVE('',#1990,#1989,#2450,.T.);
#1519=EDGE_CURVE('',#1990,#1988,#2451,.T.);
#1520=EDGE_CURVE('',#1991,#1989,#2452,.T.);
#1521=EDGE_CURVE('',#1992,#1991,#2453,.T.);
#1522=EDGE_CURVE('',#1992,#1990,#2454,.T.);
#1523=EDGE_CURVE('',#1993,#1991,#2455,.T.);
#1524=EDGE_CURVE('',#1994,#1993,#2456,.T.);
#1525=EDGE_CURVE('',#1994,#1992,#2457,.T.);
#1526=EDGE_CURVE('',#1995,#1993,#24,.T.);
#1527=EDGE_CURVE('',#1996,#1995,#2458,.T.);
#1528=EDGE_CURVE('',#1996,#1994,#25,.T.);
#1529=EDGE_CURVE('',#1997,#1995,#26,.T.);
#1530=EDGE_CURVE('',#1998,#1997,#2459,.T.);
#1531=EDGE_CURVE('',#1998,#1996,#27,.T.);
#1532=EDGE_CURVE('',#1999,#1997,#2460,.T.);
#1533=EDGE_CURVE('',#2000,#1999,#2461,.T.);
#1534=EDGE_CURVE('',#2000,#1998,#2462,.T.);
#1535=EDGE_CURVE('',#2001,#1999,#2463,.T.);
#1536=EDGE_CURVE('',#2002,#2001,#2464,.T.);
#1537=EDGE_CURVE('',#2002,#2000,#2465,.T.);
#1538=EDGE_CURVE('',#2003,#2001,#2466,.T.);
#1539=EDGE_CURVE('',#2004,#2003,#2467,.T.);
#1540=EDGE_CURVE('',#2004,#2002,#2468,.T.);
#1541=EDGE_CURVE('',#2005,#2003,#2469,.T.);
#1542=EDGE_CURVE('',#2006,#2005,#2470,.T.);
#1543=EDGE_CURVE('',#2006,#2004,#2471,.T.);
#1544=EDGE_CURVE('',#2007,#2005,#2472,.T.);
#1545=EDGE_CURVE('',#2008,#2007,#2473,.T.);
#1546=EDGE_CURVE('',#2008,#2006,#2474,.T.);
#1547=EDGE_CURVE('',#2009,#2007,#2475,.T.);
#1548=EDGE_CURVE('',#2010,#2009,#2476,.T.);
#1549=EDGE_CURVE('',#2010,#2008,#2477,.T.);
#1550=EDGE_CURVE('',#2011,#2009,#2478,.T.);
#1551=EDGE_CURVE('',#2012,#2011,#2479,.T.);
#1552=EDGE_CURVE('',#2012,#2010,#2480,.T.);
#1553=EDGE_CURVE('',#2013,#2011,#2481,.T.);
#1554=EDGE_CURVE('',#2014,#2013,#2482,.T.);
#1555=EDGE_CURVE('',#2014,#2012,#2483,.T.);
#1556=EDGE_CURVE('',#2015,#2013,#2484,.T.);
#1557=EDGE_CURVE('',#2016,#2015,#2485,.T.);
#1558=EDGE_CURVE('',#2016,#2014,#2486,.T.);
#1559=EDGE_CURVE('',#2017,#2015,#2487,.T.);
#1560=EDGE_CURVE('',#2018,#2017,#2488,.T.);
#1561=EDGE_CURVE('',#2018,#2016,#2489,.T.);
#1562=EDGE_CURVE('',#2019,#2017,#2490,.T.);
#1563=EDGE_CURVE('',#2020,#2019,#2491,.T.);
#1564=EDGE_CURVE('',#2020,#2018,#2492,.T.);
#1565=EDGE_CURVE('',#2021,#2019,#2493,.T.);
#1566=EDGE_CURVE('',#2022,#2021,#2494,.T.);
#1567=EDGE_CURVE('',#2022,#2020,#2495,.T.);
#1568=EDGE_CURVE('',#2023,#2021,#2496,.T.);
#1569=EDGE_CURVE('',#2024,#2023,#2497,.T.);
#1570=EDGE_CURVE('',#2024,#2022,#2498,.T.);
#1571=EDGE_CURVE('',#2025,#2023,#2499,.T.);
#1572=EDGE_CURVE('',#2026,#2025,#2500,.T.);
#1573=EDGE_CURVE('',#2026,#2024,#2501,.T.);
#1574=EDGE_CURVE('',#2027,#2025,#2502,.T.);
#1575=EDGE_CURVE('',#2028,#2027,#2503,.T.);
#1576=EDGE_CURVE('',#2028,#2026,#2504,.T.);
#1577=EDGE_CURVE('',#2029,#2027,#2505,.T.);
#1578=EDGE_CURVE('',#2030,#2029,#2506,.T.);
#1579=EDGE_CURVE('',#2030,#2028,#2507,.T.);
#1580=EDGE_CURVE('',#2031,#2029,#2508,.T.);
#1581=EDGE_CURVE('',#2032,#2031,#2509,.T.);
#1582=EDGE_CURVE('',#2032,#2030,#2510,.T.);
#1583=EDGE_CURVE('',#2033,#2031,#2511,.T.);
#1584=EDGE_CURVE('',#2034,#2033,#2512,.T.);
#1585=EDGE_CURVE('',#2034,#2032,#2513,.T.);
#1586=EDGE_CURVE('',#2035,#2033,#2514,.T.);
#1587=EDGE_CURVE('',#2036,#2035,#2515,.T.);
#1588=EDGE_CURVE('',#2036,#2034,#2516,.T.);
#1589=EDGE_CURVE('',#2037,#2035,#2517,.T.);
#1590=EDGE_CURVE('',#2038,#2037,#2518,.T.);
#1591=EDGE_CURVE('',#2038,#2036,#2519,.T.);
#1592=EDGE_CURVE('',#2039,#2037,#2520,.T.);
#1593=EDGE_CURVE('',#2040,#2039,#2521,.T.);
#1594=EDGE_CURVE('',#2040,#2038,#2522,.T.);
#1595=EDGE_CURVE('',#2041,#2039,#2523,.T.);
#1596=EDGE_CURVE('',#2042,#2041,#2524,.T.);
#1597=EDGE_CURVE('',#2042,#2040,#2525,.T.);
#1598=EDGE_CURVE('',#2043,#2041,#2526,.T.);
#1599=EDGE_CURVE('',#2044,#2043,#2527,.T.);
#1600=EDGE_CURVE('',#2044,#2042,#2528,.T.);
#1601=EDGE_CURVE('',#2045,#2043,#2529,.T.);
#1602=EDGE_CURVE('',#2046,#2045,#2530,.T.);
#1603=EDGE_CURVE('',#2046,#2044,#2531,.T.);
#1604=EDGE_CURVE('',#2047,#2045,#2532,.T.);
#1605=EDGE_CURVE('',#2048,#2047,#2533,.T.);
#1606=EDGE_CURVE('',#2048,#2046,#2534,.T.);
#1607=EDGE_CURVE('',#1931,#2047,#2535,.T.);
#1608=EDGE_CURVE('',#1932,#2048,#2536,.T.);
#1609=EDGE_CURVE('',#1929,#1881,#2537,.T.);
#1610=EDGE_CURVE('',#1930,#1882,#2538,.T.);
#1611=EDGE_CURVE('',#1870,#1866,#2539,.T.);
#1612=EDGE_CURVE('',#1877,#1865,#2540,.T.);
#1613=EDGE_CURVE('',#1878,#1868,#2541,.T.);
#1614=EDGE_CURVE('',#1869,#1867,#2542,.T.);
#1615=EDGE_CURVE('',#1858,#1850,#2543,.T.);
#1616=EDGE_CURVE('',#1859,#1849,#2544,.T.);
#1617=EDGE_CURVE('',#1860,#1852,#2545,.T.);
#1618=EDGE_CURVE('',#1857,#1851,#2546,.T.);
#1619=EDGE_CURVE('',#2049,#1899,#2547,.T.);
#1620=EDGE_CURVE('',#2050,#2049,#2548,.T.);
#1621=EDGE_CURVE('',#2051,#2050,#28,.T.);
#1622=EDGE_CURVE('',#2052,#2051,#2549,.T.);
#1623=EDGE_CURVE('',#2053,#2052,#2550,.T.);
#1624=EDGE_CURVE('',#2054,#2053,#2551,.T.);
#1625=EDGE_CURVE('',#2055,#2054,#2552,.T.);
#1626=EDGE_CURVE('',#2056,#2055,#2553,.T.);
#1627=EDGE_CURVE('',#2057,#2056,#2554,.T.);
#1628=EDGE_CURVE('',#2058,#2057,#2555,.T.);
#1629=EDGE_CURVE('',#2059,#2058,#2556,.T.);
#1630=EDGE_CURVE('',#2060,#2059,#2557,.T.);
#1631=EDGE_CURVE('',#2061,#2060,#2558,.T.);
#1632=EDGE_CURVE('',#2062,#2061,#2559,.T.);
#1633=EDGE_CURVE('',#2063,#2062,#2560,.T.);
#1634=EDGE_CURVE('',#2064,#2063,#2561,.T.);
#1635=EDGE_CURVE('',#2065,#2064,#2562,.T.);
#1636=EDGE_CURVE('',#2066,#2065,#2563,.T.);
#1637=EDGE_CURVE('',#2067,#2066,#2564,.T.);
#1638=EDGE_CURVE('',#2068,#2067,#2565,.T.);
#1639=EDGE_CURVE('',#2069,#2068,#2566,.T.);
#1640=EDGE_CURVE('',#2070,#2069,#2567,.T.);
#1641=EDGE_CURVE('',#2071,#2070,#2568,.T.);
#1642=EDGE_CURVE('',#2072,#2071,#2569,.T.);
#1643=EDGE_CURVE('',#1908,#2072,#2570,.T.);
#1644=EDGE_CURVE('',#1901,#2073,#2571,.T.);
#1645=EDGE_CURVE('',#2074,#1905,#2572,.T.);
#1646=EDGE_CURVE('',#2075,#2074,#2573,.T.);
#1647=EDGE_CURVE('',#2073,#2075,#2574,.T.);
#1648=EDGE_CURVE('',#2076,#2077,#2575,.T.);
#1649=EDGE_CURVE('',#1824,#2076,#2576,.T.);
#1650=EDGE_CURVE('',#1825,#2077,#2577,.T.);
#1651=EDGE_CURVE('',#2078,#2076,#2578,.T.);
#1652=EDGE_CURVE('',#1826,#2078,#2579,.T.);
#1653=EDGE_CURVE('',#2079,#2078,#2580,.T.);
#1654=EDGE_CURVE('',#1827,#2079,#2581,.T.);
#1655=EDGE_CURVE('',#2080,#2081,#2582,.T.);
#1656=EDGE_CURVE('',#1828,#2080,#2583,.T.);
#1657=EDGE_CURVE('',#1829,#2081,#2584,.T.);
#1658=EDGE_CURVE('',#2082,#2080,#2585,.T.);
#1659=EDGE_CURVE('',#1830,#2082,#2586,.T.);
#1660=EDGE_CURVE('',#2083,#2082,#29,.T.);
#1661=EDGE_CURVE('',#1831,#2083,#2587,.T.);
#1662=EDGE_CURVE('',#2084,#2083,#2588,.T.);
#1663=EDGE_CURVE('',#1832,#2084,#2589,.T.);
#1664=EDGE_CURVE('',#2085,#2084,#2590,.T.);
#1665=EDGE_CURVE('',#1833,#2085,#2591,.T.);
#1666=EDGE_CURVE('',#2086,#2085,#2592,.T.);
#1667=EDGE_CURVE('',#1834,#2086,#2593,.T.);
#1668=EDGE_CURVE('',#2087,#2086,#2594,.T.);
#1669=EDGE_CURVE('',#1835,#2087,#2595,.T.);
#1670=EDGE_CURVE('',#2088,#2087,#2596,.T.);
#1671=EDGE_CURVE('',#1836,#2088,#2597,.T.);
#1672=EDGE_CURVE('',#2089,#2088,#2598,.T.);
#1673=EDGE_CURVE('',#1837,#2089,#2599,.T.);
#1674=EDGE_CURVE('',#2090,#2089,#2600,.T.);
#1675=EDGE_CURVE('',#1838,#2090,#2601,.T.);
#1676=EDGE_CURVE('',#2091,#2090,#2602,.T.);
#1677=EDGE_CURVE('',#1839,#2091,#2603,.T.);
#1678=EDGE_CURVE('',#2092,#2092,#30,.T.);
#1679=EDGE_CURVE('',#2077,#2079,#31,.T.);
#1680=EDGE_CURVE('',#2081,#2091,#2604,.T.);
#1681=EDGE_CURVE('',#2093,#1840,#2605,.T.);
#1682=EDGE_CURVE('',#2093,#2094,#32,.T.);
#1683=EDGE_CURVE('',#2094,#1841,#2606,.T.);
#1684=EDGE_CURVE('',#2095,#1844,#2607,.T.);
#1685=EDGE_CURVE('',#2093,#2095,#2608,.T.);
#1686=EDGE_CURVE('',#2096,#1843,#2609,.T.);
#1687=EDGE_CURVE('',#2095,#2096,#33,.T.);
#1688=EDGE_CURVE('',#2097,#1842,#2610,.T.);
#1689=EDGE_CURVE('',#2096,#2097,#2611,.T.);
#1690=EDGE_CURVE('',#2098,#2098,#34,.T.);
#1691=EDGE_CURVE('',#2099,#2099,#35,.T.);
#1692=EDGE_CURVE('',#2094,#2097,#36,.T.);
#1693=EDGE_CURVE('',#2072,#2100,#2612,.T.);
#1694=EDGE_CURVE('',#1821,#2100,#2613,.T.);
#1695=EDGE_CURVE('',#2101,#1897,#2614,.F.);
#1696=EDGE_CURVE('',#1902,#2102,#2615,.T.);
#1697=EDGE_CURVE('',#2102,#2103,#2616,.T.);
#1698=EDGE_CURVE('',#2103,#2104,#2617,.T.);
#1699=EDGE_CURVE('',#2104,#1749,#2618,.T.);
#1700=EDGE_CURVE('',#2100,#2105,#2619,.T.);
#1701=EDGE_CURVE('',#2105,#2106,#2620,.T.);
#1702=EDGE_CURVE('',#2106,#2107,#2621,.T.);
#1703=EDGE_CURVE('',#2107,#2108,#2622,.T.);
#1704=EDGE_CURVE('',#2108,#2109,#2623,.T.);
#1705=EDGE_CURVE('',#2109,#2110,#2624,.T.);
#1706=EDGE_CURVE('',#2110,#2111,#2625,.T.);
#1707=EDGE_CURVE('',#2111,#2112,#2626,.T.);
#1708=EDGE_CURVE('',#2112,#2113,#2627,.T.);
#1709=EDGE_CURVE('',#2113,#2114,#2628,.T.);
#1710=EDGE_CURVE('',#2114,#2115,#2629,.T.);
#1711=EDGE_CURVE('',#2115,#2116,#2630,.T.);
#1712=EDGE_CURVE('',#2116,#2117,#2631,.T.);
#1713=EDGE_CURVE('',#2117,#2118,#2632,.T.);
#1714=EDGE_CURVE('',#2118,#2119,#2633,.T.);
#1715=EDGE_CURVE('',#2119,#2120,#2634,.T.);
#1716=EDGE_CURVE('',#2120,#2121,#2635,.T.);
#1717=EDGE_CURVE('',#2121,#2122,#2636,.T.);
#1718=EDGE_CURVE('',#2122,#2123,#2637,.T.);
#1719=EDGE_CURVE('',#2123,#2124,#2638,.T.);
#1720=EDGE_CURVE('',#2124,#2125,#2639,.T.);
#1721=EDGE_CURVE('',#2125,#2126,#37,.T.);
#1722=EDGE_CURVE('',#2126,#2101,#2640,.T.);
#1723=EDGE_CURVE('',#2049,#2101,#2641,.T.);
#1724=EDGE_CURVE('',#2074,#2104,#2642,.T.);
#1725=EDGE_CURVE('',#2071,#2105,#2643,.T.);
#1726=EDGE_CURVE('',#2070,#2106,#2644,.T.);
#1727=EDGE_CURVE('',#2069,#2107,#2645,.T.);
#1728=EDGE_CURVE('',#2068,#2108,#2646,.T.);
#1729=EDGE_CURVE('',#2067,#2109,#2647,.T.);
#1730=EDGE_CURVE('',#2066,#2110,#2648,.T.);
#1731=EDGE_CURVE('',#2065,#2111,#2649,.T.);
#1732=EDGE_CURVE('',#2064,#2112,#2650,.T.);
#1733=EDGE_CURVE('',#2063,#2113,#2651,.T.);
#1734=EDGE_CURVE('',#2062,#2114,#2652,.T.);
#1735=EDGE_CURVE('',#2061,#2115,#2653,.T.);
#1736=EDGE_CURVE('',#2060,#2116,#2654,.T.);
#1737=EDGE_CURVE('',#2059,#2117,#2655,.T.);
#1738=EDGE_CURVE('',#2058,#2118,#2656,.T.);
#1739=EDGE_CURVE('',#2057,#2119,#2657,.T.);
#1740=EDGE_CURVE('',#2056,#2120,#2658,.T.);
#1741=EDGE_CURVE('',#2055,#2121,#2659,.T.);
#1742=EDGE_CURVE('',#2054,#2122,#2660,.T.);
#1743=EDGE_CURVE('',#2053,#2123,#2661,.T.);
#1744=EDGE_CURVE('',#2052,#2124,#2662,.T.);
#1745=EDGE_CURVE('',#2051,#2125,#2663,.T.);
#1746=EDGE_CURVE('',#2050,#2126,#2664,.T.);
#1747=EDGE_CURVE('',#2073,#2102,#2665,.T.);
#1748=EDGE_CURVE('',#2075,#2103,#2666,.T.);
#1749=VERTEX_POINT('',#5216);
#1750=VERTEX_POINT('',#5217);
#1751=VERTEX_POINT('',#5219);
#1752=VERTEX_POINT('',#5221);
#1753=VERTEX_POINT('',#5225);
#1754=VERTEX_POINT('',#5227);
#1755=VERTEX_POINT('',#5231);
#1756=VERTEX_POINT('',#5233);
#1757=VERTEX_POINT('',#5237);
#1758=VERTEX_POINT('',#5239);
#1759=VERTEX_POINT('',#5243);
#1760=VERTEX_POINT('',#5245);
#1761=VERTEX_POINT('',#5249);
#1762=VERTEX_POINT('',#5251);
#1763=VERTEX_POINT('',#5255);
#1764=VERTEX_POINT('',#5257);
#1765=VERTEX_POINT('',#5261);
#1766=VERTEX_POINT('',#5263);
#1767=VERTEX_POINT('',#5267);
#1768=VERTEX_POINT('',#5269);
#1769=VERTEX_POINT('',#5273);
#1770=VERTEX_POINT('',#5275);
#1771=VERTEX_POINT('',#5279);
#1772=VERTEX_POINT('',#5281);
#1773=VERTEX_POINT('',#5285);
#1774=VERTEX_POINT('',#5287);
#1775=VERTEX_POINT('',#5291);
#1776=VERTEX_POINT('',#5293);
#1777=VERTEX_POINT('',#5297);
#1778=VERTEX_POINT('',#5299);
#1779=VERTEX_POINT('',#5303);
#1780=VERTEX_POINT('',#5305);
#1781=VERTEX_POINT('',#5309);
#1782=VERTEX_POINT('',#5311);
#1783=VERTEX_POINT('',#5315);
#1784=VERTEX_POINT('',#5317);
#1785=VERTEX_POINT('',#5321);
#1786=VERTEX_POINT('',#5323);
#1787=VERTEX_POINT('',#5327);
#1788=VERTEX_POINT('',#5329);
#1789=VERTEX_POINT('',#5333);
#1790=VERTEX_POINT('',#5335);
#1791=VERTEX_POINT('',#5339);
#1792=VERTEX_POINT('',#5341);
#1793=VERTEX_POINT('',#5345);
#1794=VERTEX_POINT('',#5347);
#1795=VERTEX_POINT('',#5351);
#1796=VERTEX_POINT('',#5353);
#1797=VERTEX_POINT('',#5357);
#1798=VERTEX_POINT('',#5359);
#1799=VERTEX_POINT('',#5363);
#1800=VERTEX_POINT('',#5365);
#1801=VERTEX_POINT('',#5369);
#1802=VERTEX_POINT('',#5371);
#1803=VERTEX_POINT('',#5375);
#1804=VERTEX_POINT('',#5377);
#1805=VERTEX_POINT('',#5381);
#1806=VERTEX_POINT('',#5383);
#1807=VERTEX_POINT('',#5387);
#1808=VERTEX_POINT('',#5389);
#1809=VERTEX_POINT('',#5393);
#1810=VERTEX_POINT('',#5395);
#1811=VERTEX_POINT('',#5399);
#1812=VERTEX_POINT('',#5401);
#1813=VERTEX_POINT('',#5405);
#1814=VERTEX_POINT('',#5407);
#1815=VERTEX_POINT('',#5411);
#1816=VERTEX_POINT('',#5413);
#1817=VERTEX_POINT('',#5417);
#1818=VERTEX_POINT('',#5419);
#1819=VERTEX_POINT('',#5423);
#1820=VERTEX_POINT('',#5425);
#1821=VERTEX_POINT('',#5429);
#1822=VERTEX_POINT('',#5430);
#1823=VERTEX_POINT('',#5435);
#1824=VERTEX_POINT('',#5437);
#1825=VERTEX_POINT('',#5438);
#1826=VERTEX_POINT('',#5440);
#1827=VERTEX_POINT('',#5442);
#1828=VERTEX_POINT('',#5445);
#1829=VERTEX_POINT('',#5446);
#1830=VERTEX_POINT('',#5448);
#1831=VERTEX_POINT('',#5450);
#1832=VERTEX_POINT('',#5452);
#1833=VERTEX_POINT('',#5454);
#1834=VERTEX_POINT('',#5456);
#1835=VERTEX_POINT('',#5458);
#1836=VERTEX_POINT('',#5460);
#1837=VERTEX_POINT('',#5462);
#1838=VERTEX_POINT('',#5464);
#1839=VERTEX_POINT('',#5466);
#1840=VERTEX_POINT('',#5469);
#1841=VERTEX_POINT('',#5470);
#1842=VERTEX_POINT('',#5472);
#1843=VERTEX_POINT('',#5474);
#1844=VERTEX_POINT('',#5476);
#1845=VERTEX_POINT('',#5480);
#1846=VERTEX_POINT('',#5481);
#1847=VERTEX_POINT('',#5483);
#1848=VERTEX_POINT('',#5485);
#1849=VERTEX_POINT('',#5488);
#1850=VERTEX_POINT('',#5489);
#1851=VERTEX_POINT('',#5491);
#1852=VERTEX_POINT('',#5493);
#1853=VERTEX_POINT('',#5497);
#1854=VERTEX_POINT('',#5498);
#1855=VERTEX_POINT('',#5500);
#1856=VERTEX_POINT('',#5502);
#1857=VERTEX_POINT('',#5505);
#1858=VERTEX_POINT('',#5506);
#1859=VERTEX_POINT('',#5508);
#1860=VERTEX_POINT('',#5510);
#1861=VERTEX_POINT('',#5514);
#1862=VERTEX_POINT('',#5515);
#1863=VERTEX_POINT('',#5517);
#1864=VERTEX_POINT('',#5519);
#1865=VERTEX_POINT('',#5522);
#1866=VERTEX_POINT('',#5523);
#1867=VERTEX_POINT('',#5525);
#1868=VERTEX_POINT('',#5527);
#1869=VERTEX_POINT('',#5531);
#1870=VERTEX_POINT('',#5532);
#1871=VERTEX_POINT('',#5534);
#1872=VERTEX_POINT('',#5536);
#1873=VERTEX_POINT('',#5538);
#1874=VERTEX_POINT('',#5540);
#1875=VERTEX_POINT('',#5542);
#1876=VERTEX_POINT('',#5544);
#1877=VERTEX_POINT('',#5548);
#1878=VERTEX_POINT('',#5550);
#1879=VERTEX_POINT('',#5553);
#1880=VERTEX_POINT('',#5555);
#1881=VERTEX_POINT('',#5559);
#1882=VERTEX_POINT('',#5561);
#1883=VERTEX_POINT('',#5565);
#1884=VERTEX_POINT('',#5567);
#1885=VERTEX_POINT('',#5571);
#1886=VERTEX_POINT('',#5573);
#1887=VERTEX_POINT('',#5577);
#1888=VERTEX_POINT('',#5579);
#1889=VERTEX_POINT('',#5583);
#1890=VERTEX_POINT('',#5585);
#1891=VERTEX_POINT('',#5589);
#1892=VERTEX_POINT('',#5591);
#1893=VERTEX_POINT('',#5595);
#1894=VERTEX_POINT('',#5597);
#1895=VERTEX_POINT('',#5601);
#1896=VERTEX_POINT('',#5603);
#1897=VERTEX_POINT('',#5607);
#1898=VERTEX_POINT('',#5608);
#1899=VERTEX_POINT('',#5610);
#1900=VERTEX_POINT('',#5613);
#1901=VERTEX_POINT('',#5617);
#1902=VERTEX_POINT('',#5619);
#1903=VERTEX_POINT('',#5624);
#1904=VERTEX_POINT('',#5626);
#1905=VERTEX_POINT('',#5631);
#1906=VERTEX_POINT('',#5635);
#1907=VERTEX_POINT('',#5637);
#1908=VERTEX_POINT('',#5639);
#1909=VERTEX_POINT('',#5643);
#1910=VERTEX_POINT('',#5645);
#1911=VERTEX_POINT('',#5649);
#1912=VERTEX_POINT('',#5651);
#1913=VERTEX_POINT('',#5655);
#1914=VERTEX_POINT('',#5657);
#1915=VERTEX_POINT('',#5661);
#1916=VERTEX_POINT('',#5663);
#1917=VERTEX_POINT('',#5667);
#1918=VERTEX_POINT('',#5669);
#1919=VERTEX_POINT('',#5673);
#1920=VERTEX_POINT('',#5675);
#1921=VERTEX_POINT('',#5679);
#1922=VERTEX_POINT('',#5681);
#1923=VERTEX_POINT('',#5685);
#1924=VERTEX_POINT('',#5687);
#1925=VERTEX_POINT('',#5691);
#1926=VERTEX_POINT('',#5693);
#1927=VERTEX_POINT('',#5697);
#1928=VERTEX_POINT('',#5699);
#1929=VERTEX_POINT('',#5703);
#1930=VERTEX_POINT('',#5705);
#1931=VERTEX_POINT('',#5709);
#1932=VERTEX_POINT('',#5711);
#1933=VERTEX_POINT('',#5715);
#1934=VERTEX_POINT('',#5717);
#1935=VERTEX_POINT('',#5721);
#1936=VERTEX_POINT('',#5723);
#1937=VERTEX_POINT('',#5727);
#1938=VERTEX_POINT('',#5729);
#1939=VERTEX_POINT('',#5733);
#1940=VERTEX_POINT('',#5735);
#1941=VERTEX_POINT('',#5739);
#1942=VERTEX_POINT('',#5741);
#1943=VERTEX_POINT('',#5745);
#1944=VERTEX_POINT('',#5747);
#1945=VERTEX_POINT('',#5751);
#1946=VERTEX_POINT('',#5753);
#1947=VERTEX_POINT('',#5757);
#1948=VERTEX_POINT('',#5759);
#1949=VERTEX_POINT('',#5763);
#1950=VERTEX_POINT('',#5765);
#1951=VERTEX_POINT('',#5772);
#1952=VERTEX_POINT('',#5774);
#1953=VERTEX_POINT('',#5778);
#1954=VERTEX_POINT('',#5780);
#1955=VERTEX_POINT('',#5784);
#1956=VERTEX_POINT('',#5786);
#1957=VERTEX_POINT('',#5790);
#1958=VERTEX_POINT('',#5792);
#1959=VERTEX_POINT('',#5796);
#1960=VERTEX_POINT('',#5798);
#1961=VERTEX_POINT('',#5802);
#1962=VERTEX_POINT('',#5804);
#1963=VERTEX_POINT('',#5808);
#1964=VERTEX_POINT('',#5810);
#1965=VERTEX_POINT('',#5814);
#1966=VERTEX_POINT('',#5816);
#1967=VERTEX_POINT('',#5820);
#1968=VERTEX_POINT('',#5822);
#1969=VERTEX_POINT('',#5826);
#1970=VERTEX_POINT('',#5828);
#1971=VERTEX_POINT('',#5832);
#1972=VERTEX_POINT('',#5834);
#1973=VERTEX_POINT('',#5838);
#1974=VERTEX_POINT('',#5840);
#1975=VERTEX_POINT('',#5844);
#1976=VERTEX_POINT('',#5846);
#1977=VERTEX_POINT('',#5850);
#1978=VERTEX_POINT('',#5852);
#1979=VERTEX_POINT('',#5856);
#1980=VERTEX_POINT('',#5858);
#1981=VERTEX_POINT('',#5862);
#1982=VERTEX_POINT('',#5864);
#1983=VERTEX_POINT('',#5868);
#1984=VERTEX_POINT('',#5870);
#1985=VERTEX_POINT('',#5874);
#1986=VERTEX_POINT('',#5876);
#1987=VERTEX_POINT('',#5880);
#1988=VERTEX_POINT('',#5882);
#1989=VERTEX_POINT('',#5886);
#1990=VERTEX_POINT('',#5888);
#1991=VERTEX_POINT('',#5892);
#1992=VERTEX_POINT('',#5894);
#1993=VERTEX_POINT('',#5898);
#1994=VERTEX_POINT('',#5900);
#1995=VERTEX_POINT('',#5904);
#1996=VERTEX_POINT('',#5906);
#1997=VERTEX_POINT('',#5910);
#1998=VERTEX_POINT('',#5912);
#1999=VERTEX_POINT('',#5916);
#2000=VERTEX_POINT('',#5918);
#2001=VERTEX_POINT('',#5922);
#2002=VERTEX_POINT('',#5924);
#2003=VERTEX_POINT('',#5928);
#2004=VERTEX_POINT('',#5930);
#2005=VERTEX_POINT('',#5934);
#2006=VERTEX_POINT('',#5936);
#2007=VERTEX_POINT('',#5940);
#2008=VERTEX_POINT('',#5942);
#2009=VERTEX_POINT('',#5946);
#2010=VERTEX_POINT('',#5948);
#2011=VERTEX_POINT('',#5952);
#2012=VERTEX_POINT('',#5954);
#2013=VERTEX_POINT('',#5958);
#2014=VERTEX_POINT('',#5960);
#2015=VERTEX_POINT('',#5964);
#2016=VERTEX_POINT('',#5966);
#2017=VERTEX_POINT('',#5970);
#2018=VERTEX_POINT('',#5972);
#2019=VERTEX_POINT('',#5976);
#2020=VERTEX_POINT('',#5978);
#2021=VERTEX_POINT('',#5982);
#2022=VERTEX_POINT('',#5984);
#2023=VERTEX_POINT('',#5988);
#2024=VERTEX_POINT('',#5990);
#2025=VERTEX_POINT('',#5994);
#2026=VERTEX_POINT('',#5996);
#2027=VERTEX_POINT('',#6000);
#2028=VERTEX_POINT('',#6002);
#2029=VERTEX_POINT('',#6006);
#2030=VERTEX_POINT('',#6008);
#2031=VERTEX_POINT('',#6012);
#2032=VERTEX_POINT('',#6014);
#2033=VERTEX_POINT('',#6018);
#2034=VERTEX_POINT('',#6020);
#2035=VERTEX_POINT('',#6024);
#2036=VERTEX_POINT('',#6026);
#2037=VERTEX_POINT('',#6030);
#2038=VERTEX_POINT('',#6032);
#2039=VERTEX_POINT('',#6036);
#2040=VERTEX_POINT('',#6038);
#2041=VERTEX_POINT('',#6042);
#2042=VERTEX_POINT('',#6044);
#2043=VERTEX_POINT('',#6048);
#2044=VERTEX_POINT('',#6050);
#2045=VERTEX_POINT('',#6054);
#2046=VERTEX_POINT('',#6056);
#2047=VERTEX_POINT('',#6060);
#2048=VERTEX_POINT('',#6062);
#2049=VERTEX_POINT('',#6089);
#2050=VERTEX_POINT('',#6091);
#2051=VERTEX_POINT('',#6093);
#2052=VERTEX_POINT('',#6095);
#2053=VERTEX_POINT('',#6097);
#2054=VERTEX_POINT('',#6099);
#2055=VERTEX_POINT('',#6101);
#2056=VERTEX_POINT('',#6103);
#2057=VERTEX_POINT('',#6105);
#2058=VERTEX_POINT('',#6107);
#2059=VERTEX_POINT('',#6109);
#2060=VERTEX_POINT('',#6111);
#2061=VERTEX_POINT('',#6113);
#2062=VERTEX_POINT('',#6115);
#2063=VERTEX_POINT('',#6117);
#2064=VERTEX_POINT('',#6119);
#2065=VERTEX_POINT('',#6121);
#2066=VERTEX_POINT('',#6123);
#2067=VERTEX_POINT('',#6125);
#2068=VERTEX_POINT('',#6127);
#2069=VERTEX_POINT('',#6129);
#2070=VERTEX_POINT('',#6131);
#2071=VERTEX_POINT('',#6133);
#2072=VERTEX_POINT('',#6135);
#2073=VERTEX_POINT('',#6139);
#2074=VERTEX_POINT('',#6141);
#2075=VERTEX_POINT('',#6143);
#2076=VERTEX_POINT('',#6147);
#2077=VERTEX_POINT('',#6148);
#2078=VERTEX_POINT('',#6153);
#2079=VERTEX_POINT('',#6157);
#2080=VERTEX_POINT('',#6161);
#2081=VERTEX_POINT('',#6162);
#2082=VERTEX_POINT('',#6167);
#2083=VERTEX_POINT('',#6171);
#2084=VERTEX_POINT('',#6175);
#2085=VERTEX_POINT('',#6179);
#2086=VERTEX_POINT('',#6183);
#2087=VERTEX_POINT('',#6187);
#2088=VERTEX_POINT('',#6191);
#2089=VERTEX_POINT('',#6195);
#2090=VERTEX_POINT('',#6199);
#2091=VERTEX_POINT('',#6203);
#2092=VERTEX_POINT('',#6207);
#2093=VERTEX_POINT('',#6215);
#2094=VERTEX_POINT('',#6217);
#2095=VERTEX_POINT('',#6221);
#2096=VERTEX_POINT('',#6225);
#2097=VERTEX_POINT('',#6229);
#2098=VERTEX_POINT('',#6233);
#2099=VERTEX_POINT('',#6235);
#2100=VERTEX_POINT('',#6241);
#2101=VERTEX_POINT('',#6245);
#2102=VERTEX_POINT('',#6247);
#2103=VERTEX_POINT('',#6249);
#2104=VERTEX_POINT('',#6251);
#2105=VERTEX_POINT('',#6254);
#2106=VERTEX_POINT('',#6256);
#2107=VERTEX_POINT('',#6258);
#2108=VERTEX_POINT('',#6260);
#2109=VERTEX_POINT('',#6262);
#2110=VERTEX_POINT('',#6264);
#2111=VERTEX_POINT('',#6266);
#2112=VERTEX_POINT('',#6268);
#2113=VERTEX_POINT('',#6270);
#2114=VERTEX_POINT('',#6272);
#2115=VERTEX_POINT('',#6274);
#2116=VERTEX_POINT('',#6276);
#2117=VERTEX_POINT('',#6278);
#2118=VERTEX_POINT('',#6280);
#2119=VERTEX_POINT('',#6282);
#2120=VERTEX_POINT('',#6284);
#2121=VERTEX_POINT('',#6286);
#2122=VERTEX_POINT('',#6288);
#2123=VERTEX_POINT('',#6290);
#2124=VERTEX_POINT('',#6292);
#2125=VERTEX_POINT('',#6294);
#2126=VERTEX_POINT('',#6296);
#2127=LINE('',#5215,#2667);
#2128=LINE('',#5218,#2668);
#2129=LINE('',#5220,#2669);
#2130=LINE('',#5222,#2670);
#2131=LINE('',#5224,#2671);
#2132=LINE('',#5226,#2672);
#2133=LINE('',#5228,#2673);
#2134=LINE('',#5230,#2674);
#2135=LINE('',#5232,#2675);
#2136=LINE('',#5234,#2676);
#2137=LINE('',#5236,#2677);
#2138=LINE('',#5238,#2678);
#2139=LINE('',#5240,#2679);
#2140=LINE('',#5242,#2680);
#2141=LINE('',#5244,#2681);
#2142=LINE('',#5246,#2682);
#2143=LINE('',#5248,#2683);
#2144=LINE('',#5250,#2684);
#2145=LINE('',#5252,#2685);
#2146=LINE('',#5254,#2686);
#2147=LINE('',#5256,#2687);
#2148=LINE('',#5258,#2688);
#2149=LINE('',#5260,#2689);
#2150=LINE('',#5262,#2690);
#2151=LINE('',#5264,#2691);
#2152=LINE('',#5266,#2692);
#2153=LINE('',#5268,#2693);
#2154=LINE('',#5270,#2694);
#2155=LINE('',#5272,#2695);
#2156=LINE('',#5274,#2696);
#2157=LINE('',#5276,#2697);
#2158=LINE('',#5278,#2698);
#2159=LINE('',#5280,#2699);
#2160=LINE('',#5282,#2700);
#2161=LINE('',#5284,#2701);
#2162=LINE('',#5286,#2702);
#2163=LINE('',#5288,#2703);
#2164=LINE('',#5290,#2704);
#2165=LINE('',#5292,#2705);
#2166=LINE('',#5294,#2706);
#2167=LINE('',#5296,#2707);
#2168=LINE('',#5298,#2708);
#2169=LINE('',#5300,#2709);
#2170=LINE('',#5302,#2710);
#2171=LINE('',#5304,#2711);
#2172=LINE('',#5306,#2712);
#2173=LINE('',#5308,#2713);
#2174=LINE('',#5310,#2714);
#2175=LINE('',#5312,#2715);
#2176=LINE('',#5314,#2716);
#2177=LINE('',#5316,#2717);
#2178=LINE('',#5318,#2718);
#2179=LINE('',#5320,#2719);
#2180=LINE('',#5322,#2720);
#2181=LINE('',#5324,#2721);
#2182=LINE('',#5326,#2722);
#2183=LINE('',#5328,#2723);
#2184=LINE('',#5330,#2724);
#2185=LINE('',#5332,#2725);
#2186=LINE('',#5334,#2726);
#2187=LINE('',#5336,#2727);
#2188=LINE('',#5338,#2728);
#2189=LINE('',#5340,#2729);
#2190=LINE('',#5342,#2730);
#2191=LINE('',#5344,#2731);
#2192=LINE('',#5346,#2732);
#2193=LINE('',#5348,#2733);
#2194=LINE('',#5350,#2734);
#2195=LINE('',#5352,#2735);
#2196=LINE('',#5354,#2736);
#2197=LINE('',#5356,#2737);
#2198=LINE('',#5358,#2738);
#2199=LINE('',#5360,#2739);
#2200=LINE('',#5362,#2740);
#2201=LINE('',#5364,#2741);
#2202=LINE('',#5366,#2742);
#2203=LINE('',#5368,#2743);
#2204=LINE('',#5370,#2744);
#2205=LINE('',#5372,#2745);
#2206=LINE('',#5378,#2746);
#2207=LINE('',#5384,#2747);
#2208=LINE('',#5386,#2748);
#2209=LINE('',#5388,#2749);
#2210=LINE('',#5390,#2750);
#2211=LINE('',#5392,#2751);
#2212=LINE('',#5394,#2752);
#2213=LINE('',#5396,#2753);
#2214=LINE('',#5398,#2754);
#2215=LINE('',#5400,#2755);
#2216=LINE('',#5402,#2756);
#2217=LINE('',#5404,#2757);
#2218=LINE('',#5406,#2758);
#2219=LINE('',#5408,#2759);
#2220=LINE('',#5410,#2760);
#2221=LINE('',#5412,#2761);
#2222=LINE('',#5414,#2762);
#2223=LINE('',#5416,#2763);
#2224=LINE('',#5418,#2764);
#2225=LINE('',#5420,#2765);
#2226=LINE('',#5422,#2766);
#2227=LINE('',#5424,#2767);
#2228=LINE('',#5426,#2768);
#2229=LINE('',#5428,#2769);
#2230=LINE('',#5431,#2770);
#2231=LINE('',#5432,#2771);
#2232=LINE('',#5436,#2772);
#2233=LINE('',#5439,#2773);
#2234=LINE('',#5441,#2774);
#2235=LINE('',#5444,#2775);
#2236=LINE('',#5447,#2776);
#2237=LINE('',#5451,#2777);
#2238=LINE('',#5453,#2778);
#2239=LINE('',#5455,#2779);
#2240=LINE('',#5457,#2780);
#2241=LINE('',#5459,#2781);
#2242=LINE('',#5461,#2782);
#2243=LINE('',#5463,#2783);
#2244=LINE('',#5465,#2784);
#2245=LINE('',#5467,#2785);
#2246=LINE('',#5473,#2786);
#2247=LINE('',#5477,#2787);
#2248=LINE('',#5479,#2788);
#2249=LINE('',#5482,#2789);
#2250=LINE('',#5484,#2790);
#2251=LINE('',#5486,#2791);
#2252=LINE('',#5487,#2792);
#2253=LINE('',#5490,#2793);
#2254=LINE('',#5492,#2794);
#2255=LINE('',#5494,#2795);
#2256=LINE('',#5496,#2796);
#2257=LINE('',#5499,#2797);
#2258=LINE('',#5501,#2798);
#2259=LINE('',#5503,#2799);
#2260=LINE('',#5504,#2800);
#2261=LINE('',#5507,#2801);
#2262=LINE('',#5509,#2802);
#2263=LINE('',#5511,#2803);
#2264=LINE('',#5513,#2804);
#2265=LINE('',#5516,#2805);
#2266=LINE('',#5518,#2806);
#2267=LINE('',#5520,#2807);
#2268=LINE('',#5521,#2808);
#2269=LINE('',#5524,#2809);
#2270=LINE('',#5526,#2810);
#2271=LINE('',#5528,#2811);
#2272=LINE('',#5530,#2812);
#2273=LINE('',#5533,#2813);
#2274=LINE('',#5535,#2814);
#2275=LINE('',#5537,#2815);
#2276=LINE('',#5539,#2816);
#2277=LINE('',#5541,#2817);
#2278=LINE('',#5543,#2818);
#2279=LINE('',#5545,#2819);
#2280=LINE('',#5547,#2820);
#2281=LINE('',#5549,#2821);
#2282=LINE('',#5551,#2822);
#2283=LINE('',#5552,#2823);
#2284=LINE('',#5554,#2824);
#2285=LINE('',#5556,#2825);
#2286=LINE('',#5558,#2826);
#2287=LINE('',#5560,#2827);
#2288=LINE('',#5562,#2828);
#2289=LINE('',#5564,#2829);
#2290=LINE('',#5566,#2830);
#2291=LINE('',#5568,#2831);
#2292=LINE('',#5570,#2832);
#2293=LINE('',#5572,#2833);
#2294=LINE('',#5574,#2834);
#2295=LINE('',#5576,#2835);
#2296=LINE('',#5578,#2836);
#2297=LINE('',#5580,#2837);
#2298=LINE('',#5582,#2838);
#2299=LINE('',#5584,#2839);
#2300=LINE('',#5586,#2840);
#2301=LINE('',#5588,#2841);
#2302=LINE('',#5590,#2842);
#2303=LINE('',#5592,#2843);
#2304=LINE('',#5594,#2844);
#2305=LINE('',#5596,#2845);
#2306=LINE('',#5598,#2846);
#2307=LINE('',#5602,#2847);
#2308=LINE('',#5606,#2848);
#2309=LINE('',#5609,#2849);
#2310=LINE('',#5611,#2850);
#2311=LINE('',#5612,#2851);
#2312=LINE('',#5614,#2852);
#2313=LINE('',#5616,#2853);
#2314=LINE('',#5618,#2854);
#2315=LINE('',#5620,#2855);
#2316=LINE('',#5621,#2856);
#2317=LINE('',#5623,#2857);
#2318=LINE('',#5625,#2858);
#2319=LINE('',#5627,#2859);
#2320=LINE('',#5629,#2860);
#2321=LINE('',#5630,#2861);
#2322=LINE('',#5632,#2862);
#2323=LINE('',#5634,#2863);
#2324=LINE('',#5636,#2864);
#2325=LINE('',#5638,#2865);
#2326=LINE('',#5640,#2866);
#2327=LINE('',#5642,#2867);
#2328=LINE('',#5644,#2868);
#2329=LINE('',#5646,#2869);
#2330=LINE('',#5648,#2870);
#2331=LINE('',#5650,#2871);
#2332=LINE('',#5652,#2872);
#2333=LINE('',#5654,#2873);
#2334=LINE('',#5656,#2874);
#2335=LINE('',#5658,#2875);
#2336=LINE('',#5660,#2876);
#2337=LINE('',#5662,#2877);
#2338=LINE('',#5664,#2878);
#2339=LINE('',#5666,#2879);
#2340=LINE('',#5668,#2880);
#2341=LINE('',#5670,#2881);
#2342=LINE('',#5672,#2882);
#2343=LINE('',#5674,#2883);
#2344=LINE('',#5676,#2884);
#2345=LINE('',#5678,#2885);
#2346=LINE('',#5680,#2886);
#2347=LINE('',#5682,#2887);
#2348=LINE('',#5684,#2888);
#2349=LINE('',#5686,#2889);
#2350=LINE('',#5688,#2890);
#2351=LINE('',#5690,#2891);
#2352=LINE('',#5692,#2892);
#2353=LINE('',#5694,#2893);
#2354=LINE('',#5696,#2894);
#2355=LINE('',#5698,#2895);
#2356=LINE('',#5700,#2896);
#2357=LINE('',#5702,#2897);
#2358=LINE('',#5704,#2898);
#2359=LINE('',#5706,#2899);
#2360=LINE('',#5708,#2900);
#2361=LINE('',#5710,#2901);
#2362=LINE('',#5712,#2902);
#2363=LINE('',#5714,#2903);
#2364=LINE('',#5716,#2904);
#2365=LINE('',#5718,#2905);
#2366=LINE('',#5720,#2906);
#2367=LINE('',#5722,#2907);
#2368=LINE('',#5724,#2908);
#2369=LINE('',#5726,#2909);
#2370=LINE('',#5728,#2910);
#2371=LINE('',#5730,#2911);
#2372=LINE('',#5732,#2912);
#2373=LINE('',#5734,#2913);
#2374=LINE('',#5736,#2914);
#2375=LINE('',#5738,#2915);
#2376=LINE('',#5740,#2916);
#2377=LINE('',#5742,#2917);
#2378=LINE('',#5744,#2918);
#2379=LINE('',#5746,#2919);
#2380=LINE('',#5748,#2920);
#2381=LINE('',#5750,#2921);
#2382=LINE('',#5752,#2922);
#2383=LINE('',#5754,#2923);
#2384=LINE('',#5756,#2924);
#2385=LINE('',#5758,#2925);
#2386=LINE('',#5760,#2926);
#2387=LINE('',#5762,#2927);
#2388=LINE('',#5764,#2928);
#2389=LINE('',#5766,#2929);
#2390=LINE('',#5768,#2930);
#2391=LINE('',#5769,#2931);
#2392=LINE('',#5771,#2932);
#2393=LINE('',#5773,#2933);
#2394=LINE('',#5775,#2934);
#2395=LINE('',#5777,#2935);
#2396=LINE('',#5779,#2936);
#2397=LINE('',#5781,#2937);
#2398=LINE('',#5783,#2938);
#2399=LINE('',#5785,#2939);
#2400=LINE('',#5787,#2940);
#2401=LINE('',#5789,#2941);
#2402=LINE('',#5791,#2942);
#2403=LINE('',#5793,#2943);
#2404=LINE('',#5795,#2944);
#2405=LINE('',#5797,#2945);
#2406=LINE('',#5799,#2946);
#2407=LINE('',#5801,#2947);
#2408=LINE('',#5803,#2948);
#2409=LINE('',#5805,#2949);
#2410=LINE('',#5807,#2950);
#2411=LINE('',#5809,#2951);
#2412=LINE('',#5811,#2952);
#2413=LINE('',#5813,#2953);
#2414=LINE('',#5815,#2954);
#2415=LINE('',#5817,#2955);
#2416=LINE('',#5819,#2956);
#2417=LINE('',#5821,#2957);
#2418=LINE('',#5823,#2958);
#2419=LINE('',#5825,#2959);
#2420=LINE('',#5827,#2960);
#2421=LINE('',#5829,#2961);
#2422=LINE('',#5831,#2962);
#2423=LINE('',#5833,#2963);
#2424=LINE('',#5835,#2964);
#2425=LINE('',#5837,#2965);
#2426=LINE('',#5839,#2966);
#2427=LINE('',#5841,#2967);
#2428=LINE('',#5843,#2968);
#2429=LINE('',#5845,#2969);
#2430=LINE('',#5847,#2970);
#2431=LINE('',#5849,#2971);
#2432=LINE('',#5851,#2972);
#2433=LINE('',#5853,#2973);
#2434=LINE('',#5855,#2974);
#2435=LINE('',#5857,#2975);
#2436=LINE('',#5859,#2976);
#2437=LINE('',#5861,#2977);
#2438=LINE('',#5863,#2978);
#2439=LINE('',#5865,#2979);
#2440=LINE('',#5867,#2980);
#2441=LINE('',#5869,#2981);
#2442=LINE('',#5871,#2982);
#2443=LINE('',#5873,#2983);
#2444=LINE('',#5875,#2984);
#2445=LINE('',#5877,#2985);
#2446=LINE('',#5879,#2986);
#2447=LINE('',#5881,#2987);
#2448=LINE('',#5883,#2988);
#2449=LINE('',#5885,#2989);
#2450=LINE('',#5887,#2990);
#2451=LINE('',#5889,#2991);
#2452=LINE('',#5891,#2992);
#2453=LINE('',#5893,#2993);
#2454=LINE('',#5895,#2994);
#2455=LINE('',#5897,#2995);
#2456=LINE('',#5899,#2996);
#2457=LINE('',#5901,#2997);
#2458=LINE('',#5905,#2998);
#2459=LINE('',#5911,#2999);
#2460=LINE('',#5915,#3000);
#2461=LINE('',#5917,#3001);
#2462=LINE('',#5919,#3002);
#2463=LINE('',#5921,#3003);
#2464=LINE('',#5923,#3004);
#2465=LINE('',#5925,#3005);
#2466=LINE('',#5927,#3006);
#2467=LINE('',#5929,#3007);
#2468=LINE('',#5931,#3008);
#2469=LINE('',#5933,#3009);
#2470=LINE('',#5935,#3010);
#2471=LINE('',#5937,#3011);
#2472=LINE('',#5939,#3012);
#2473=LINE('',#5941,#3013);
#2474=LINE('',#5943,#3014);
#2475=LINE('',#5945,#3015);
#2476=LINE('',#5947,#3016);
#2477=LINE('',#5949,#3017);
#2478=LINE('',#5951,#3018);
#2479=LINE('',#5953,#3019);
#2480=LINE('',#5955,#3020);
#2481=LINE('',#5957,#3021);
#2482=LINE('',#5959,#3022);
#2483=LINE('',#5961,#3023);
#2484=LINE('',#5963,#3024);
#2485=LINE('',#5965,#3025);
#2486=LINE('',#5967,#3026);
#2487=LINE('',#5969,#3027);
#2488=LINE('',#5971,#3028);
#2489=LINE('',#5973,#3029);
#2490=LINE('',#5975,#3030);
#2491=LINE('',#5977,#3031);
#2492=LINE('',#5979,#3032);
#2493=LINE('',#5981,#3033);
#2494=LINE('',#5983,#3034);
#2495=LINE('',#5985,#3035);
#2496=LINE('',#5987,#3036);
#2497=LINE('',#5989,#3037);
#2498=LINE('',#5991,#3038);
#2499=LINE('',#5993,#3039);
#2500=LINE('',#5995,#3040);
#2501=LINE('',#5997,#3041);
#2502=LINE('',#5999,#3042);
#2503=LINE('',#6001,#3043);
#2504=LINE('',#6003,#3044);
#2505=LINE('',#6005,#3045);
#2506=LINE('',#6007,#3046);
#2507=LINE('',#6009,#3047);
#2508=LINE('',#6011,#3048);
#2509=LINE('',#6013,#3049);
#2510=LINE('',#6015,#3050);
#2511=LINE('',#6017,#3051);
#2512=LINE('',#6019,#3052);
#2513=LINE('',#6021,#3053);
#2514=LINE('',#6023,#3054);
#2515=LINE('',#6025,#3055);
#2516=LINE('',#6027,#3056);
#2517=LINE('',#6029,#3057);
#2518=LINE('',#6031,#3058);
#2519=LINE('',#6033,#3059);
#2520=LINE('',#6035,#3060);
#2521=LINE('',#6037,#3061);
#2522=LINE('',#6039,#3062);
#2523=LINE('',#6041,#3063);
#2524=LINE('',#6043,#3064);
#2525=LINE('',#6045,#3065);
#2526=LINE('',#6047,#3066);
#2527=LINE('',#6049,#3067);
#2528=LINE('',#6051,#3068);
#2529=LINE('',#6053,#3069);
#2530=LINE('',#6055,#3070);
#2531=LINE('',#6057,#3071);
#2532=LINE('',#6059,#3072);
#2533=LINE('',#6061,#3073);
#2534=LINE('',#6063,#3074);
#2535=LINE('',#6065,#3075);
#2536=LINE('',#6066,#3076);
#2537=LINE('',#6068,#3077);
#2538=LINE('',#6069,#3078);
#2539=LINE('',#6072,#3079);
#2540=LINE('',#6073,#3080);
#2541=LINE('',#6075,#3081);
#2542=LINE('',#6077,#3082);
#2543=LINE('',#6080,#3083);
#2544=LINE('',#6081,#3084);
#2545=LINE('',#6083,#3085);
#2546=LINE('',#6085,#3086);
#2547=LINE('',#6088,#3087);
#2548=LINE('',#6090,#3088);
#2549=LINE('',#6094,#3089);
#2550=LINE('',#6096,#3090);
#2551=LINE('',#6098,#3091);
#2552=LINE('',#6100,#3092);
#2553=LINE('',#6102,#3093);
#2554=LINE('',#6104,#3094);
#2555=LINE('',#6106,#3095);
#2556=LINE('',#6108,#3096);
#2557=LINE('',#6110,#3097);
#2558=LINE('',#6112,#3098);
#2559=LINE('',#6114,#3099);
#2560=LINE('',#6116,#3100);
#2561=LINE('',#6118,#3101);
#2562=LINE('',#6120,#3102);
#2563=LINE('',#6122,#3103);
#2564=LINE('',#6124,#3104);
#2565=LINE('',#6126,#3105);
#2566=LINE('',#6128,#3106);
#2567=LINE('',#6130,#3107);
#2568=LINE('',#6132,#3108);
#2569=LINE('',#6134,#3109);
#2570=LINE('',#6136,#3110);
#2571=LINE('',#6138,#3111);
#2572=LINE('',#6140,#3112);
#2573=LINE('',#6142,#3113);
#2574=LINE('',#6144,#3114);
#2575=LINE('',#6146,#3115);
#2576=LINE('',#6149,#3116);
#2577=LINE('',#6150,#3117);
#2578=LINE('',#6152,#3118);
#2579=LINE('',#6154,#3119);
#2580=LINE('',#6156,#3120);
#2581=LINE('',#6158,#3121);
#2582=LINE('',#6160,#3122);
#2583=LINE('',#6163,#3123);
#2584=LINE('',#6164,#3124);
#2585=LINE('',#6166,#3125);
#2586=LINE('',#6168,#3126);
#2587=LINE('',#6172,#3127);
#2588=LINE('',#6174,#3128);
#2589=LINE('',#6176,#3129);
#2590=LINE('',#6178,#3130);
#2591=LINE('',#6180,#3131);
#2592=LINE('',#6182,#3132);
#2593=LINE('',#6184,#3133);
#2594=LINE('',#6186,#3134);
#2595=LINE('',#6188,#3135);
#2596=LINE('',#6190,#3136);
#2597=LINE('',#6192,#3137);
#2598=LINE('',#6194,#3138);
#2599=LINE('',#6196,#3139);
#2600=LINE('',#6198,#3140);
#2601=LINE('',#6200,#3141);
#2602=LINE('',#6202,#3142);
#2603=LINE('',#6204,#3143);
#2604=LINE('',#6211,#3144);
#2605=LINE('',#6214,#3145);
#2606=LINE('',#6218,#3146);
#2607=LINE('',#6220,#3147);
#2608=LINE('',#6222,#3148);
#2609=LINE('',#6224,#3149);
#2610=LINE('',#6228,#3150);
#2611=LINE('',#6230,#3151);
#2612=LINE('',#6240,#3152);
#2613=LINE('',#6242,#3153);
#2614=LINE('',#6244,#3154);
#2615=LINE('',#6246,#3155);
#2616=LINE('',#6248,#3156);
#2617=LINE('',#6250,#3157);
#2618=LINE('',#6252,#3158);
#2619=LINE('',#6253,#3159);
#2620=LINE('',#6255,#3160);
#2621=LINE('',#6257,#3161);
#2622=LINE('',#6259,#3162);
#2623=LINE('',#6261,#3163);
#2624=LINE('',#6263,#3164);
#2625=LINE('',#6265,#3165);
#2626=LINE('',#6267,#3166);
#2627=LINE('',#6269,#3167);
#2628=LINE('',#6271,#3168);
#2629=LINE('',#6273,#3169);
#2630=LINE('',#6275,#3170);
#2631=LINE('',#6277,#3171);
#2632=LINE('',#6279,#3172);
#2633=LINE('',#6281,#3173);
#2634=LINE('',#6283,#3174);
#2635=LINE('',#6285,#3175);
#2636=LINE('',#6287,#3176);
#2637=LINE('',#6289,#3177);
#2638=LINE('',#6291,#3178);
#2639=LINE('',#6293,#3179);
#2640=LINE('',#6297,#3180);
#2641=LINE('',#6299,#3181);
#2642=LINE('',#6301,#3182);
#2643=LINE('',#6303,#3183);
#2644=LINE('',#6305,#3184);
#2645=LINE('',#6307,#3185);
#2646=LINE('',#6309,#3186);
#2647=LINE('',#6311,#3187);
#2648=LINE('',#6313,#3188);
#2649=LINE('',#6315,#3189);
#2650=LINE('',#6317,#3190);
#2651=LINE('',#6319,#3191);
#2652=LINE('',#6321,#3192);
#2653=LINE('',#6323,#3193);
#2654=LINE('',#6325,#3194);
#2655=LINE('',#6327,#3195);
#2656=LINE('',#6329,#3196);
#2657=LINE('',#6331,#3197);
#2658=LINE('',#6333,#3198);
#2659=LINE('',#6335,#3199);
#2660=LINE('',#6337,#3200);
#2661=LINE('',#6339,#3201);
#2662=LINE('',#6341,#3202);
#2663=LINE('',#6343,#3203);
#2664=LINE('',#6345,#3204);
#2665=LINE('',#6348,#3205);
#2666=LINE('',#6350,#3206);
#2667=VECTOR('',#4235,1.);
#2668=VECTOR('',#4236,1.);
#2669=VECTOR('',#4237,1.);
#2670=VECTOR('',#4238,1.);
#2671=VECTOR('',#4241,1.);
#2672=VECTOR('',#4242,1.);
#2673=VECTOR('',#4243,1.);
#2674=VECTOR('',#4246,1.);
#2675=VECTOR('',#4247,1.);
#2676=VECTOR('',#4248,1.);
#2677=VECTOR('',#4251,1.);
#2678=VECTOR('',#4252,1.);
#2679=VECTOR('',#4253,1.);
#2680=VECTOR('',#4256,1.);
#2681=VECTOR('',#4257,1.);
#2682=VECTOR('',#4258,1.);
#2683=VECTOR('',#4261,1.);
#2684=VECTOR('',#4262,1.);
#2685=VECTOR('',#4263,1.);
#2686=VECTOR('',#4266,1.);
#2687=VECTOR('',#4267,1.);
#2688=VECTOR('',#4268,1.);
#2689=VECTOR('',#4271,1.);
#2690=VECTOR('',#4272,1.);
#2691=VECTOR('',#4273,1.);
#2692=VECTOR('',#4276,1.);
#2693=VECTOR('',#4277,1.);
#2694=VECTOR('',#4278,1.);
#2695=VECTOR('',#4281,1.);
#2696=VECTOR('',#4282,1.);
#2697=VECTOR('',#4283,1.);
#2698=VECTOR('',#4286,1.);
#2699=VECTOR('',#4287,1.);
#2700=VECTOR('',#4288,1.);
#2701=VECTOR('',#4291,1.);
#2702=VECTOR('',#4292,1.);
#2703=VECTOR('',#4293,1.);
#2704=VECTOR('',#4296,1.);
#2705=VECTOR('',#4297,1.);
#2706=VECTOR('',#4298,1.);
#2707=VECTOR('',#4301,1.);
#2708=VECTOR('',#4302,1.);
#2709=VECTOR('',#4303,1.);
#2710=VECTOR('',#4306,1.);
#2711=VECTOR('',#4307,1.);
#2712=VECTOR('',#4308,1.);
#2713=VECTOR('',#4311,1.);
#2714=VECTOR('',#4312,1.);
#2715=VECTOR('',#4313,1.);
#2716=VECTOR('',#4316,1.);
#2717=VECTOR('',#4317,1.);
#2718=VECTOR('',#4318,1.);
#2719=VECTOR('',#4321,1.);
#2720=VECTOR('',#4322,1.);
#2721=VECTOR('',#4323,1.);
#2722=VECTOR('',#4326,1.);
#2723=VECTOR('',#4327,1.);
#2724=VECTOR('',#4328,1.);
#2725=VECTOR('',#4331,1.);
#2726=VECTOR('',#4332,1.);
#2727=VECTOR('',#4333,1.);
#2728=VECTOR('',#4336,1.);
#2729=VECTOR('',#4337,1.);
#2730=VECTOR('',#4338,1.);
#2731=VECTOR('',#4341,1.);
#2732=VECTOR('',#4342,1.);
#2733=VECTOR('',#4343,1.);
#2734=VECTOR('',#4346,1.);
#2735=VECTOR('',#4347,1.);
#2736=VECTOR('',#4348,1.);
#2737=VECTOR('',#4351,1.);
#2738=VECTOR('',#4352,1.);
#2739=VECTOR('',#4353,1.);
#2740=VECTOR('',#4356,1.);
#2741=VECTOR('',#4357,1.);
#2742=VECTOR('',#4358,1.);
#2743=VECTOR('',#4361,1.);
#2744=VECTOR('',#4362,1.);
#2745=VECTOR('',#4363,1.);
#2746=VECTOR('',#4370,1.);
#2747=VECTOR('',#4377,1.);
#2748=VECTOR('',#4380,1.);
#2749=VECTOR('',#4381,1.);
#2750=VECTOR('',#4382,1.);
#2751=VECTOR('',#4385,1.);
#2752=VECTOR('',#4386,1.);
#2753=VECTOR('',#4387,1.);
#2754=VECTOR('',#4390,1.);
#2755=VECTOR('',#4391,1.);
#2756=VECTOR('',#4392,1.);
#2757=VECTOR('',#4395,1.);
#2758=VECTOR('',#4396,1.);
#2759=VECTOR('',#4397,1.);
#2760=VECTOR('',#4400,1.);
#2761=VECTOR('',#4401,1.);
#2762=VECTOR('',#4402,1.);
#2763=VECTOR('',#4405,1.);
#2764=VECTOR('',#4406,1.);
#2765=VECTOR('',#4407,1.);
#2766=VECTOR('',#4410,1.);
#2767=VECTOR('',#4411,1.);
#2768=VECTOR('',#4412,1.);
#2769=VECTOR('',#4415,1.);
#2770=VECTOR('',#4416,1.);
#2771=VECTOR('',#4417,1.);
#2772=VECTOR('',#4422,1.);
#2773=VECTOR('',#4423,1.);
#2774=VECTOR('',#4424,1.);
#2775=VECTOR('',#4427,1.);
#2776=VECTOR('',#4428,1.);
#2777=VECTOR('',#4431,1.);
#2778=VECTOR('',#4432,1.);
#2779=VECTOR('',#4433,1.);
#2780=VECTOR('',#4434,1.);
#2781=VECTOR('',#4435,1.);
#2782=VECTOR('',#4436,1.);
#2783=VECTOR('',#4437,1.);
#2784=VECTOR('',#4438,1.);
#2785=VECTOR('',#4439,1.);
#2786=VECTOR('',#4444,1.);
#2787=VECTOR('',#4447,1.);
#2788=VECTOR('',#4450,1.);
#2789=VECTOR('',#4451,1.);
#2790=VECTOR('',#4452,1.);
#2791=VECTOR('',#4453,1.);
#2792=VECTOR('',#4454,1.);
#2793=VECTOR('',#4455,1.);
#2794=VECTOR('',#4456,1.);
#2795=VECTOR('',#4457,1.);
#2796=VECTOR('',#4460,1.);
#2797=VECTOR('',#4461,1.);
#2798=VECTOR('',#4462,1.);
#2799=VECTOR('',#4463,1.);
#2800=VECTOR('',#4464,1.);
#2801=VECTOR('',#4465,1.);
#2802=VECTOR('',#4466,1.);
#2803=VECTOR('',#4467,1.);
#2804=VECTOR('',#4470,1.);
#2805=VECTOR('',#4471,1.);
#2806=VECTOR('',#4472,1.);
#2807=VECTOR('',#4473,1.);
#2808=VECTOR('',#4474,1.);
#2809=VECTOR('',#4475,1.);
#2810=VECTOR('',#4476,1.);
#2811=VECTOR('',#4477,1.);
#2812=VECTOR('',#4480,1.);
#2813=VECTOR('',#4481,1.);
#2814=VECTOR('',#4482,1.);
#2815=VECTOR('',#4483,1.);
#2816=VECTOR('',#4484,1.);
#2817=VECTOR('',#4485,1.);
#2818=VECTOR('',#4486,1.);
#2819=VECTOR('',#4487,1.);
#2820=VECTOR('',#4490,1.);
#2821=VECTOR('',#4491,1.);
#2822=VECTOR('',#4492,1.);
#2823=VECTOR('',#4493,1.);
#2824=VECTOR('',#4494,1.);
#2825=VECTOR('',#4495,1.);
#2826=VECTOR('',#4498,1.);
#2827=VECTOR('',#4499,1.);
#2828=VECTOR('',#4500,1.);
#2829=VECTOR('',#4503,1.);
#2830=VECTOR('',#4504,1.);
#2831=VECTOR('',#4505,1.);
#2832=VECTOR('',#4508,1.);
#2833=VECTOR('',#4509,1.);
#2834=VECTOR('',#4510,1.);
#2835=VECTOR('',#4513,1.);
#2836=VECTOR('',#4514,1.);
#2837=VECTOR('',#4515,1.);
#2838=VECTOR('',#4518,1.);
#2839=VECTOR('',#4519,1.);
#2840=VECTOR('',#4520,1.);
#2841=VECTOR('',#4523,1.);
#2842=VECTOR('',#4524,1.);
#2843=VECTOR('',#4525,1.);
#2844=VECTOR('',#4528,1.);
#2845=VECTOR('',#4529,1.);
#2846=VECTOR('',#4530,1.);
#2847=VECTOR('',#4535,1.);
#2848=VECTOR('',#4540,1.);
#2849=VECTOR('',#4541,1.);
#2850=VECTOR('',#4542,1.);
#2851=VECTOR('',#4543,1.);
#2852=VECTOR('',#4544,1.);
#2853=VECTOR('',#4547,1.);
#2854=VECTOR('',#4548,1.);
#2855=VECTOR('',#4549,1.);
#2856=VECTOR('',#4550,1.);
#2857=VECTOR('',#4553,1.);
#2858=VECTOR('',#4554,1.);
#2859=VECTOR('',#4555,1.);
#2860=VECTOR('',#4558,1.);
#2861=VECTOR('',#4559,1.);
#2862=VECTOR('',#4560,1.);
#2863=VECTOR('',#4563,1.);
#2864=VECTOR('',#4564,1.);
#2865=VECTOR('',#4565,1.);
#2866=VECTOR('',#4566,1.);
#2867=VECTOR('',#4569,1.);
#2868=VECTOR('',#4570,1.);
#2869=VECTOR('',#4571,1.);
#2870=VECTOR('',#4574,1.);
#2871=VECTOR('',#4575,1.);
#2872=VECTOR('',#4576,1.);
#2873=VECTOR('',#4579,1.);
#2874=VECTOR('',#4580,1.);
#2875=VECTOR('',#4581,1.);
#2876=VECTOR('',#4584,1.);
#2877=VECTOR('',#4585,1.);
#2878=VECTOR('',#4586,1.);
#2879=VECTOR('',#4589,1.);
#2880=VECTOR('',#4590,1.);
#2881=VECTOR('',#4591,1.);
#2882=VECTOR('',#4594,1.);
#2883=VECTOR('',#4595,1.);
#2884=VECTOR('',#4596,1.);
#2885=VECTOR('',#4599,1.);
#2886=VECTOR('',#4600,1.);
#2887=VECTOR('',#4601,1.);
#2888=VECTOR('',#4604,1.);
#2889=VECTOR('',#4605,1.);
#2890=VECTOR('',#4606,1.);
#2891=VECTOR('',#4609,1.);
#2892=VECTOR('',#4610,1.);
#2893=VECTOR('',#4611,1.);
#2894=VECTOR('',#4614,1.);
#2895=VECTOR('',#4615,1.);
#2896=VECTOR('',#4616,1.);
#2897=VECTOR('',#4619,1.);
#2898=VECTOR('',#4620,1.);
#2899=VECTOR('',#4621,1.);
#2900=VECTOR('',#4624,1.);
#2901=VECTOR('',#4625,1.);
#2902=VECTOR('',#4626,1.);
#2903=VECTOR('',#4629,1.);
#2904=VECTOR('',#4630,1.);
#2905=VECTOR('',#4631,1.);
#2906=VECTOR('',#4634,1.);
#2907=VECTOR('',#4635,1.);
#2908=VECTOR('',#4636,1.);
#2909=VECTOR('',#4639,1.);
#2910=VECTOR('',#4640,1.);
#2911=VECTOR('',#4641,1.);
#2912=VECTOR('',#4644,1.);
#2913=VECTOR('',#4645,1.);
#2914=VECTOR('',#4646,1.);
#2915=VECTOR('',#4649,1.);
#2916=VECTOR('',#4650,1.);
#2917=VECTOR('',#4651,1.);
#2918=VECTOR('',#4654,1.);
#2919=VECTOR('',#4655,1.);
#2920=VECTOR('',#4656,1.);
#2921=VECTOR('',#4659,1.);
#2922=VECTOR('',#4660,1.);
#2923=VECTOR('',#4661,1.);
#2924=VECTOR('',#4664,1.);
#2925=VECTOR('',#4665,1.);
#2926=VECTOR('',#4666,1.);
#2927=VECTOR('',#4669,1.);
#2928=VECTOR('',#4670,1.);
#2929=VECTOR('',#4671,1.);
#2930=VECTOR('',#4674,1.);
#2931=VECTOR('',#4675,1.);
#2932=VECTOR('',#4678,1.);
#2933=VECTOR('',#4679,1.);
#2934=VECTOR('',#4680,1.);
#2935=VECTOR('',#4683,1.);
#2936=VECTOR('',#4684,1.);
#2937=VECTOR('',#4685,1.);
#2938=VECTOR('',#4688,1.);
#2939=VECTOR('',#4689,1.);
#2940=VECTOR('',#4690,1.);
#2941=VECTOR('',#4693,1.);
#2942=VECTOR('',#4694,1.);
#2943=VECTOR('',#4695,1.);
#2944=VECTOR('',#4698,1.);
#2945=VECTOR('',#4699,1.);
#2946=VECTOR('',#4700,1.);
#2947=VECTOR('',#4703,1.);
#2948=VECTOR('',#4704,1.);
#2949=VECTOR('',#4705,1.);
#2950=VECTOR('',#4708,1.);
#2951=VECTOR('',#4709,1.);
#2952=VECTOR('',#4710,1.);
#2953=VECTOR('',#4713,1.);
#2954=VECTOR('',#4714,1.);
#2955=VECTOR('',#4715,1.);
#2956=VECTOR('',#4718,1.);
#2957=VECTOR('',#4719,1.);
#2958=VECTOR('',#4720,1.);
#2959=VECTOR('',#4723,1.);
#2960=VECTOR('',#4724,1.);
#2961=VECTOR('',#4725,1.);
#2962=VECTOR('',#4728,1.);
#2963=VECTOR('',#4729,1.);
#2964=VECTOR('',#4730,1.);
#2965=VECTOR('',#4733,1.);
#2966=VECTOR('',#4734,1.);
#2967=VECTOR('',#4735,1.);
#2968=VECTOR('',#4738,1.);
#2969=VECTOR('',#4739,1.);
#2970=VECTOR('',#4740,1.);
#2971=VECTOR('',#4743,1.);
#2972=VECTOR('',#4744,1.);
#2973=VECTOR('',#4745,1.);
#2974=VECTOR('',#4748,1.);
#2975=VECTOR('',#4749,1.);
#2976=VECTOR('',#4750,1.);
#2977=VECTOR('',#4753,1.);
#2978=VECTOR('',#4754,1.);
#2979=VECTOR('',#4755,1.);
#2980=VECTOR('',#4758,1.);
#2981=VECTOR('',#4759,1.);
#2982=VECTOR('',#4760,1.);
#2983=VECTOR('',#4763,1.);
#2984=VECTOR('',#4764,1.);
#2985=VECTOR('',#4765,1.);
#2986=VECTOR('',#4768,1.);
#2987=VECTOR('',#4769,1.);
#2988=VECTOR('',#4770,1.);
#2989=VECTOR('',#4773,1.);
#2990=VECTOR('',#4774,1.);
#2991=VECTOR('',#4775,1.);
#2992=VECTOR('',#4778,1.);
#2993=VECTOR('',#4779,1.);
#2994=VECTOR('',#4780,1.);
#2995=VECTOR('',#4783,1.);
#2996=VECTOR('',#4784,1.);
#2997=VECTOR('',#4785,1.);
#2998=VECTOR('',#4790,1.);
#2999=VECTOR('',#4797,1.);
#3000=VECTOR('',#4802,1.);
#3001=VECTOR('',#4803,1.);
#3002=VECTOR('',#4804,1.);
#3003=VECTOR('',#4807,1.);
#3004=VECTOR('',#4808,1.);
#3005=VECTOR('',#4809,1.);
#3006=VECTOR('',#4812,1.);
#3007=VECTOR('',#4813,1.);
#3008=VECTOR('',#4814,1.);
#3009=VECTOR('',#4817,1.);
#3010=VECTOR('',#4818,1.);
#3011=VECTOR('',#4819,1.);
#3012=VECTOR('',#4822,1.);
#3013=VECTOR('',#4823,1.);
#3014=VECTOR('',#4824,1.);
#3015=VECTOR('',#4827,1.);
#3016=VECTOR('',#4828,1.);
#3017=VECTOR('',#4829,1.);
#3018=VECTOR('',#4832,1.);
#3019=VECTOR('',#4833,1.);
#3020=VECTOR('',#4834,1.);
#3021=VECTOR('',#4837,1.);
#3022=VECTOR('',#4838,1.);
#3023=VECTOR('',#4839,1.);
#3024=VECTOR('',#4842,1.);
#3025=VECTOR('',#4843,1.);
#3026=VECTOR('',#4844,1.);
#3027=VECTOR('',#4847,1.);
#3028=VECTOR('',#4848,1.);
#3029=VECTOR('',#4849,1.);
#3030=VECTOR('',#4852,1.);
#3031=VECTOR('',#4853,1.);
#3032=VECTOR('',#4854,1.);
#3033=VECTOR('',#4857,1.);
#3034=VECTOR('',#4858,1.);
#3035=VECTOR('',#4859,1.);
#3036=VECTOR('',#4862,1.);
#3037=VECTOR('',#4863,1.);
#3038=VECTOR('',#4864,1.);
#3039=VECTOR('',#4867,1.);
#3040=VECTOR('',#4868,1.);
#3041=VECTOR('',#4869,1.);
#3042=VECTOR('',#4872,1.);
#3043=VECTOR('',#4873,1.);
#3044=VECTOR('',#4874,1.);
#3045=VECTOR('',#4877,1.);
#3046=VECTOR('',#4878,1.);
#3047=VECTOR('',#4879,1.);
#3048=VECTOR('',#4882,1.);
#3049=VECTOR('',#4883,1.);
#3050=VECTOR('',#4884,1.);
#3051=VECTOR('',#4887,1.);
#3052=VECTOR('',#4888,1.);
#3053=VECTOR('',#4889,1.);
#3054=VECTOR('',#4892,1.);
#3055=VECTOR('',#4893,1.);
#3056=VECTOR('',#4894,1.);
#3057=VECTOR('',#4897,1.);
#3058=VECTOR('',#4898,1.);
#3059=VECTOR('',#4899,1.);
#3060=VECTOR('',#4902,1.);
#3061=VECTOR('',#4903,1.);
#3062=VECTOR('',#4904,1.);
#3063=VECTOR('',#4907,1.);
#3064=VECTOR('',#4908,1.);
#3065=VECTOR('',#4909,1.);
#3066=VECTOR('',#4912,1.);
#3067=VECTOR('',#4913,1.);
#3068=VECTOR('',#4914,1.);
#3069=VECTOR('',#4917,1.);
#3070=VECTOR('',#4918,1.);
#3071=VECTOR('',#4919,1.);
#3072=VECTOR('',#4922,1.);
#3073=VECTOR('',#4923,1.);
#3074=VECTOR('',#4924,1.);
#3075=VECTOR('',#4927,1.);
#3076=VECTOR('',#4928,1.);
#3077=VECTOR('',#4931,1.);
#3078=VECTOR('',#4932,1.);
#3079=VECTOR('',#4937,1.);
#3080=VECTOR('',#4938,1.);
#3081=VECTOR('',#4941,1.);
#3082=VECTOR('',#4944,1.);
#3083=VECTOR('',#4949,1.);
#3084=VECTOR('',#4950,1.);
#3085=VECTOR('',#4953,1.);
#3086=VECTOR('',#4956,1.);
#3087=VECTOR('',#4961,1.);
#3088=VECTOR('',#4962,1.);
#3089=VECTOR('',#4965,1.);
#3090=VECTOR('',#4966,1.);
#3091=VECTOR('',#4967,1.);
#3092=VECTOR('',#4968,1.);
#3093=VECTOR('',#4969,1.);
#3094=VECTOR('',#4970,1.);
#3095=VECTOR('',#4971,1.);
#3096=VECTOR('',#4972,1.);
#3097=VECTOR('',#4973,1.);
#3098=VECTOR('',#4974,1.);
#3099=VECTOR('',#4975,1.);
#3100=VECTOR('',#4976,1.);
#3101=VECTOR('',#4977,1.);
#3102=VECTOR('',#4978,1.);
#3103=VECTOR('',#4979,1.);
#3104=VECTOR('',#4980,1.);
#3105=VECTOR('',#4981,1.);
#3106=VECTOR('',#4982,1.);
#3107=VECTOR('',#4983,1.);
#3108=VECTOR('',#4984,1.);
#3109=VECTOR('',#4985,1.);
#3110=VECTOR('',#4986,1.);
#3111=VECTOR('',#4989,1.);
#3112=VECTOR('',#4990,1.);
#3113=VECTOR('',#4991,1.);
#3114=VECTOR('',#4992,1.);
#3115=VECTOR('',#4995,1.);
#3116=VECTOR('',#4996,1.);
#3117=VECTOR('',#4997,1.);
#3118=VECTOR('',#5000,1.);
#3119=VECTOR('',#5001,1.);
#3120=VECTOR('',#5004,1.);
#3121=VECTOR('',#5005,1.);
#3122=VECTOR('',#5008,1.);
#3123=VECTOR('',#5009,1.);
#3124=VECTOR('',#5010,1.);
#3125=VECTOR('',#5013,1.);
#3126=VECTOR('',#5014,1.);
#3127=VECTOR('',#5019,1.);
#3128=VECTOR('',#5022,1.);
#3129=VECTOR('',#5023,1.);
#3130=VECTOR('',#5026,1.);
#3131=VECTOR('',#5027,1.);
#3132=VECTOR('',#5030,1.);
#3133=VECTOR('',#5031,1.);
#3134=VECTOR('',#5034,1.);
#3135=VECTOR('',#5035,1.);
#3136=VECTOR('',#5038,1.);
#3137=VECTOR('',#5039,1.);
#3138=VECTOR('',#5042,1.);
#3139=VECTOR('',#5043,1.);
#3140=VECTOR('',#5046,1.);
#3141=VECTOR('',#5047,1.);
#3142=VECTOR('',#5050,1.);
#3143=VECTOR('',#5051,1.);
#3144=VECTOR('',#5062,1.);
#3145=VECTOR('',#5067,1.);
#3146=VECTOR('',#5070,1.);
#3147=VECTOR('',#5073,1.);
#3148=VECTOR('',#5074,1.);
#3149=VECTOR('',#5077,1.);
#3150=VECTOR('',#5082,1.);
#3151=VECTOR('',#5083,1.);
#3152=VECTOR('',#5098,1.);
#3153=VECTOR('',#5099,1.);
#3154=VECTOR('',#5102,1.);
#3155=VECTOR('',#5103,1.);
#3156=VECTOR('',#5104,1.);
#3157=VECTOR('',#5105,1.);
#3158=VECTOR('',#5106,1.);
#3159=VECTOR('',#5107,1.);
#3160=VECTOR('',#5108,1.);
#3161=VECTOR('',#5109,1.);
#3162=VECTOR('',#5110,1.);
#3163=VECTOR('',#5111,1.);
#3164=VECTOR('',#5112,1.);
#3165=VECTOR('',#5113,1.);
#3166=VECTOR('',#5114,1.);
#3167=VECTOR('',#5115,1.);
#3168=VECTOR('',#5116,1.);
#3169=VECTOR('',#5117,1.);
#3170=VECTOR('',#5118,1.);
#3171=VECTOR('',#5119,1.);
#3172=VECTOR('',#5120,1.);
#3173=VECTOR('',#5121,1.);
#3174=VECTOR('',#5122,1.);
#3175=VECTOR('',#5123,1.);
#3176=VECTOR('',#5124,1.);
#3177=VECTOR('',#5125,1.);
#3178=VECTOR('',#5126,1.);
#3179=VECTOR('',#5127,1.);
#3180=VECTOR('',#5130,1.);
#3181=VECTOR('',#5133,1.);
#3182=VECTOR('',#5136,1.);
#3183=VECTOR('',#5139,1.);
#3184=VECTOR('',#5142,1.);
#3185=VECTOR('',#5145,1.);
#3186=VECTOR('',#5148,1.);
#3187=VECTOR('',#5151,1.);
#3188=VECTOR('',#5154,1.);
#3189=VECTOR('',#5157,1.);
#3190=VECTOR('',#5160,1.);
#3191=VECTOR('',#5163,1.);
#3192=VECTOR('',#5166,1.);
#3193=VECTOR('',#5169,1.);
#3194=VECTOR('',#5172,1.);
#3195=VECTOR('',#5175,1.);
#3196=VECTOR('',#5178,1.);
#3197=VECTOR('',#5181,1.);
#3198=VECTOR('',#5184,1.);
#3199=VECTOR('',#5187,1.);
#3200=VECTOR('',#5190,1.);
#3201=VECTOR('',#5193,1.);
#3202=VECTOR('',#5196,1.);
#3203=VECTOR('',#5199,1.);
#3204=VECTOR('',#5202,1.);
#3205=VECTOR('',#5207,1.);
#3206=VECTOR('',#5210,1.);
#3207=EDGE_LOOP('',(#51,#52,#53,#54));
#3208=EDGE_LOOP('',(#55,#56,#57,#58));
#3209=EDGE_LOOP('',(#59,#60,#61,#62));
#3210=EDGE_LOOP('',(#63,#64,#65,#66));
#3211=EDGE_LOOP('',(#67,#68,#69,#70));
#3212=EDGE_LOOP('',(#71,#72,#73,#74));
#3213=EDGE_LOOP('',(#75,#76,#77,#78));
#3214=EDGE_LOOP('',(#79,#80,#81,#82));
#3215=EDGE_LOOP('',(#83,#84,#85,#86));
#3216=EDGE_LOOP('',(#87,#88,#89,#90));
#3217=EDGE_LOOP('',(#91,#92,#93,#94));
#3218=EDGE_LOOP('',(#95,#96,#97,#98));
#3219=EDGE_LOOP('',(#99,#100,#101,#102));
#3220=EDGE_LOOP('',(#103,#104,#105,#106));
#3221=EDGE_LOOP('',(#107,#108,#109,#110));
#3222=EDGE_LOOP('',(#111,#112,#113,#114));
#3223=EDGE_LOOP('',(#115,#116,#117,#118));
#3224=EDGE_LOOP('',(#119,#120,#121,#122));
#3225=EDGE_LOOP('',(#123,#124,#125,#126));
#3226=EDGE_LOOP('',(#127,#128,#129,#130));
#3227=EDGE_LOOP('',(#131,#132,#133,#134));
#3228=EDGE_LOOP('',(#135,#136,#137,#138));
#3229=EDGE_LOOP('',(#139,#140,#141,#142));
#3230=EDGE_LOOP('',(#143,#144,#145,#146));
#3231=EDGE_LOOP('',(#147,#148,#149,#150));
#3232=EDGE_LOOP('',(#151,#152,#153,#154));
#3233=EDGE_LOOP('',(#155,#156,#157,#158));
#3234=EDGE_LOOP('',(#159,#160,#161,#162));
#3235=EDGE_LOOP('',(#163,#164,#165,#166));
#3236=EDGE_LOOP('',(#167,#168,#169,#170));
#3237=EDGE_LOOP('',(#171,#172,#173,#174));
#3238=EDGE_LOOP('',(#175,#176,#177,#178));
#3239=EDGE_LOOP('',(#179,#180,#181,#182));
#3240=EDGE_LOOP('',(#183,#184,#185,#186));
#3241=EDGE_LOOP('',(#187,#188,#189,#190));
#3242=EDGE_LOOP('',(#191,#192,#193,#194));
#3243=EDGE_LOOP('',(#195));
#3244=EDGE_LOOP('',(#196,#197,#198,#199));
#3245=EDGE_LOOP('',(#200,#201,#202,#203,#204,#205,#206,#207,#208,#209,#210,
#211));
#3246=EDGE_LOOP('',(#212,#213,#214,#215,#216));
#3247=EDGE_LOOP('',(#217,#218,#219,#220));
#3248=EDGE_LOOP('',(#221,#222,#223,#224));
#3249=EDGE_LOOP('',(#225,#226,#227,#228));
#3250=EDGE_LOOP('',(#229,#230,#231,#232));
#3251=EDGE_LOOP('',(#233,#234,#235,#236));
#3252=EDGE_LOOP('',(#237,#238,#239,#240));
#3253=EDGE_LOOP('',(#241,#242,#243,#244,#245,#246,#247,#248));
#3254=EDGE_LOOP('',(#249,#250,#251,#252,#253,#254,#255,#256));
#3255=EDGE_LOOP('',(#257,#258,#259,#260));
#3256=EDGE_LOOP('',(#261,#262,#263,#264));
#3257=EDGE_LOOP('',(#265,#266,#267,#268));
#3258=EDGE_LOOP('',(#269,#270,#271,#272));
#3259=EDGE_LOOP('',(#273,#274,#275,#276));
#3260=EDGE_LOOP('',(#277,#278,#279,#280));
#3261=EDGE_LOOP('',(#281,#282,#283,#284));
#3262=EDGE_LOOP('',(#285,#286,#287,#288));
#3263=EDGE_LOOP('',(#289,#290,#291,#292,#293,#294));
#3264=EDGE_LOOP('',(#295,#296,#297,#298,#299,#300));
#3265=EDGE_LOOP('',(#301,#302,#303,#304));
#3266=EDGE_LOOP('',(#305,#306,#307,#308,#309));
#3267=EDGE_LOOP('',(#310,#311,#312,#313,#314));
#3268=EDGE_LOOP('',(#315,#316,#317,#318));
#3269=EDGE_LOOP('',(#319,#320,#321,#322));
#3270=EDGE_LOOP('',(#323,#324,#325,#326));
#3271=EDGE_LOOP('',(#327,#328,#329,#330));
#3272=EDGE_LOOP('',(#331,#332,#333,#334));
#3273=EDGE_LOOP('',(#335,#336,#337,#338));
#3274=EDGE_LOOP('',(#339,#340,#341,#342));
#3275=EDGE_LOOP('',(#343,#344,#345,#346));
#3276=EDGE_LOOP('',(#347,#348,#349,#350));
#3277=EDGE_LOOP('',(#351,#352,#353,#354));
#3278=EDGE_LOOP('',(#355,#356,#357,#358));
#3279=EDGE_LOOP('',(#359,#360,#361,#362));
#3280=EDGE_LOOP('',(#363,#364,#365,#366));
#3281=EDGE_LOOP('',(#367,#368,#369,#370));
#3282=EDGE_LOOP('',(#371,#372,#373,#374));
#3283=EDGE_LOOP('',(#375,#376,#377,#378));
#3284=EDGE_LOOP('',(#379,#380,#381,#382));
#3285=EDGE_LOOP('',(#383,#384,#385,#386));
#3286=EDGE_LOOP('',(#387,#388,#389,#390));
#3287=EDGE_LOOP('',(#391,#392,#393,#394));
#3288=EDGE_LOOP('',(#395,#396,#397,#398));
#3289=EDGE_LOOP('',(#399,#400,#401,#402));
#3290=EDGE_LOOP('',(#403,#404,#405,#406));
#3291=EDGE_LOOP('',(#407,#408,#409,#410));
#3292=EDGE_LOOP('',(#411,#412,#413,#414));
#3293=EDGE_LOOP('',(#415,#416,#417,#418));
#3294=EDGE_LOOP('',(#419,#420,#421,#422));
#3295=EDGE_LOOP('',(#423,#424,#425,#426));
#3296=EDGE_LOOP('',(#427,#428,#429,#430));
#3297=EDGE_LOOP('',(#431,#432,#433,#434));
#3298=EDGE_LOOP('',(#435,#436,#437,#438));
#3299=EDGE_LOOP('',(#439,#440,#441,#442));
#3300=EDGE_LOOP('',(#443,#444,#445,#446));
#3301=EDGE_LOOP('',(#447,#448,#449,#450));
#3302=EDGE_LOOP('',(#451,#452,#453,#454));
#3303=EDGE_LOOP('',(#455,#456,#457,#458));
#3304=EDGE_LOOP('',(#459,#460,#461,#462));
#3305=EDGE_LOOP('',(#463,#464,#465,#466));
#3306=EDGE_LOOP('',(#467,#468,#469,#470));
#3307=EDGE_LOOP('',(#471,#472,#473,#474));
#3308=EDGE_LOOP('',(#475,#476,#477,#478));
#3309=EDGE_LOOP('',(#479,#480,#481,#482));
#3310=EDGE_LOOP('',(#483,#484,#485,#486));
#3311=EDGE_LOOP('',(#487,#488,#489,#490));
#3312=EDGE_LOOP('',(#491,#492,#493,#494));
#3313=EDGE_LOOP('',(#495,#496,#497,#498));
#3314=EDGE_LOOP('',(#499,#500,#501,#502));
#3315=EDGE_LOOP('',(#503,#504,#505,#506));
#3316=EDGE_LOOP('',(#507,#508,#509,#510));
#3317=EDGE_LOOP('',(#511,#512,#513,#514));
#3318=EDGE_LOOP('',(#515,#516,#517,#518));
#3319=EDGE_LOOP('',(#519,#520,#521,#522));
#3320=EDGE_LOOP('',(#523,#524,#525,#526));
#3321=EDGE_LOOP('',(#527,#528,#529,#530));
#3322=EDGE_LOOP('',(#531,#532,#533,#534));
#3323=EDGE_LOOP('',(#535,#536,#537,#538));
#3324=EDGE_LOOP('',(#539,#540,#541,#542));
#3325=EDGE_LOOP('',(#543,#544,#545,#546));
#3326=EDGE_LOOP('',(#547,#548,#549,#550));
#3327=EDGE_LOOP('',(#551,#552,#553,#554));
#3328=EDGE_LOOP('',(#555,#556,#557,#558));
#3329=EDGE_LOOP('',(#559,#560,#561,#562));
#3330=EDGE_LOOP('',(#563,#564,#565,#566));
#3331=EDGE_LOOP('',(#567,#568,#569,#570));
#3332=EDGE_LOOP('',(#571,#572,#573,#574));
#3333=EDGE_LOOP('',(#575,#576,#577,#578));
#3334=EDGE_LOOP('',(#579,#580,#581,#582));
#3335=EDGE_LOOP('',(#583,#584,#585,#586));
#3336=EDGE_LOOP('',(#587,#588,#589,#590));
#3337=EDGE_LOOP('',(#591,#592,#593,#594));
#3338=EDGE_LOOP('',(#595,#596,#597,#598));
#3339=EDGE_LOOP('',(#599,#600,#601,#602));
#3340=EDGE_LOOP('',(#603,#604,#605,#606));
#3341=EDGE_LOOP('',(#607,#608,#609,#610,#611,#612,#613,#614,#615,#616,#617,
#618,#619,#620,#621,#622,#623,#624,#625,#626,#627,#628,#629,#630,#631,#632,
#633,#634,#635,#636,#637,#638,#639,#640,#641,#642,#643,#644,#645,#646,#647,
#648,#649,#650,#651,#652,#653,#654,#655,#656,#657,#658,#659,#660,#661,#662,
#663,#664,#665,#666,#667,#668,#669,#670));
#3342=EDGE_LOOP('',(#671,#672,#673,#674,#675,#676,#677,#678,#679,#680,#681,
#682,#683,#684,#685,#686,#687,#688,#689,#690,#691,#692,#693,#694,#695,#696,
#697,#698,#699,#700,#701,#702,#703,#704,#705,#706,#707,#708,#709,#710,#711,
#712,#713,#714,#715,#716,#717,#718,#719,#720,#721,#722,#723,#724,#725,#726,
#727,#728,#729,#730,#731,#732,#733));
#3343=EDGE_LOOP('',(#734,#735,#736,#737,#738));
#3344=EDGE_LOOP('',(#739,#740,#741,#742));
#3345=EDGE_LOOP('',(#743,#744,#745,#746,#747));
#3346=EDGE_LOOP('',(#748,#749,#750,#751));
#3347=EDGE_LOOP('',(#752,#753,#754,#755));
#3348=EDGE_LOOP('',(#756,#757,#758,#759));
#3349=EDGE_LOOP('',(#760,#761,#762,#763));
#3350=EDGE_LOOP('',(#764,#765,#766,#767));
#3351=EDGE_LOOP('',(#768,#769,#770,#771,#772,#773,#774,#775,#776,#777,#778,
#779,#780,#781,#782,#783,#784,#785,#786,#787,#788,#789,#790,#791,#792,#793,
#794,#795,#796,#797,#798,#799,#800,#801,#802,#803,#804,#805,#806,#807,#808,
#809,#810,#811,#812,#813,#814,#815));
#3352=EDGE_LOOP('',(#816,#817,#818,#819,#820,#821,#822,#823));
#3353=EDGE_LOOP('',(#824,#825,#826,#827));
#3354=EDGE_LOOP('',(#828,#829,#830,#831));
#3355=EDGE_LOOP('',(#832,#833,#834,#835));
#3356=EDGE_LOOP('',(#836,#837,#838,#839));
#3357=EDGE_LOOP('',(#840,#841,#842,#843));
#3358=EDGE_LOOP('',(#844,#845,#846,#847));
#3359=EDGE_LOOP('',(#848,#849,#850,#851));
#3360=EDGE_LOOP('',(#852,#853,#854,#855));
#3361=EDGE_LOOP('',(#856,#857,#858,#859));
#3362=EDGE_LOOP('',(#860,#861,#862,#863));
#3363=EDGE_LOOP('',(#864,#865,#866,#867));
#3364=EDGE_LOOP('',(#868,#869,#870,#871));
#3365=EDGE_LOOP('',(#872,#873,#874,#875));
#3366=EDGE_LOOP('',(#876,#877,#878,#879));
#3367=EDGE_LOOP('',(#880));
#3368=EDGE_LOOP('',(#881));
#3369=EDGE_LOOP('',(#882,#883,#884,#885));
#3370=EDGE_LOOP('',(#886,#887,#888,#889));
#3371=EDGE_LOOP('',(#890,#891,#892,#893,#894,#895,#896,#897,#898,#899,#900,
#901,#902,#903,#904,#905,#906,#907,#908,#909,#910,#911,#912,#913,#914,#915,
#916,#917,#918,#919,#920,#921,#922,#923,#924,#925,#926,#927,#928,#929,#930,
#931,#932,#933,#934,#935,#936,#937,#938,#939,#940,#941,#942,#943,#944,#945,
#946,#947,#948,#949,#950,#951,#952,#953));
#3372=EDGE_LOOP('',(#954,#955,#956,#957,#958,#959,#960,#961,#962,#963,#964,
#965));
#3373=EDGE_LOOP('',(#966,#967,#968,#969));
#3374=EDGE_LOOP('',(#970));
#3375=EDGE_LOOP('',(#971,#972,#973,#974));
#3376=EDGE_LOOP('',(#975,#976,#977,#978));
#3377=EDGE_LOOP('',(#979,#980,#981,#982));
#3378=EDGE_LOOP('',(#983,#984,#985,#986));
#3379=EDGE_LOOP('',(#987));
#3380=EDGE_LOOP('',(#988));
#3381=EDGE_LOOP('',(#989,#990,#991,#992));
#3382=EDGE_LOOP('',(#993));
#3383=EDGE_LOOP('',(#994,#995,#996,#997,#998));
#3384=EDGE_LOOP('',(#999,#1000,#1001,#1002));
#3385=EDGE_LOOP('',(#1003));
#3386=EDGE_LOOP('',(#1004,#1005,#1006,#1007,#1008,#1009,#1010,#1011,#1012,
#1013,#1014,#1015,#1016,#1017,#1018,#1019,#1020,#1021,#1022,#1023,#1024,
#1025,#1026,#1027,#1028,#1029,#1030,#1031,#1032,#1033,#1034,#1035,#1036,
#1037,#1038,#1039,#1040,#1041,#1042,#1043,#1044,#1045,#1046,#1047,#1048,
#1049,#1050,#1051,#1052,#1053,#1054,#1055,#1056,#1057,#1058,#1059,#1060,
#1061,#1062,#1063,#1064,#1065,#1066,#1067,#1068,#1069,#1070));
#3387=EDGE_LOOP('',(#1071,#1072,#1073,#1074));
#3388=EDGE_LOOP('',(#1075,#1076,#1077,#1078));
#3389=EDGE_LOOP('',(#1079,#1080,#1081,#1082));
#3390=EDGE_LOOP('',(#1083,#1084,#1085,#1086));
#3391=EDGE_LOOP('',(#1087,#1088,#1089,#1090));
#3392=EDGE_LOOP('',(#1091,#1092,#1093,#1094));
#3393=EDGE_LOOP('',(#1095,#1096,#1097,#1098));
#3394=EDGE_LOOP('',(#1099,#1100,#1101,#1102));
#3395=EDGE_LOOP('',(#1103,#1104,#1105,#1106));
#3396=EDGE_LOOP('',(#1107,#1108,#1109,#1110));
#3397=EDGE_LOOP('',(#1111,#1112,#1113,#1114));
#3398=EDGE_LOOP('',(#1115,#1116,#1117,#1118));
#3399=EDGE_LOOP('',(#1119,#1120,#1121,#1122));
#3400=EDGE_LOOP('',(#1123,#1124,#1125,#1126));
#3401=EDGE_LOOP('',(#1127,#1128,#1129,#1130));
#3402=EDGE_LOOP('',(#1131,#1132,#1133,#1134));
#3403=EDGE_LOOP('',(#1135,#1136,#1137,#1138));
#3404=EDGE_LOOP('',(#1139,#1140,#1141,#1142));
#3405=EDGE_LOOP('',(#1143,#1144,#1145,#1146));
#3406=EDGE_LOOP('',(#1147,#1148,#1149,#1150));
#3407=EDGE_LOOP('',(#1151,#1152,#1153,#1154));
#3408=EDGE_LOOP('',(#1155,#1156,#1157,#1158));
#3409=EDGE_LOOP('',(#1159,#1160,#1161,#1162));
#3410=EDGE_LOOP('',(#1163,#1164,#1165,#1166));
#3411=EDGE_LOOP('',(#1167,#1168,#1169,#1170));
#3412=EDGE_LOOP('',(#1171,#1172,#1173,#1174));
#3413=EDGE_LOOP('',(#1175,#1176,#1177,#1178));
#3414=EDGE_LOOP('',(#1179,#1180,#1181,#1182));
#3415=FACE_BOUND('',#3207,.T.);
#3416=FACE_BOUND('',#3208,.T.);
#3417=FACE_BOUND('',#3209,.T.);
#3418=FACE_BOUND('',#3210,.T.);
#3419=FACE_BOUND('',#3211,.T.);
#3420=FACE_BOUND('',#3212,.T.);
#3421=FACE_BOUND('',#3213,.T.);
#3422=FACE_BOUND('',#3214,.T.);
#3423=FACE_BOUND('',#3215,.T.);
#3424=FACE_BOUND('',#3216,.T.);
#3425=FACE_BOUND('',#3217,.T.);
#3426=FACE_BOUND('',#3218,.T.);
#3427=FACE_BOUND('',#3219,.T.);
#3428=FACE_BOUND('',#3220,.T.);
#3429=FACE_BOUND('',#3221,.T.);
#3430=FACE_BOUND('',#3222,.T.);
#3431=FACE_BOUND('',#3223,.T.);
#3432=FACE_BOUND('',#3224,.T.);
#3433=FACE_BOUND('',#3225,.T.);
#3434=FACE_BOUND('',#3226,.T.);
#3435=FACE_BOUND('',#3227,.T.);
#3436=FACE_BOUND('',#3228,.T.);
#3437=FACE_BOUND('',#3229,.T.);
#3438=FACE_BOUND('',#3230,.T.);
#3439=FACE_BOUND('',#3231,.T.);
#3440=FACE_BOUND('',#3232,.T.);
#3441=FACE_BOUND('',#3233,.T.);
#3442=FACE_BOUND('',#3234,.T.);
#3443=FACE_BOUND('',#3235,.T.);
#3444=FACE_BOUND('',#3236,.T.);
#3445=FACE_BOUND('',#3237,.T.);
#3446=FACE_BOUND('',#3238,.T.);
#3447=FACE_BOUND('',#3239,.T.);
#3448=FACE_BOUND('',#3240,.T.);
#3449=FACE_BOUND('',#3241,.T.);
#3450=FACE_BOUND('',#3242,.T.);
#3451=FACE_BOUND('',#3243,.T.);
#3452=FACE_BOUND('',#3244,.T.);
#3453=FACE_BOUND('',#3245,.T.);
#3454=FACE_BOUND('',#3246,.T.);
#3455=FACE_BOUND('',#3247,.T.);
#3456=FACE_BOUND('',#3248,.T.);
#3457=FACE_BOUND('',#3249,.T.);
#3458=FACE_BOUND('',#3250,.T.);
#3459=FACE_BOUND('',#3251,.T.);
#3460=FACE_BOUND('',#3252,.T.);
#3461=FACE_BOUND('',#3253,.T.);
#3462=FACE_BOUND('',#3254,.T.);
#3463=FACE_BOUND('',#3255,.T.);
#3464=FACE_BOUND('',#3256,.T.);
#3465=FACE_BOUND('',#3257,.T.);
#3466=FACE_BOUND('',#3258,.T.);
#3467=FACE_BOUND('',#3259,.T.);
#3468=FACE_BOUND('',#3260,.T.);
#3469=FACE_BOUND('',#3261,.T.);
#3470=FACE_BOUND('',#3262,.T.);
#3471=FACE_BOUND('',#3263,.T.);
#3472=FACE_BOUND('',#3264,.T.);
#3473=FACE_BOUND('',#3265,.T.);
#3474=FACE_BOUND('',#3266,.T.);
#3475=FACE_BOUND('',#3267,.T.);
#3476=FACE_BOUND('',#3268,.T.);
#3477=FACE_BOUND('',#3269,.T.);
#3478=FACE_BOUND('',#3270,.T.);
#3479=FACE_BOUND('',#3271,.T.);
#3480=FACE_BOUND('',#3272,.T.);
#3481=FACE_BOUND('',#3273,.T.);
#3482=FACE_BOUND('',#3274,.T.);
#3483=FACE_BOUND('',#3275,.T.);
#3484=FACE_BOUND('',#3276,.T.);
#3485=FACE_BOUND('',#3277,.T.);
#3486=FACE_BOUND('',#3278,.T.);
#3487=FACE_BOUND('',#3279,.T.);
#3488=FACE_BOUND('',#3280,.T.);
#3489=FACE_BOUND('',#3281,.T.);
#3490=FACE_BOUND('',#3282,.T.);
#3491=FACE_BOUND('',#3283,.T.);
#3492=FACE_BOUND('',#3284,.T.);
#3493=FACE_BOUND('',#3285,.T.);
#3494=FACE_BOUND('',#3286,.T.);
#3495=FACE_BOUND('',#3287,.T.);
#3496=FACE_BOUND('',#3288,.T.);
#3497=FACE_BOUND('',#3289,.T.);
#3498=FACE_BOUND('',#3290,.T.);
#3499=FACE_BOUND('',#3291,.T.);
#3500=FACE_BOUND('',#3292,.T.);
#3501=FACE_BOUND('',#3293,.T.);
#3502=FACE_BOUND('',#3294,.T.);
#3503=FACE_BOUND('',#3295,.T.);
#3504=FACE_BOUND('',#3296,.T.);
#3505=FACE_BOUND('',#3297,.T.);
#3506=FACE_BOUND('',#3298,.T.);
#3507=FACE_BOUND('',#3299,.T.);
#3508=FACE_BOUND('',#3300,.T.);
#3509=FACE_BOUND('',#3301,.T.);
#3510=FACE_BOUND('',#3302,.T.);
#3511=FACE_BOUND('',#3303,.T.);
#3512=FACE_BOUND('',#3304,.T.);
#3513=FACE_BOUND('',#3305,.T.);
#3514=FACE_BOUND('',#3306,.T.);
#3515=FACE_BOUND('',#3307,.T.);
#3516=FACE_BOUND('',#3308,.T.);
#3517=FACE_BOUND('',#3309,.T.);
#3518=FACE_BOUND('',#3310,.T.);
#3519=FACE_BOUND('',#3311,.T.);
#3520=FACE_BOUND('',#3312,.T.);
#3521=FACE_BOUND('',#3313,.T.);
#3522=FACE_BOUND('',#3314,.T.);
#3523=FACE_BOUND('',#3315,.T.);
#3524=FACE_BOUND('',#3316,.T.);
#3525=FACE_BOUND('',#3317,.T.);
#3526=FACE_BOUND('',#3318,.T.);
#3527=FACE_BOUND('',#3319,.T.);
#3528=FACE_BOUND('',#3320,.T.);
#3529=FACE_BOUND('',#3321,.T.);
#3530=FACE_BOUND('',#3322,.T.);
#3531=FACE_BOUND('',#3323,.T.);
#3532=FACE_BOUND('',#3324,.T.);
#3533=FACE_BOUND('',#3325,.T.);
#3534=FACE_BOUND('',#3326,.T.);
#3535=FACE_BOUND('',#3327,.T.);
#3536=FACE_BOUND('',#3328,.T.);
#3537=FACE_BOUND('',#3329,.T.);
#3538=FACE_BOUND('',#3330,.T.);
#3539=FACE_BOUND('',#3331,.T.);
#3540=FACE_BOUND('',#3332,.T.);
#3541=FACE_BOUND('',#3333,.T.);
#3542=FACE_BOUND('',#3334,.T.);
#3543=FACE_BOUND('',#3335,.T.);
#3544=FACE_BOUND('',#3336,.T.);
#3545=FACE_BOUND('',#3337,.T.);
#3546=FACE_BOUND('',#3338,.T.);
#3547=FACE_BOUND('',#3339,.T.);
#3548=FACE_BOUND('',#3340,.T.);
#3549=FACE_BOUND('',#3341,.T.);
#3550=FACE_BOUND('',#3342,.T.);
#3551=FACE_BOUND('',#3343,.T.);
#3552=FACE_BOUND('',#3344,.T.);
#3553=FACE_BOUND('',#3345,.T.);
#3554=FACE_BOUND('',#3346,.T.);
#3555=FACE_BOUND('',#3347,.T.);
#3556=FACE_BOUND('',#3348,.T.);
#3557=FACE_BOUND('',#3349,.T.);
#3558=FACE_BOUND('',#3350,.T.);
#3559=FACE_BOUND('',#3351,.T.);
#3560=FACE_BOUND('',#3352,.T.);
#3561=FACE_BOUND('',#3353,.T.);
#3562=FACE_BOUND('',#3354,.T.);
#3563=FACE_BOUND('',#3355,.T.);
#3564=FACE_BOUND('',#3356,.T.);
#3565=FACE_BOUND('',#3357,.T.);
#3566=FACE_BOUND('',#3358,.T.);
#3567=FACE_BOUND('',#3359,.T.);
#3568=FACE_BOUND('',#3360,.T.);
#3569=FACE_BOUND('',#3361,.T.);
#3570=FACE_BOUND('',#3362,.T.);
#3571=FACE_BOUND('',#3363,.T.);
#3572=FACE_BOUND('',#3364,.T.);
#3573=FACE_BOUND('',#3365,.T.);
#3574=FACE_BOUND('',#3366,.T.);
#3575=FACE_BOUND('',#3367,.T.);
#3576=FACE_BOUND('',#3368,.T.);
#3577=FACE_BOUND('',#3369,.T.);
#3578=FACE_BOUND('',#3370,.T.);
#3579=FACE_BOUND('',#3371,.T.);
#3580=FACE_BOUND('',#3372,.T.);
#3581=FACE_BOUND('',#3373,.T.);
#3582=FACE_BOUND('',#3374,.T.);
#3583=FACE_BOUND('',#3375,.T.);
#3584=FACE_BOUND('',#3376,.T.);
#3585=FACE_BOUND('',#3377,.T.);
#3586=FACE_BOUND('',#3378,.T.);
#3587=FACE_BOUND('',#3379,.T.);
#3588=FACE_BOUND('',#3380,.T.);
#3589=FACE_BOUND('',#3381,.T.);
#3590=FACE_BOUND('',#3382,.T.);
#3591=FACE_BOUND('',#3383,.T.);
#3592=FACE_BOUND('',#3384,.T.);
#3593=FACE_BOUND('',#3385,.T.);
#3594=FACE_BOUND('',#3386,.T.);
#3595=FACE_BOUND('',#3387,.T.);
#3596=FACE_BOUND('',#3388,.T.);
#3597=FACE_BOUND('',#3389,.T.);
#3598=FACE_BOUND('',#3390,.T.);
#3599=FACE_BOUND('',#3391,.T.);
#3600=FACE_BOUND('',#3392,.T.);
#3601=FACE_BOUND('',#3393,.T.);
#3602=FACE_BOUND('',#3394,.T.);
#3603=FACE_BOUND('',#3395,.T.);
#3604=FACE_BOUND('',#3396,.T.);
#3605=FACE_BOUND('',#3397,.T.);
#3606=FACE_BOUND('',#3398,.T.);
#3607=FACE_BOUND('',#3399,.T.);
#3608=FACE_BOUND('',#3400,.T.);
#3609=FACE_BOUND('',#3401,.T.);
#3610=FACE_BOUND('',#3402,.T.);
#3611=FACE_BOUND('',#3403,.T.);
#3612=FACE_BOUND('',#3404,.T.);
#3613=FACE_BOUND('',#3405,.T.);
#3614=FACE_BOUND('',#3406,.T.);
#3615=FACE_BOUND('',#3407,.T.);
#3616=FACE_BOUND('',#3408,.T.);
#3617=FACE_BOUND('',#3409,.T.);
#3618=FACE_BOUND('',#3410,.T.);
#3619=FACE_BOUND('',#3411,.T.);
#3620=FACE_BOUND('',#3412,.T.);
#3621=FACE_BOUND('',#3413,.T.);
#3622=FACE_BOUND('',#3414,.T.);
#3623=PLANE('',#4011);
#3624=PLANE('',#4012);
#3625=PLANE('',#4013);
#3626=PLANE('',#4014);
#3627=PLANE('',#4015);
#3628=PLANE('',#4016);
#3629=PLANE('',#4017);
#3630=PLANE('',#4018);
#3631=PLANE('',#4019);
#3632=PLANE('',#4020);
#3633=PLANE('',#4021);
#3634=PLANE('',#4022);
#3635=PLANE('',#4023);
#3636=PLANE('',#4024);
#3637=PLANE('',#4025);
#3638=PLANE('',#4026);
#3639=PLANE('',#4027);
#3640=PLANE('',#4028);
#3641=PLANE('',#4029);
#3642=PLANE('',#4030);
#3643=PLANE('',#4031);
#3644=PLANE('',#4032);
#3645=PLANE('',#4033);
#3646=PLANE('',#4034);
#3647=PLANE('',#4035);
#3648=PLANE('',#4036);
#3649=PLANE('',#4043);
#3650=PLANE('',#4044);
#3651=PLANE('',#4045);
#3652=PLANE('',#4046);
#3653=PLANE('',#4047);
#3654=PLANE('',#4048);
#3655=PLANE('',#4049);
#3656=PLANE('',#4050);
#3657=PLANE('',#4051);
#3658=PLANE('',#4058);
#3659=PLANE('',#4059);
#3660=PLANE('',#4060);
#3661=PLANE('',#4061);
#3662=PLANE('',#4062);
#3663=PLANE('',#4063);
#3664=PLANE('',#4064);
#3665=PLANE('',#4065);
#3666=PLANE('',#4066);
#3667=PLANE('',#4067);
#3668=PLANE('',#4068);
#3669=PLANE('',#4069);
#3670=PLANE('',#4073);
#3671=PLANE('',#4074);
#3672=PLANE('',#4075);
#3673=PLANE('',#4076);
#3674=PLANE('',#4077);
#3675=PLANE('',#4078);
#3676=PLANE('',#4079);
#3677=PLANE('',#4080);
#3678=PLANE('',#4081);
#3679=PLANE('',#4082);
#3680=PLANE('',#4083);
#3681=PLANE('',#4084);
#3682=PLANE('',#4085);
#3683=PLANE('',#4086);
#3684=PLANE('',#4087);
#3685=PLANE('',#4088);
#3686=PLANE('',#4089);
#3687=PLANE('',#4090);
#3688=PLANE('',#4091);
#3689=PLANE('',#4092);
#3690=PLANE('',#4093);
#3691=PLANE('',#4094);
#3692=PLANE('',#4095);
#3693=PLANE('',#4096);
#3694=PLANE('',#4097);
#3695=PLANE('',#4098);
#3696=PLANE('',#4099);
#3697=PLANE('',#4100);
#3698=PLANE('',#4101);
#3699=PLANE('',#4102);
#3700=PLANE('',#4103);
#3701=PLANE('',#4104);
#3702=PLANE('',#4105);
#3703=PLANE('',#4106);
#3704=PLANE('',#4107);
#3705=PLANE('',#4108);
#3706=PLANE('',#4109);
#3707=PLANE('',#4110);
#3708=PLANE('',#4111);
#3709=PLANE('',#4112);
#3710=PLANE('',#4113);
#3711=PLANE('',#4114);
#3712=PLANE('',#4115);
#3713=PLANE('',#4116);
#3714=PLANE('',#4117);
#3715=PLANE('',#4118);
#3716=PLANE('',#4119);
#3717=PLANE('',#4120);
#3718=PLANE('',#4121);
#3719=PLANE('',#4128);
#3720=PLANE('',#4129);
#3721=PLANE('',#4130);
#3722=PLANE('',#4131);
#3723=PLANE('',#4132);
#3724=PLANE('',#4133);
#3725=PLANE('',#4134);
#3726=PLANE('',#4135);
#3727=PLANE('',#4136);
#3728=PLANE('',#4137);
#3729=PLANE('',#4138);
#3730=PLANE('',#4139);
#3731=PLANE('',#4140);
#3732=PLANE('',#4141);
#3733=PLANE('',#4142);
#3734=PLANE('',#4143);
#3735=PLANE('',#4144);
#3736=PLANE('',#4145);
#3737=PLANE('',#4146);
#3738=PLANE('',#4147);
#3739=PLANE('',#4148);
#3740=PLANE('',#4149);
#3741=PLANE('',#4150);
#3742=PLANE('',#4151);
#3743=PLANE('',#4152);
#3744=PLANE('',#4153);
#3745=PLANE('',#4154);
#3746=PLANE('',#4155);
#3747=PLANE('',#4156);
#3748=PLANE('',#4157);
#3749=PLANE('',#4158);
#3750=PLANE('',#4159);
#3751=PLANE('',#4160);
#3752=PLANE('',#4161);
#3753=PLANE('',#4162);
#3754=PLANE('',#4163);
#3755=PLANE('',#4164);
#3756=PLANE('',#4166);
#3757=PLANE('',#4167);
#3758=PLANE('',#4168);
#3759=PLANE('',#4169);
#3760=PLANE('',#4170);
#3761=PLANE('',#4171);
#3762=PLANE('',#4174);
#3763=PLANE('',#4175);
#3764=PLANE('',#4176);
#3765=PLANE('',#4177);
#3766=PLANE('',#4178);
#3767=PLANE('',#4179);
#3768=PLANE('',#4180);
#3769=PLANE('',#4181);
#3770=PLANE('',#4186);
#3771=PLANE('',#4187);
#3772=PLANE('',#4190);
#3773=PLANE('',#4193);
#3774=PLANE('',#4199);
#3775=PLANE('',#4200);
#3776=PLANE('',#4201);
#3777=PLANE('',#4203);
#3778=PLANE('',#4204);
#3779=PLANE('',#4205);
#3780=PLANE('',#4206);
#3781=PLANE('',#4207);
#3782=PLANE('',#4208);
#3783=PLANE('',#4209);
#3784=PLANE('',#4210);
#3785=PLANE('',#4211);
#3786=PLANE('',#4212);
#3787=PLANE('',#4213);
#3788=PLANE('',#4214);
#3789=PLANE('',#4215);
#3790=PLANE('',#4216);
#3791=PLANE('',#4217);
#3792=PLANE('',#4218);
#3793=PLANE('',#4219);
#3794=PLANE('',#4220);
#3795=PLANE('',#4221);
#3796=PLANE('',#4222);
#3797=PLANE('',#4223);
#3798=PLANE('',#4224);
#3799=PLANE('',#4225);
#3800=PLANE('',#4227);
#3801=PLANE('',#4228);
#3802=PLANE('',#4229);
#3803=PLANE('',#4230);
#3804=ADVANCED_FACE('',(#3415),#3623,.F.);
#3805=ADVANCED_FACE('',(#3416),#3624,.F.);
#3806=ADVANCED_FACE('',(#3417),#3625,.F.);
#3807=ADVANCED_FACE('',(#3418),#3626,.F.);
#3808=ADVANCED_FACE('',(#3419),#3627,.F.);
#3809=ADVANCED_FACE('',(#3420),#3628,.F.);
#3810=ADVANCED_FACE('',(#3421),#3629,.F.);
#3811=ADVANCED_FACE('',(#3422),#3630,.F.);
#3812=ADVANCED_FACE('',(#3423),#3631,.F.);
#3813=ADVANCED_FACE('',(#3424),#3632,.F.);
#3814=ADVANCED_FACE('',(#3425),#3633,.F.);
#3815=ADVANCED_FACE('',(#3426),#3634,.F.);
#3816=ADVANCED_FACE('',(#3427),#3635,.F.);
#3817=ADVANCED_FACE('',(#3428),#3636,.F.);
#3818=ADVANCED_FACE('',(#3429),#3637,.F.);
#3819=ADVANCED_FACE('',(#3430),#3638,.F.);
#3820=ADVANCED_FACE('',(#3431),#3639,.F.);
#3821=ADVANCED_FACE('',(#3432),#3640,.F.);
#3822=ADVANCED_FACE('',(#3433),#3641,.F.);
#3823=ADVANCED_FACE('',(#3434),#3642,.F.);
#3824=ADVANCED_FACE('',(#3435),#3643,.F.);
#3825=ADVANCED_FACE('',(#3436),#3644,.F.);
#3826=ADVANCED_FACE('',(#3437),#3645,.F.);
#3827=ADVANCED_FACE('',(#3438),#3646,.F.);
#3828=ADVANCED_FACE('',(#3439),#3647,.F.);
#3829=ADVANCED_FACE('',(#3440),#3648,.F.);
#3830=ADVANCED_FACE('',(#3441),#38,.T.);
#3831=ADVANCED_FACE('',(#3442),#39,.F.);
#3832=ADVANCED_FACE('',(#3443),#3649,.F.);
#3833=ADVANCED_FACE('',(#3444),#3650,.F.);
#3834=ADVANCED_FACE('',(#3445),#3651,.F.);
#3835=ADVANCED_FACE('',(#3446),#3652,.F.);
#3836=ADVANCED_FACE('',(#3447),#3653,.F.);
#3837=ADVANCED_FACE('',(#3448),#3654,.F.);
#3838=ADVANCED_FACE('',(#3449),#3655,.F.);
#3839=ADVANCED_FACE('',(#3450),#3656,.F.);
#3840=ADVANCED_FACE('',(#3451,#3452,#3453,#3454),#3657,.T.);
#3841=ADVANCED_FACE('',(#3455,#3456),#3658,.F.);
#3842=ADVANCED_FACE('',(#3457,#3458),#3659,.T.);
#3843=ADVANCED_FACE('',(#3459,#3460),#3660,.F.);
#3844=ADVANCED_FACE('',(#3461),#3661,.T.);
#3845=ADVANCED_FACE('',(#3462),#3662,.T.);
#3846=ADVANCED_FACE('',(#3463),#3663,.F.);
#3847=ADVANCED_FACE('',(#3464),#3664,.F.);
#3848=ADVANCED_FACE('',(#3465),#3665,.F.);
#3849=ADVANCED_FACE('',(#3466),#3666,.F.);
#3850=ADVANCED_FACE('',(#3467),#3667,.F.);
#3851=ADVANCED_FACE('',(#3468),#3668,.F.);
#3852=ADVANCED_FACE('',(#3469),#3669,.F.);
#3853=ADVANCED_FACE('',(#3470),#40,.F.);
#3854=ADVANCED_FACE('',(#3471),#3670,.F.);
#3855=ADVANCED_FACE('',(#3472),#3671,.F.);
#3856=ADVANCED_FACE('',(#3473),#3672,.F.);
#3857=ADVANCED_FACE('',(#3474),#3673,.F.);
#3858=ADVANCED_FACE('',(#3475),#3674,.F.);
#3859=ADVANCED_FACE('',(#3476),#3675,.F.);
#3860=ADVANCED_FACE('',(#3477),#3676,.F.);
#3861=ADVANCED_FACE('',(#3478),#3677,.F.);
#3862=ADVANCED_FACE('',(#3479),#3678,.F.);
#3863=ADVANCED_FACE('',(#3480),#3679,.F.);
#3864=ADVANCED_FACE('',(#3481),#3680,.F.);
#3865=ADVANCED_FACE('',(#3482),#3681,.F.);
#3866=ADVANCED_FACE('',(#3483),#3682,.F.);
#3867=ADVANCED_FACE('',(#3484),#3683,.F.);
#3868=ADVANCED_FACE('',(#3485),#3684,.F.);
#3869=ADVANCED_FACE('',(#3486),#3685,.F.);
#3870=ADVANCED_FACE('',(#3487),#3686,.T.);
#3871=ADVANCED_FACE('',(#3488),#3687,.T.);
#3872=ADVANCED_FACE('',(#3489),#3688,.T.);
#3873=ADVANCED_FACE('',(#3490),#3689,.T.);
#3874=ADVANCED_FACE('',(#3491),#3690,.T.);
#3875=ADVANCED_FACE('',(#3492),#3691,.T.);
#3876=ADVANCED_FACE('',(#3493),#3692,.T.);
#3877=ADVANCED_FACE('',(#3494),#3693,.T.);
#3878=ADVANCED_FACE('',(#3495),#3694,.T.);
#3879=ADVANCED_FACE('',(#3496),#3695,.T.);
#3880=ADVANCED_FACE('',(#3497),#3696,.T.);
#3881=ADVANCED_FACE('',(#3498),#3697,.T.);
#3882=ADVANCED_FACE('',(#3499),#3698,.T.);
#3883=ADVANCED_FACE('',(#3500),#3699,.T.);
#3884=ADVANCED_FACE('',(#3501),#3700,.T.);
#3885=ADVANCED_FACE('',(#3502),#3701,.T.);
#3886=ADVANCED_FACE('',(#3503),#3702,.T.);
#3887=ADVANCED_FACE('',(#3504),#3703,.T.);
#3888=ADVANCED_FACE('',(#3505),#3704,.T.);
#3889=ADVANCED_FACE('',(#3506),#3705,.T.);
#3890=ADVANCED_FACE('',(#3507),#3706,.T.);
#3891=ADVANCED_FACE('',(#3508),#3707,.T.);
#3892=ADVANCED_FACE('',(#3509),#3708,.T.);
#3893=ADVANCED_FACE('',(#3510),#3709,.T.);
#3894=ADVANCED_FACE('',(#3511),#3710,.T.);
#3895=ADVANCED_FACE('',(#3512),#3711,.T.);
#3896=ADVANCED_FACE('',(#3513),#3712,.T.);
#3897=ADVANCED_FACE('',(#3514),#3713,.T.);
#3898=ADVANCED_FACE('',(#3515),#3714,.T.);
#3899=ADVANCED_FACE('',(#3516),#3715,.T.);
#3900=ADVANCED_FACE('',(#3517),#3716,.T.);
#3901=ADVANCED_FACE('',(#3518),#3717,.T.);
#3902=ADVANCED_FACE('',(#3519),#3718,.T.);
#3903=ADVANCED_FACE('',(#3520),#41,.T.);
#3904=ADVANCED_FACE('',(#3521),#42,.F.);
#3905=ADVANCED_FACE('',(#3522),#3719,.T.);
#3906=ADVANCED_FACE('',(#3523),#3720,.T.);
#3907=ADVANCED_FACE('',(#3524),#3721,.T.);
#3908=ADVANCED_FACE('',(#3525),#3722,.T.);
#3909=ADVANCED_FACE('',(#3526),#3723,.T.);
#3910=ADVANCED_FACE('',(#3527),#3724,.T.);
#3911=ADVANCED_FACE('',(#3528),#3725,.T.);
#3912=ADVANCED_FACE('',(#3529),#3726,.T.);
#3913=ADVANCED_FACE('',(#3530),#3727,.T.);
#3914=ADVANCED_FACE('',(#3531),#3728,.T.);
#3915=ADVANCED_FACE('',(#3532),#3729,.T.);
#3916=ADVANCED_FACE('',(#3533),#3730,.T.);
#3917=ADVANCED_FACE('',(#3534),#3731,.T.);
#3918=ADVANCED_FACE('',(#3535),#3732,.T.);
#3919=ADVANCED_FACE('',(#3536),#3733,.T.);
#3920=ADVANCED_FACE('',(#3537),#3734,.T.);
#3921=ADVANCED_FACE('',(#3538),#3735,.T.);
#3922=ADVANCED_FACE('',(#3539),#3736,.T.);
#3923=ADVANCED_FACE('',(#3540),#3737,.T.);
#3924=ADVANCED_FACE('',(#3541),#3738,.T.);
#3925=ADVANCED_FACE('',(#3542),#3739,.T.);
#3926=ADVANCED_FACE('',(#3543),#3740,.T.);
#3927=ADVANCED_FACE('',(#3544),#3741,.T.);
#3928=ADVANCED_FACE('',(#3545),#3742,.T.);
#3929=ADVANCED_FACE('',(#3546),#3743,.T.);
#3930=ADVANCED_FACE('',(#3547),#3744,.T.);
#3931=ADVANCED_FACE('',(#3548),#3745,.F.);
#3932=ADVANCED_FACE('',(#3549,#3550),#3746,.F.);
#3933=ADVANCED_FACE('',(#3551),#3747,.T.);
#3934=ADVANCED_FACE('',(#3552),#3748,.F.);
#3935=ADVANCED_FACE('',(#3553),#3749,.F.);
#3936=ADVANCED_FACE('',(#3554),#3750,.T.);
#3937=ADVANCED_FACE('',(#3555),#3751,.T.);
#3938=ADVANCED_FACE('',(#3556),#3752,.F.);
#3939=ADVANCED_FACE('',(#3557),#3753,.F.);
#3940=ADVANCED_FACE('',(#3558),#3754,.T.);
#3941=ADVANCED_FACE('',(#3559),#3755,.F.);
#3942=ADVANCED_FACE('',(#3560),#3756,.F.);
#3943=ADVANCED_FACE('',(#3561),#3757,.T.);
#3944=ADVANCED_FACE('',(#3562),#3758,.T.);
#3945=ADVANCED_FACE('',(#3563),#3759,.T.);
#3946=ADVANCED_FACE('',(#3564),#3760,.T.);
#3947=ADVANCED_FACE('',(#3565),#3761,.T.);
#3948=ADVANCED_FACE('',(#3566),#43,.T.);
#3949=ADVANCED_FACE('',(#3567),#3762,.T.);
#3950=ADVANCED_FACE('',(#3568),#3763,.T.);
#3951=ADVANCED_FACE('',(#3569),#3764,.T.);
#3952=ADVANCED_FACE('',(#3570),#3765,.T.);
#3953=ADVANCED_FACE('',(#3571),#3766,.T.);
#3954=ADVANCED_FACE('',(#3572),#3767,.T.);
#3955=ADVANCED_FACE('',(#3573),#3768,.T.);
#3956=ADVANCED_FACE('',(#3574),#3769,.T.);
#3957=ADVANCED_FACE('',(#3575,#3576),#44,.F.);
#3958=ADVANCED_FACE('',(#3577),#45,.T.);
#3959=ADVANCED_FACE('',(#3578),#3770,.T.);
#3960=ADVANCED_FACE('',(#3579,#3580,#3581,#3582),#3771,.F.);
#3961=ADVANCED_FACE('',(#3583),#46,.F.);
#3962=ADVANCED_FACE('',(#3584),#3772,.F.);
#3963=ADVANCED_FACE('',(#3585),#47,.T.);
#3964=ADVANCED_FACE('',(#3586),#3773,.F.);
#3965=ADVANCED_FACE('',(#3587,#3588),#48,.T.);
#3966=ADVANCED_FACE('',(#3589),#49,.F.);
#3967=ADVANCED_FACE('',(#3590,#3591),#3774,.T.);
#3968=ADVANCED_FACE('',(#3592),#3775,.F.);
#3969=ADVANCED_FACE('',(#3593,#3594),#3776,.F.);
#3970=ADVANCED_FACE('',(#3595),#3777,.F.);
#3971=ADVANCED_FACE('',(#3596),#3778,.F.);
#3972=ADVANCED_FACE('',(#3597),#3779,.F.);
#3973=ADVANCED_FACE('',(#3598),#3780,.F.);
#3974=ADVANCED_FACE('',(#3599),#3781,.F.);
#3975=ADVANCED_FACE('',(#3600),#3782,.F.);
#3976=ADVANCED_FACE('',(#3601),#3783,.F.);
#3977=ADVANCED_FACE('',(#3602),#3784,.F.);
#3978=ADVANCED_FACE('',(#3603),#3785,.F.);
#3979=ADVANCED_FACE('',(#3604),#3786,.F.);
#3980=ADVANCED_FACE('',(#3605),#3787,.F.);
#3981=ADVANCED_FACE('',(#3606),#3788,.F.);
#3982=ADVANCED_FACE('',(#3607),#3789,.F.);
#3983=ADVANCED_FACE('',(#3608),#3790,.F.);
#3984=ADVANCED_FACE('',(#3609),#3791,.F.);
#3985=ADVANCED_FACE('',(#3610),#3792,.F.);
#3986=ADVANCED_FACE('',(#3611),#3793,.F.);
#3987=ADVANCED_FACE('',(#3612),#3794,.F.);
#3988=ADVANCED_FACE('',(#3613),#3795,.F.);
#3989=ADVANCED_FACE('',(#3614),#3796,.F.);
#3990=ADVANCED_FACE('',(#3615),#3797,.F.);
#3991=ADVANCED_FACE('',(#3616),#3798,.F.);
#3992=ADVANCED_FACE('',(#3617),#3799,.F.);
#3993=ADVANCED_FACE('',(#3618),#50,.T.);
#3994=ADVANCED_FACE('',(#3619),#3800,.F.);
#3995=ADVANCED_FACE('',(#3620),#3801,.F.);
#3996=ADVANCED_FACE('',(#3621),#3802,.F.);
#3997=ADVANCED_FACE('',(#3622),#3803,.F.);
#3998=CLOSED_SHELL('',(#3804,#3805,#3806,#3807,#3808,#3809,#3810,#3811,
#3812,#3813,#3814,#3815,#3816,#3817,#3818,#3819,#3820,#3821,#3822,#3823,
#3824,#3825,#3826,#3827,#3828,#3829,#3830,#3831,#3832,#3833,#3834,#3835,
#3836,#3837,#3838,#3839,#3840,#3841,#3842,#3843,#3844,#3845,#3846,#3847,
#3848,#3849,#3850,#3851,#3852,#3853,#3854,#3855,#3856,#3857,#3858,#3859,
#3860,#3861,#3862,#3863,#3864,#3865,#3866,#3867,#3868,#3869,#3870,#3871,
#3872,#3873,#3874,#3875,#3876,#3877,#3878,#3879,#3880,#3881,#3882,#3883,
#3884,#3885,#3886,#3887,#3888,#3889,#3890,#3891,#3892,#3893,#3894,#3895,
#3896,#3897,#3898,#3899,#3900,#3901,#3902,#3903,#3904,#3905,#3906,#3907,
#3908,#3909,#3910,#3911,#3912,#3913,#3914,#3915,#3916,#3917,#3918,#3919,
#3920,#3921,#3922,#3923,#3924,#3925,#3926,#3927,#3928,#3929,#3930,#3931,
#3932,#3933,#3934,#3935,#3936,#3937,#3938,#3939,#3940,#3941,#3942,#3943,
#3944,#3945,#3946,#3947,#3948,#3949,#3950,#3951,#3952,#3953,#3954,#3955,
#3956,#3957,#3958,#3959,#3960,#3961,#3962,#3963,#3964,#3965,#3966,#3967,
#3968,#3969,#3970,#3971,#3972,#3973,#3974,#3975,#3976,#3977,#3978,#3979,
#3980,#3981,#3982,#3983,#3984,#3985,#3986,#3987,#3988,#3989,#3990,#3991,
#3992,#3993,#3994,#3995,#3996,#3997));
#3999=STYLED_ITEM('',(#4000),#4007);
#4000=PRESENTATION_STYLE_ASSIGNMENT((#4001));
#4001=SURFACE_STYLE_USAGE(.BOTH.,#4002);
#4002=SURFACE_SIDE_STYLE('',(#4003));
#4003=SURFACE_STYLE_FILL_AREA(#4004);
#4004=FILL_AREA_STYLE('',(#4005));
#4005=FILL_AREA_STYLE_COLOUR('',#4006);
#4006=COLOUR_RGB('',0.796078431372549,0.905882352941176,0.745098039215686);
#4007=MANIFOLD_SOLID_BREP('Top Case cover',#3998);
#4008=SHAPE_DEFINITION_REPRESENTATION(#6358,#4009);
#4009=SHAPE_REPRESENTATION('Top Case cover',(#4010),#6353);
#4010=AXIS2_PLACEMENT_3D('',#5213,#4231,#4232);
#4011=AXIS2_PLACEMENT_3D('',#5214,#4233,#4234);
#4012=AXIS2_PLACEMENT_3D('',#5223,#4239,#4240);
#4013=AXIS2_PLACEMENT_3D('',#5229,#4244,#4245);
#4014=AXIS2_PLACEMENT_3D('',#5235,#4249,#4250);
#4015=AXIS2_PLACEMENT_3D('',#5241,#4254,#4255);
#4016=AXIS2_PLACEMENT_3D('',#5247,#4259,#4260);
#4017=AXIS2_PLACEMENT_3D('',#5253,#4264,#4265);
#4018=AXIS2_PLACEMENT_3D('',#5259,#4269,#4270);
#4019=AXIS2_PLACEMENT_3D('',#5265,#4274,#4275);
#4020=AXIS2_PLACEMENT_3D('',#5271,#4279,#4280);
#4021=AXIS2_PLACEMENT_3D('',#5277,#4284,#4285);
#4022=AXIS2_PLACEMENT_3D('',#5283,#4289,#4290);
#4023=AXIS2_PLACEMENT_3D('',#5289,#4294,#4295);
#4024=AXIS2_PLACEMENT_3D('',#5295,#4299,#4300);
#4025=AXIS2_PLACEMENT_3D('',#5301,#4304,#4305);
#4026=AXIS2_PLACEMENT_3D('',#5307,#4309,#4310);
#4027=AXIS2_PLACEMENT_3D('',#5313,#4314,#4315);
#4028=AXIS2_PLACEMENT_3D('',#5319,#4319,#4320);
#4029=AXIS2_PLACEMENT_3D('',#5325,#4324,#4325);
#4030=AXIS2_PLACEMENT_3D('',#5331,#4329,#4330);
#4031=AXIS2_PLACEMENT_3D('',#5337,#4334,#4335);
#4032=AXIS2_PLACEMENT_3D('',#5343,#4339,#4340);
#4033=AXIS2_PLACEMENT_3D('',#5349,#4344,#4345);
#4034=AXIS2_PLACEMENT_3D('',#5355,#4349,#4350);
#4035=AXIS2_PLACEMENT_3D('',#5361,#4354,#4355);
#4036=AXIS2_PLACEMENT_3D('',#5367,#4359,#4360);
#4037=AXIS2_PLACEMENT_3D('',#5373,#4364,#4365);
#4038=AXIS2_PLACEMENT_3D('',#5374,#4366,#4367);
#4039=AXIS2_PLACEMENT_3D('',#5376,#4368,#4369);
#4040=AXIS2_PLACEMENT_3D('',#5379,#4371,#4372);
#4041=AXIS2_PLACEMENT_3D('',#5380,#4373,#4374);
#4042=AXIS2_PLACEMENT_3D('',#5382,#4375,#4376);
#4043=AXIS2_PLACEMENT_3D('',#5385,#4378,#4379);
#4044=AXIS2_PLACEMENT_3D('',#5391,#4383,#4384);
#4045=AXIS2_PLACEMENT_3D('',#5397,#4388,#4389);
#4046=AXIS2_PLACEMENT_3D('',#5403,#4393,#4394);
#4047=AXIS2_PLACEMENT_3D('',#5409,#4398,#4399);
#4048=AXIS2_PLACEMENT_3D('',#5415,#4403,#4404);
#4049=AXIS2_PLACEMENT_3D('',#5421,#4408,#4409);
#4050=AXIS2_PLACEMENT_3D('',#5427,#4413,#4414);
#4051=AXIS2_PLACEMENT_3D('',#5433,#4418,#4419);
#4052=AXIS2_PLACEMENT_3D('',#5434,#4420,#4421);
#4053=AXIS2_PLACEMENT_3D('',#5443,#4425,#4426);
#4054=AXIS2_PLACEMENT_3D('',#5449,#4429,#4430);
#4055=AXIS2_PLACEMENT_3D('',#5468,#4440,#4441);
#4056=AXIS2_PLACEMENT_3D('',#5471,#4442,#4443);
#4057=AXIS2_PLACEMENT_3D('',#5475,#4445,#4446);
#4058=AXIS2_PLACEMENT_3D('',#5478,#4448,#4449);
#4059=AXIS2_PLACEMENT_3D('',#5495,#4458,#4459);
#4060=AXIS2_PLACEMENT_3D('',#5512,#4468,#4469);
#4061=AXIS2_PLACEMENT_3D('',#5529,#4478,#4479);
#4062=AXIS2_PLACEMENT_3D('',#5546,#4488,#4489);
#4063=AXIS2_PLACEMENT_3D('',#5557,#4496,#4497);
#4064=AXIS2_PLACEMENT_3D('',#5563,#4501,#4502);
#4065=AXIS2_PLACEMENT_3D('',#5569,#4506,#4507);
#4066=AXIS2_PLACEMENT_3D('',#5575,#4511,#4512);
#4067=AXIS2_PLACEMENT_3D('',#5581,#4516,#4517);
#4068=AXIS2_PLACEMENT_3D('',#5587,#4521,#4522);
#4069=AXIS2_PLACEMENT_3D('',#5593,#4526,#4527);
#4070=AXIS2_PLACEMENT_3D('',#5599,#4531,#4532);
#4071=AXIS2_PLACEMENT_3D('',#5600,#4533,#4534);
#4072=AXIS2_PLACEMENT_3D('',#5604,#4536,#4537);
#4073=AXIS2_PLACEMENT_3D('',#5605,#4538,#4539);
#4074=AXIS2_PLACEMENT_3D('',#5615,#4545,#4546);
#4075=AXIS2_PLACEMENT_3D('',#5622,#4551,#4552);
#4076=AXIS2_PLACEMENT_3D('',#5628,#4556,#4557);
#4077=AXIS2_PLACEMENT_3D('',#5633,#4561,#4562);
#4078=AXIS2_PLACEMENT_3D('',#5641,#4567,#4568);
#4079=AXIS2_PLACEMENT_3D('',#5647,#4572,#4573);
#4080=AXIS2_PLACEMENT_3D('',#5653,#4577,#4578);
#4081=AXIS2_PLACEMENT_3D('',#5659,#4582,#4583);
#4082=AXIS2_PLACEMENT_3D('',#5665,#4587,#4588);
#4083=AXIS2_PLACEMENT_3D('',#5671,#4592,#4593);
#4084=AXIS2_PLACEMENT_3D('',#5677,#4597,#4598);
#4085=AXIS2_PLACEMENT_3D('',#5683,#4602,#4603);
#4086=AXIS2_PLACEMENT_3D('',#5689,#4607,#4608);
#4087=AXIS2_PLACEMENT_3D('',#5695,#4612,#4613);
#4088=AXIS2_PLACEMENT_3D('',#5701,#4617,#4618);
#4089=AXIS2_PLACEMENT_3D('',#5707,#4622,#4623);
#4090=AXIS2_PLACEMENT_3D('',#5713,#4627,#4628);
#4091=AXIS2_PLACEMENT_3D('',#5719,#4632,#4633);
#4092=AXIS2_PLACEMENT_3D('',#5725,#4637,#4638);
#4093=AXIS2_PLACEMENT_3D('',#5731,#4642,#4643);
#4094=AXIS2_PLACEMENT_3D('',#5737,#4647,#4648);
#4095=AXIS2_PLACEMENT_3D('',#5743,#4652,#4653);
#4096=AXIS2_PLACEMENT_3D('',#5749,#4657,#4658);
#4097=AXIS2_PLACEMENT_3D('',#5755,#4662,#4663);
#4098=AXIS2_PLACEMENT_3D('',#5761,#4667,#4668);
#4099=AXIS2_PLACEMENT_3D('',#5767,#4672,#4673);
#4100=AXIS2_PLACEMENT_3D('',#5770,#4676,#4677);
#4101=AXIS2_PLACEMENT_3D('',#5776,#4681,#4682);
#4102=AXIS2_PLACEMENT_3D('',#5782,#4686,#4687);
#4103=AXIS2_PLACEMENT_3D('',#5788,#4691,#4692);
#4104=AXIS2_PLACEMENT_3D('',#5794,#4696,#4697);
#4105=AXIS2_PLACEMENT_3D('',#5800,#4701,#4702);
#4106=AXIS2_PLACEMENT_3D('',#5806,#4706,#4707);
#4107=AXIS2_PLACEMENT_3D('',#5812,#4711,#4712);
#4108=AXIS2_PLACEMENT_3D('',#5818,#4716,#4717);
#4109=AXIS2_PLACEMENT_3D('',#5824,#4721,#4722);
#4110=AXIS2_PLACEMENT_3D('',#5830,#4726,#4727);
#4111=AXIS2_PLACEMENT_3D('',#5836,#4731,#4732);
#4112=AXIS2_PLACEMENT_3D('',#5842,#4736,#4737);
#4113=AXIS2_PLACEMENT_3D('',#5848,#4741,#4742);
#4114=AXIS2_PLACEMENT_3D('',#5854,#4746,#4747);
#4115=AXIS2_PLACEMENT_3D('',#5860,#4751,#4752);
#4116=AXIS2_PLACEMENT_3D('',#5866,#4756,#4757);
#4117=AXIS2_PLACEMENT_3D('',#5872,#4761,#4762);
#4118=AXIS2_PLACEMENT_3D('',#5878,#4766,#4767);
#4119=AXIS2_PLACEMENT_3D('',#5884,#4771,#4772);
#4120=AXIS2_PLACEMENT_3D('',#5890,#4776,#4777);
#4121=AXIS2_PLACEMENT_3D('',#5896,#4781,#4782);
#4122=AXIS2_PLACEMENT_3D('',#5902,#4786,#4787);
#4123=AXIS2_PLACEMENT_3D('',#5903,#4788,#4789);
#4124=AXIS2_PLACEMENT_3D('',#5907,#4791,#4792);
#4125=AXIS2_PLACEMENT_3D('',#5908,#4793,#4794);
#4126=AXIS2_PLACEMENT_3D('',#5909,#4795,#4796);
#4127=AXIS2_PLACEMENT_3D('',#5913,#4798,#4799);
#4128=AXIS2_PLACEMENT_3D('',#5914,#4800,#4801);
#4129=AXIS2_PLACEMENT_3D('',#5920,#4805,#4806);
#4130=AXIS2_PLACEMENT_3D('',#5926,#4810,#4811);
#4131=AXIS2_PLACEMENT_3D('',#5932,#4815,#4816);
#4132=AXIS2_PLACEMENT_3D('',#5938,#4820,#4821);
#4133=AXIS2_PLACEMENT_3D('',#5944,#4825,#4826);
#4134=AXIS2_PLACEMENT_3D('',#5950,#4830,#4831);
#4135=AXIS2_PLACEMENT_3D('',#5956,#4835,#4836);
#4136=AXIS2_PLACEMENT_3D('',#5962,#4840,#4841);
#4137=AXIS2_PLACEMENT_3D('',#5968,#4845,#4846);
#4138=AXIS2_PLACEMENT_3D('',#5974,#4850,#4851);
#4139=AXIS2_PLACEMENT_3D('',#5980,#4855,#4856);
#4140=AXIS2_PLACEMENT_3D('',#5986,#4860,#4861);
#4141=AXIS2_PLACEMENT_3D('',#5992,#4865,#4866);
#4142=AXIS2_PLACEMENT_3D('',#5998,#4870,#4871);
#4143=AXIS2_PLACEMENT_3D('',#6004,#4875,#4876);
#4144=AXIS2_PLACEMENT_3D('',#6010,#4880,#4881);
#4145=AXIS2_PLACEMENT_3D('',#6016,#4885,#4886);
#4146=AXIS2_PLACEMENT_3D('',#6022,#4890,#4891);
#4147=AXIS2_PLACEMENT_3D('',#6028,#4895,#4896);
#4148=AXIS2_PLACEMENT_3D('',#6034,#4900,#4901);
#4149=AXIS2_PLACEMENT_3D('',#6040,#4905,#4906);
#4150=AXIS2_PLACEMENT_3D('',#6046,#4910,#4911);
#4151=AXIS2_PLACEMENT_3D('',#6052,#4915,#4916);
#4152=AXIS2_PLACEMENT_3D('',#6058,#4920,#4921);
#4153=AXIS2_PLACEMENT_3D('',#6064,#4925,#4926);
#4154=AXIS2_PLACEMENT_3D('',#6067,#4929,#4930);
#4155=AXIS2_PLACEMENT_3D('',#6070,#4933,#4934);
#4156=AXIS2_PLACEMENT_3D('',#6071,#4935,#4936);
#4157=AXIS2_PLACEMENT_3D('',#6074,#4939,#4940);
#4158=AXIS2_PLACEMENT_3D('',#6076,#4942,#4943);
#4159=AXIS2_PLACEMENT_3D('',#6078,#4945,#4946);
#4160=AXIS2_PLACEMENT_3D('',#6079,#4947,#4948);
#4161=AXIS2_PLACEMENT_3D('',#6082,#4951,#4952);
#4162=AXIS2_PLACEMENT_3D('',#6084,#4954,#4955);
#4163=AXIS2_PLACEMENT_3D('',#6086,#4957,#4958);
#4164=AXIS2_PLACEMENT_3D('',#6087,#4959,#4960);
#4165=AXIS2_PLACEMENT_3D('',#6092,#4963,#4964);
#4166=AXIS2_PLACEMENT_3D('',#6137,#4987,#4988);
#4167=AXIS2_PLACEMENT_3D('',#6145,#4993,#4994);
#4168=AXIS2_PLACEMENT_3D('',#6151,#4998,#4999);
#4169=AXIS2_PLACEMENT_3D('',#6155,#5002,#5003);
#4170=AXIS2_PLACEMENT_3D('',#6159,#5006,#5007);
#4171=AXIS2_PLACEMENT_3D('',#6165,#5011,#5012);
#4172=AXIS2_PLACEMENT_3D('',#6169,#5015,#5016);
#4173=AXIS2_PLACEMENT_3D('',#6170,#5017,#5018);
#4174=AXIS2_PLACEMENT_3D('',#6173,#5020,#5021);
#4175=AXIS2_PLACEMENT_3D('',#6177,#5024,#5025);
#4176=AXIS2_PLACEMENT_3D('',#6181,#5028,#5029);
#4177=AXIS2_PLACEMENT_3D('',#6185,#5032,#5033);
#4178=AXIS2_PLACEMENT_3D('',#6189,#5036,#5037);
#4179=AXIS2_PLACEMENT_3D('',#6193,#5040,#5041);
#4180=AXIS2_PLACEMENT_3D('',#6197,#5044,#5045);
#4181=AXIS2_PLACEMENT_3D('',#6201,#5048,#5049);
#4182=AXIS2_PLACEMENT_3D('',#6205,#5052,#5053);
#4183=AXIS2_PLACEMENT_3D('',#6206,#5054,#5055);
#4184=AXIS2_PLACEMENT_3D('',#6208,#5056,#5057);
#4185=AXIS2_PLACEMENT_3D('',#6209,#5058,#5059);
#4186=AXIS2_PLACEMENT_3D('',#6210,#5060,#5061);
#4187=AXIS2_PLACEMENT_3D('',#6212,#5063,#5064);
#4188=AXIS2_PLACEMENT_3D('',#6213,#5065,#5066);
#4189=AXIS2_PLACEMENT_3D('',#6216,#5068,#5069);
#4190=AXIS2_PLACEMENT_3D('',#6219,#5071,#5072);
#4191=AXIS2_PLACEMENT_3D('',#6223,#5075,#5076);
#4192=AXIS2_PLACEMENT_3D('',#6226,#5078,#5079);
#4193=AXIS2_PLACEMENT_3D('',#6227,#5080,#5081);
#4194=AXIS2_PLACEMENT_3D('',#6231,#5084,#5085);
#4195=AXIS2_PLACEMENT_3D('',#6232,#5086,#5087);
#4196=AXIS2_PLACEMENT_3D('',#6234,#5088,#5089);
#4197=AXIS2_PLACEMENT_3D('',#6236,#5090,#5091);
#4198=AXIS2_PLACEMENT_3D('',#6237,#5092,#5093);
#4199=AXIS2_PLACEMENT_3D('',#6238,#5094,#5095);
#4200=AXIS2_PLACEMENT_3D('',#6239,#5096,#5097);
#4201=AXIS2_PLACEMENT_3D('',#6243,#5100,#5101);
#4202=AXIS2_PLACEMENT_3D('',#6295,#5128,#5129);
#4203=AXIS2_PLACEMENT_3D('',#6298,#5131,#5132);
#4204=AXIS2_PLACEMENT_3D('',#6300,#5134,#5135);
#4205=AXIS2_PLACEMENT_3D('',#6302,#5137,#5138);
#4206=AXIS2_PLACEMENT_3D('',#6304,#5140,#5141);
#4207=AXIS2_PLACEMENT_3D('',#6306,#5143,#5144);
#4208=AXIS2_PLACEMENT_3D('',#6308,#5146,#5147);
#4209=AXIS2_PLACEMENT_3D('',#6310,#5149,#5150);
#4210=AXIS2_PLACEMENT_3D('',#6312,#5152,#5153);
#4211=AXIS2_PLACEMENT_3D('',#6314,#5155,#5156);
#4212=AXIS2_PLACEMENT_3D('',#6316,#5158,#5159);
#4213=AXIS2_PLACEMENT_3D('',#6318,#5161,#5162);
#4214=AXIS2_PLACEMENT_3D('',#6320,#5164,#5165);
#4215=AXIS2_PLACEMENT_3D('',#6322,#5167,#5168);
#4216=AXIS2_PLACEMENT_3D('',#6324,#5170,#5171);
#4217=AXIS2_PLACEMENT_3D('',#6326,#5173,#5174);
#4218=AXIS2_PLACEMENT_3D('',#6328,#5176,#5177);
#4219=AXIS2_PLACEMENT_3D('',#6330,#5179,#5180);
#4220=AXIS2_PLACEMENT_3D('',#6332,#5182,#5183);
#4221=AXIS2_PLACEMENT_3D('',#6334,#5185,#5186);
#4222=AXIS2_PLACEMENT_3D('',#6336,#5188,#5189);
#4223=AXIS2_PLACEMENT_3D('',#6338,#5191,#5192);
#4224=AXIS2_PLACEMENT_3D('',#6340,#5194,#5195);
#4225=AXIS2_PLACEMENT_3D('',#6342,#5197,#5198);
#4226=AXIS2_PLACEMENT_3D('',#6344,#5200,#5201);
#4227=AXIS2_PLACEMENT_3D('',#6346,#5203,#5204);
#4228=AXIS2_PLACEMENT_3D('',#6347,#5205,#5206);
#4229=AXIS2_PLACEMENT_3D('',#6349,#5208,#5209);
#4230=AXIS2_PLACEMENT_3D('',#6351,#5211,#5212);
#4231=DIRECTION('',(0.,0.,1.));
#4232=DIRECTION('',(1.,0.,0.));
#4233=DIRECTION('',(-0.69117893478045,-0.722683665316827,0.));
#4234=DIRECTION('',(0.722683665316827,-0.69117893478045,0.));
#4235=DIRECTION('',(-0.722683665316827,0.69117893478045,0.));
#4236=DIRECTION('',(0.,0.,-1.));
#4237=DIRECTION('',(-0.722683665316827,0.69117893478045,0.));
#4238=DIRECTION('',(0.,0.,-1.));
#4239=DIRECTION('',(-0.67094385536269,-0.741508154338879,0.));
#4240=DIRECTION('',(0.741508154338879,-0.67094385536269,0.));
#4241=DIRECTION('',(-0.741508154338879,0.67094385536269,0.));
#4242=DIRECTION('',(-0.741508154338879,0.67094385536269,0.));
#4243=DIRECTION('',(0.,0.,-1.));
#4244=DIRECTION('',(-0.644824075041362,-0.764331022690465,0.));
#4245=DIRECTION('',(0.764331022690465,-0.644824075041362,0.));
#4246=DIRECTION('',(-0.764331022690465,0.644824075041362,0.));
#4247=DIRECTION('',(-0.764331022690465,0.644824075041362,0.));
#4248=DIRECTION('',(0.,0.,-1.));
#4249=DIRECTION('',(-0.602701270437159,-0.79796690320679,0.));
#4250=DIRECTION('',(0.79796690320679,-0.602701270437159,0.));
#4251=DIRECTION('',(-0.79796690320679,0.602701270437159,0.));
#4252=DIRECTION('',(-0.79796690320679,0.602701270437159,0.));
#4253=DIRECTION('',(0.,0.,-1.));
#4254=DIRECTION('',(-0.52989942679896,-0.8480604916385,0.));
#4255=DIRECTION('',(0.8480604916385,-0.52989942679896,0.));
#4256=DIRECTION('',(-0.8480604916385,0.52989942679896,0.));
#4257=DIRECTION('',(-0.8480604916385,0.52989942679896,0.));
#4258=DIRECTION('',(0.,0.,-1.));
#4259=DIRECTION('',(-0.422876761291687,-0.906187201829431,0.));
#4260=DIRECTION('',(0.906187201829431,-0.422876761291687,0.));
#4261=DIRECTION('',(-0.906187201829431,0.422876761291687,0.));
#4262=DIRECTION('',(-0.906187201829431,0.422876761291687,0.));
#4263=DIRECTION('',(0.,0.,-1.));
#4264=DIRECTION('',(-0.329395258275511,-0.944192122306477,0.));
#4265=DIRECTION('',(0.944192122306477,-0.329395258275511,0.));
#4266=DIRECTION('',(-0.944192122306477,0.329395258275511,0.));
#4267=DIRECTION('',(-0.944192122306477,0.329395258275511,0.));
#4268=DIRECTION('',(0.,0.,-1.));
#4269=DIRECTION('',(-0.254235352555298,-0.967142381198903,0.));
#4270=DIRECTION('',(0.967142381198903,-0.254235352555298,0.));
#4271=DIRECTION('',(-0.967142381198903,0.254235352555298,0.));
#4272=DIRECTION('',(-0.967142381198903,0.254235352555298,0.));
#4273=DIRECTION('',(0.,0.,-1.));
#4274=DIRECTION('',(-0.166334441155148,-0.986069395978602,0.));
#4275=DIRECTION('',(0.986069395978602,-0.166334441155148,0.));
#4276=DIRECTION('',(-0.986069395978602,0.166334441155148,0.));
#4277=DIRECTION('',(-0.986069395978602,0.166334441155148,0.));
#4278=DIRECTION('',(0.,0.,-1.));
#4279=DIRECTION('',(-0.080862938072503,-0.996725230565717,0.));
#4280=DIRECTION('',(0.996725230565718,-0.080862938072503,0.));
#4281=DIRECTION('',(-0.996725230565718,0.080862938072503,0.));
#4282=DIRECTION('',(-0.996725230565717,0.080862938072503,0.));
#4283=DIRECTION('',(0.,0.,-1.));
#4284=DIRECTION('',(0.00378514490495044,-0.999992836313365,0.));
#4285=DIRECTION('',(0.999992836313365,0.00378514490495044,0.));
#4286=DIRECTION('',(-0.999992836313365,-0.00378514490495044,0.));
#4287=DIRECTION('',(-0.999992836313365,-0.00378514490495044,0.));
#4288=DIRECTION('',(0.,0.,-1.));
#4289=DIRECTION('',(0.0939374909983068,-0.995578097280642,0.));
#4290=DIRECTION('',(0.995578097280642,0.0939374909983068,0.));
#4291=DIRECTION('',(-0.995578097280642,-0.0939374909983068,0.));
#4292=DIRECTION('',(-0.995578097280642,-0.0939374909983068,0.));
#4293=DIRECTION('',(0.,0.,-1.));
#4294=DIRECTION('',(0.179987894767621,-0.98366882523394,0.));
#4295=DIRECTION('',(0.98366882523394,0.179987894767621,0.));
#4296=DIRECTION('',(-0.98366882523394,-0.179987894767621,0.));
#4297=DIRECTION('',(-0.98366882523394,-0.179987894767621,0.));
#4298=DIRECTION('',(0.,0.,-1.));
#4299=DIRECTION('',(0.262534092634022,-0.964922717218758,0.));
#4300=DIRECTION('',(0.964922717218758,0.262534092634022,0.));
#4301=DIRECTION('',(-0.964922717218758,-0.262534092634022,0.));
#4302=DIRECTION('',(-0.964922717218758,-0.262534092634022,0.));
#4303=DIRECTION('',(0.,0.,-1.));
#4304=DIRECTION('',(0.333232752560527,-0.94284459621983,0.));
#4305=DIRECTION('',(0.94284459621983,0.333232752560527,0.));
#4306=DIRECTION('',(-0.94284459621983,-0.333232752560527,0.));
#4307=DIRECTION('',(-0.94284459621983,-0.333232752560527,0.));
#4308=DIRECTION('',(0.,0.,-1.));
#4309=DIRECTION('',(0.407628043153436,-0.913148059426784,0.));
#4310=DIRECTION('',(0.913148059426784,0.407628043153436,0.));
#4311=DIRECTION('',(-0.913148059426784,-0.407628043153436,0.));
#4312=DIRECTION('',(-0.913148059426784,-0.407628043153436,0.));
#4313=DIRECTION('',(0.,0.,-1.));
#4314=DIRECTION('',(0.478136043166719,-0.878285787329428,0.));
#4315=DIRECTION('',(0.878285787329428,0.478136043166719,0.));
#4316=DIRECTION('',(-0.878285787329428,-0.478136043166719,0.));
#4317=DIRECTION('',(-0.878285787329428,-0.478136043166719,0.));
#4318=DIRECTION('',(0.,0.,-1.));
#4319=DIRECTION('',(0.54574027301844,-0.837954386828877,0.));
#4320=DIRECTION('',(0.837954386828877,0.54574027301844,0.));
#4321=DIRECTION('',(-0.837954386828877,-0.54574027301844,0.));
#4322=DIRECTION('',(-0.837954386828877,-0.54574027301844,0.));
#4323=DIRECTION('',(0.,0.,-1.));
#4324=DIRECTION('',(0.627724982812506,-0.778435190592666,0.));
#4325=DIRECTION('',(0.778435190592666,0.627724982812506,0.));
#4326=DIRECTION('',(-0.778435190592666,-0.627724982812506,0.));
#4327=DIRECTION('',(-0.778435190592666,-0.627724982812506,0.));
#4328=DIRECTION('',(0.,0.,-1.));
#4329=DIRECTION('',(0.692135640252809,-0.721767452502421,0.));
#4330=DIRECTION('',(0.721767452502421,0.692135640252809,0.));
#4331=DIRECTION('',(-0.721767452502421,-0.692135640252809,0.));
#4332=DIRECTION('',(-0.721767452502421,-0.692135640252809,0.));
#4333=DIRECTION('',(0.,0.,-1.));
#4334=DIRECTION('',(0.774213217192501,-0.632924872575282,0.));
#4335=DIRECTION('',(0.632924872575282,0.774213217192501,0.));
#4336=DIRECTION('',(-0.632924872575282,-0.774213217192501,0.));
#4337=DIRECTION('',(-0.632924872575282,-0.774213217192501,0.));
#4338=DIRECTION('',(0.,0.,-1.));
#4339=DIRECTION('',(0.820261590634551,-0.571988568880249,0.));
#4340=DIRECTION('',(0.571988568880249,0.820261590634551,0.));
#4341=DIRECTION('',(-0.571988568880249,-0.820261590634551,0.));
#4342=DIRECTION('',(-0.571988568880249,-0.820261590634551,0.));
#4343=DIRECTION('',(0.,0.,-1.));
#4344=DIRECTION('',(0.871537575709942,-0.490328720478046,0.));
#4345=DIRECTION('',(0.490328720478046,0.871537575709942,0.));
#4346=DIRECTION('',(-0.490328720478046,-0.871537575709942,0.));
#4347=DIRECTION('',(-0.490328720478046,-0.871537575709942,0.));
#4348=DIRECTION('',(0.,0.,-1.));
#4349=DIRECTION('',(0.918299956490288,-0.395885324191153,0.));
#4350=DIRECTION('',(0.395885324191153,0.918299956490288,0.));
#4351=DIRECTION('',(-0.395885324191153,-0.918299956490288,0.));
#4352=DIRECTION('',(-0.395885324191153,-0.918299956490288,0.));
#4353=DIRECTION('',(0.,0.,-1.));
#4354=DIRECTION('',(0.952156727189652,-0.305610155046409,0.));
#4355=DIRECTION('',(0.305610155046409,0.952156727189652,0.));
#4356=DIRECTION('',(-0.305610155046409,-0.952156727189652,0.));
#4357=DIRECTION('',(-0.305610155046409,-0.952156727189652,0.));
#4358=DIRECTION('',(0.,0.,-1.));
#4359=DIRECTION('',(0.981298285585886,-0.192493310808975,0.));
#4360=DIRECTION('',(0.192493310808975,0.981298285585886,0.));
#4361=DIRECTION('',(-0.192493310808975,-0.981298285585886,0.));
#4362=DIRECTION('',(-0.192493310808975,-0.981298285585886,0.));
#4363=DIRECTION('',(0.,0.,-1.));
#4364=DIRECTION('',(0.,0.,-1.));
#4365=DIRECTION('',(-1.,0.,0.));
#4366=DIRECTION('',(0.,0.,1.));
#4367=DIRECTION('',(1.,0.,0.));
#4368=DIRECTION('',(0.,0.,1.));
#4369=DIRECTION('',(1.,0.,0.));
#4370=DIRECTION('',(0.,0.,-1.));
#4371=DIRECTION('',(0.,0.,-1.));
#4372=DIRECTION('',(-1.,0.,0.));
#4373=DIRECTION('',(0.,0.,1.));
#4374=DIRECTION('',(1.,0.,0.));
#4375=DIRECTION('',(0.,0.,-1.));
#4376=DIRECTION('',(1.,0.,0.));
#4377=DIRECTION('',(0.,0.,-1.));
#4378=DIRECTION('',(0.983129062639251,0.182913220391715,0.));
#4379=DIRECTION('',(-0.182913220391715,0.983129062639251,0.));
#4380=DIRECTION('',(0.182913220391715,-0.983129062639251,0.));
#4381=DIRECTION('',(0.182913220391715,-0.983129062639251,0.));
#4382=DIRECTION('',(0.,0.,-1.));
#4383=DIRECTION('',(0.96661730961445,0.256224465564323,0.));
#4384=DIRECTION('',(-0.256224465564323,0.96661730961445,0.));
#4385=DIRECTION('',(0.256224465564323,-0.96661730961445,0.));
#4386=DIRECTION('',(0.256224465564323,-0.96661730961445,0.));
#4387=DIRECTION('',(0.,0.,-1.));
#4388=DIRECTION('',(0.936131381190769,0.351650447390393,0.));
#4389=DIRECTION('',(-0.351650447390393,0.936131381190769,0.));
#4390=DIRECTION('',(0.351650447390393,-0.936131381190769,0.));
#4391=DIRECTION('',(0.351650447390393,-0.936131381190769,0.));
#4392=DIRECTION('',(0.,0.,-1.));
#4393=DIRECTION('',(0.890905347067723,0.45418901634247,0.));
#4394=DIRECTION('',(-0.45418901634247,0.890905347067723,0.));
#4395=DIRECTION('',(0.45418901634247,-0.890905347067723,0.));
#4396=DIRECTION('',(0.45418901634247,-0.890905347067723,0.));
#4397=DIRECTION('',(0.,0.,-1.));
#4398=DIRECTION('',(0.841882704838368,0.53966055191577,0.));
#4399=DIRECTION('',(-0.53966055191577,0.841882704838368,0.));
#4400=DIRECTION('',(0.53966055191577,-0.841882704838368,0.));
#4401=DIRECTION('',(0.53966055191577,-0.841882704838368,0.));
#4402=DIRECTION('',(0.,0.,-1.));
#4403=DIRECTION('',(0.795154969405287,0.606406278521321,0.));
#4404=DIRECTION('',(-0.606406278521321,0.795154969405287,0.));
#4405=DIRECTION('',(0.606406278521321,-0.795154969405287,0.));
#4406=DIRECTION('',(0.606406278521321,-0.795154969405287,0.));
#4407=DIRECTION('',(0.,0.,-1.));
#4408=DIRECTION('',(0.724836385367172,0.688921050954209,0.));
#4409=DIRECTION('',(-0.688921050954209,0.724836385367172,0.));
#4410=DIRECTION('',(0.688921050954209,-0.724836385367172,0.));
#4411=DIRECTION('',(0.688921050954209,-0.724836385367172,0.));
#4412=DIRECTION('',(0.,0.,-1.));
#4413=DIRECTION('',(0.643171163606013,0.765722439468563,0.));
#4414=DIRECTION('',(-0.765722439468563,0.643171163606013,0.));
#4415=DIRECTION('',(0.,0.,-1.));
#4416=DIRECTION('',(0.765722439468563,-0.643171163606013,0.));
#4417=DIRECTION('',(0.765722439468563,-0.643171163606013,0.));
#4418=DIRECTION('',(0.,0.,1.));
#4419=DIRECTION('',(1.,0.,0.));
#4420=DIRECTION('',(0.,0.,1.));
#4421=DIRECTION('',(1.,0.,0.));
#4422=DIRECTION('',(1.,0.,0.));
#4423=DIRECTION('',(0.00696247308072729,-0.999975761690552,0.));
#4424=DIRECTION('',(-1.,-1.22464679914735E-16,0.));
#4425=DIRECTION('',(0.,0.,-1.));
#4426=DIRECTION('',(1.,0.,0.));
#4427=DIRECTION('',(1.,0.,0.));
#4428=DIRECTION('',(0.997487680356267,-0.0708401548380104,0.));
#4429=DIRECTION('',(0.,0.,-1.));
#4430=DIRECTION('',(1.,0.,0.));
#4431=DIRECTION('',(0.,-1.,0.));
#4432=DIRECTION('',(-0.386545673049841,-0.922270265511388,0.));
#4433=DIRECTION('',(-0.632456484911585,-0.774595891218952,0.));
#4434=DIRECTION('',(-1.,0.,0.));
#4435=DIRECTION('',(-0.919515642895295,0.393053409183602,0.));
#4436=DIRECTION('',(-0.555843109100608,0.831287217552014,0.));
#4437=DIRECTION('',(0.,1.,0.));
#4438=DIRECTION('',(0.780869143863541,0.624694629528557,0.));
#4439=DIRECTION('',(0.964303670743114,0.264798849301421,0.));
#4440=DIRECTION('',(0.,0.,1.));
#4441=DIRECTION('',(1.,0.,0.));
#4442=DIRECTION('',(0.,0.,1.));
#4443=DIRECTION('',(1.,0.,0.));
#4444=DIRECTION('',(1.,0.,0.));
#4445=DIRECTION('',(0.,0.,1.));
#4446=DIRECTION('',(1.,0.,0.));
#4447=DIRECTION('',(0.,-1.,0.));
#4448=DIRECTION('',(-0.763673772290728,0.645602330785174,0.));
#4449=DIRECTION('',(-0.645602330785174,-0.763673772290728,0.));
#4450=DIRECTION('',(0.645602330785174,0.763673772290728,0.));
#4451=DIRECTION('',(0.,0.,-1.));
#4452=DIRECTION('',(0.645602330785174,0.763673772290728,0.));
#4453=DIRECTION('',(0.,0.,-1.));
#4454=DIRECTION('',(0.645602330785174,0.763673772290728,0.));
#4455=DIRECTION('',(0.,0.,-1.));
#4456=DIRECTION('',(0.645602330785174,0.763673772290728,0.));
#4457=DIRECTION('',(0.,0.,-1.));
#4458=DIRECTION('',(-0.763673772290728,0.645602330785174,0.));
#4459=DIRECTION('',(-0.645602330785174,-0.763673772290728,0.));
#4460=DIRECTION('',(0.645602330785174,0.763673772290728,0.));
#4461=DIRECTION('',(0.,0.,-1.));
#4462=DIRECTION('',(0.645602330785174,0.763673772290728,0.));
#4463=DIRECTION('',(0.,0.,-1.));
#4464=DIRECTION('',(0.,0.,1.));
#4465=DIRECTION('',(-0.645602330785174,-0.763673772290728,0.));
#4466=DIRECTION('',(0.,0.,1.));
#4467=DIRECTION('',(-0.645602330785174,-0.763673772290728,0.));
#4468=DIRECTION('',(-0.999998664550686,0.00163428787090598,0.));
#4469=DIRECTION('',(-0.00163428787090598,-0.999998664550686,0.));
#4470=DIRECTION('',(0.00163428787090598,0.999998664550686,0.));
#4471=DIRECTION('',(0.,0.,-1.));
#4472=DIRECTION('',(0.00163428787090598,0.999998664550686,0.));
#4473=DIRECTION('',(0.,0.,-1.));
#4474=DIRECTION('',(0.00163428787090598,0.999998664550686,0.));
#4475=DIRECTION('',(0.,0.,-1.));
#4476=DIRECTION('',(0.00163428787090598,0.999998664550686,0.));
#4477=DIRECTION('',(0.,0.,-1.));
#4478=DIRECTION('',(-0.815482510183993,-0.578781716698112,0.));
#4479=DIRECTION('',(0.578781716698112,-0.815482510183993,0.));
#4480=DIRECTION('',(0.,0.,1.));
#4481=DIRECTION('',(0.578781716698112,-0.815482510183993,0.));
#4482=DIRECTION('',(0.,0.,-1.));
#4483=DIRECTION('',(-0.578781716698112,0.815482510183993,0.));
#4484=DIRECTION('',(0.,0.,-1.));
#4485=DIRECTION('',(-0.578781716698112,0.815482510183993,0.));
#4486=DIRECTION('',(0.,0.,-1.));
#4487=DIRECTION('',(0.578781716698112,-0.815482510183993,0.));
#4488=DIRECTION('',(-0.999998664550686,0.00163428787091262,0.));
#4489=DIRECTION('',(-0.00163428787091262,-0.999998664550686,0.));
#4490=DIRECTION('',(-0.00163428787091262,-0.999998664550686,0.));
#4491=DIRECTION('',(0.,0.,1.));
#4492=DIRECTION('',(-0.00163428787091262,-0.999998664550686,0.));
#4493=DIRECTION('',(0.00163428787091262,0.999998664550686,0.));
#4494=DIRECTION('',(0.,0.,-1.));
#4495=DIRECTION('',(0.00163428787091262,0.999998664550686,0.));
#4496=DIRECTION('',(-0.562357977279087,0.826893890043078,0.));
#4497=DIRECTION('',(-0.826893890043078,-0.562357977279087,0.));
#4498=DIRECTION('',(0.826893890043078,0.562357977279087,0.));
#4499=DIRECTION('',(0.826893890043078,0.562357977279087,0.));
#4500=DIRECTION('',(0.,0.,-1.));
#4501=DIRECTION('',(-0.912230349845258,0.409677664537863,0.));
#4502=DIRECTION('',(-0.409677664537863,-0.912230349845258,0.));
#4503=DIRECTION('',(0.409677664537863,0.912230349845258,0.));
#4504=DIRECTION('',(0.,0.,-1.));
#4505=DIRECTION('',(0.409677664537863,0.912230349845258,0.));
#4506=DIRECTION('',(-0.942496233505642,0.334216770715771,0.));
#4507=DIRECTION('',(-0.334216770715771,-0.942496233505642,0.));
#4508=DIRECTION('',(0.334216770715771,0.942496233505642,0.));
#4509=DIRECTION('',(0.,0.,-1.));
#4510=DIRECTION('',(0.334216770715771,0.942496233505642,0.));
#4511=DIRECTION('',(-0.948681771182922,0.316232346582754,0.));
#4512=DIRECTION('',(-0.316232346582754,-0.948681771182922,0.));
#4513=DIRECTION('',(0.316232346582754,0.948681771182922,0.));
#4514=DIRECTION('',(0.,0.,-1.));
#4515=DIRECTION('',(0.316232346582754,0.948681771182922,0.));
#4516=DIRECTION('',(-0.969213070510118,0.246223524368304,0.));
#4517=DIRECTION('',(-0.246223524368304,-0.969213070510118,0.));
#4518=DIRECTION('',(0.246223524368304,0.969213070510118,0.));
#4519=DIRECTION('',(0.,0.,-1.));
#4520=DIRECTION('',(0.246223524368304,0.969213070510118,0.));
#4521=DIRECTION('',(-0.986536159197169,0.163543286613965,0.));
#4522=DIRECTION('',(-0.163543286613965,-0.986536159197169,0.));
#4523=DIRECTION('',(0.163543286613965,0.986536159197169,0.));
#4524=DIRECTION('',(0.,0.,-1.));
#4525=DIRECTION('',(0.163543286613965,0.986536159197169,0.));
#4526=DIRECTION('',(-0.995881882598674,0.0906602223233586,0.));
#4527=DIRECTION('',(-0.0906602223233586,-0.995881882598674,0.));
#4528=DIRECTION('',(0.0906602223233586,0.995881882598674,0.));
#4529=DIRECTION('',(0.,0.,-1.));
#4530=DIRECTION('',(0.0906602223233586,0.995881882598674,0.));
#4531=DIRECTION('',(0.,0.,-1.));
#4532=DIRECTION('',(-1.,0.,0.));
#4533=DIRECTION('',(0.,0.,-1.));
#4534=DIRECTION('',(1.,0.,0.));
#4535=DIRECTION('',(0.,0.,-1.));
#4536=DIRECTION('',(0.,0.,-1.));
#4537=DIRECTION('',(1.,0.,0.));
#4538=DIRECTION('',(-0.994041129181962,-0.109005658085487,0.));
#4539=DIRECTION('',(0.109005658085487,-0.994041129181962,0.));
#4540=DIRECTION('',(-0.109005658085487,0.994041129181962,0.));
#4541=DIRECTION('',(0.,0.,-1.));
#4542=DIRECTION('',(-0.109005658085487,0.994041129181962,0.));
#4543=DIRECTION('',(-0.109005658085487,0.994041129181962,0.));
#4544=DIRECTION('',(0.,0.,-1.));
#4545=DIRECTION('',(-2.81715739870042E-16,-1.,0.));
#4546=DIRECTION('',(1.,-2.81715739870042E-16,0.));
#4547=DIRECTION('',(-1.,2.81715739870042E-16,0.));
#4548=DIRECTION('',(0.,0.,1.));
#4549=DIRECTION('',(-1.,2.81715739870042E-16,0.));
#4550=DIRECTION('',(-1.,2.81715739870042E-16,0.));
#4551=DIRECTION('',(-0.745912178620779,-0.666044309175601,0.));
#4552=DIRECTION('',(0.666044309175601,-0.745912178620779,0.));
#4553=DIRECTION('',(-0.666044309175601,0.745912178620779,0.));
#4554=DIRECTION('',(0.,0.,-1.));
#4555=DIRECTION('',(-0.666044309175601,0.745912178620779,0.));
#4556=DIRECTION('',(-0.767271004080492,-0.641323012449509,0.));
#4557=DIRECTION('',(0.641323012449509,-0.767271004080492,0.));
#4558=DIRECTION('',(-0.641323012449509,0.767271004080492,0.));
#4559=DIRECTION('',(0.,0.,-1.));
#4560=DIRECTION('',(-0.641323012449509,0.767271004080492,0.));
#4561=DIRECTION('',(0.57786132781454,0.816134967892209,0.));
#4562=DIRECTION('',(-0.816134967892209,0.57786132781454,0.));
#4563=DIRECTION('',(0.816134967892209,-0.57786132781454,0.));
#4564=DIRECTION('',(0.,0.,-1.));
#4565=DIRECTION('',(0.816134967892209,-0.57786132781454,0.));
#4566=DIRECTION('',(0.,0.,-1.));
#4567=DIRECTION('',(0.506383854421623,0.862308176918844,0.));
#4568=DIRECTION('',(-0.862308176918844,0.506383854421623,0.));
#4569=DIRECTION('',(0.862308176918844,-0.506383854421623,0.));
#4570=DIRECTION('',(0.,0.,-1.));
#4571=DIRECTION('',(0.862308176918844,-0.506383854421623,0.));
#4572=DIRECTION('',(0.437507319137974,0.89921484957751,0.));
#4573=DIRECTION('',(-0.89921484957751,0.437507319137974,0.));
#4574=DIRECTION('',(0.89921484957751,-0.437507319137974,0.));
#4575=DIRECTION('',(0.,0.,-1.));
#4576=DIRECTION('',(0.89921484957751,-0.437507319137974,0.));
#4577=DIRECTION('',(0.365065508042321,0.930981833785065,0.));
#4578=DIRECTION('',(-0.930981833785065,0.365065508042321,0.));
#4579=DIRECTION('',(0.930981833785065,-0.365065508042321,0.));
#4580=DIRECTION('',(0.,0.,-1.));
#4581=DIRECTION('',(0.930981833785065,-0.365065508042321,0.));
#4582=DIRECTION('',(0.279521991492246,0.960139290036716,0.));
#4583=DIRECTION('',(-0.960139290036716,0.279521991492246,0.));
#4584=DIRECTION('',(0.960139290036716,-0.279521991492246,0.));
#4585=DIRECTION('',(0.,0.,-1.));
#4586=DIRECTION('',(0.960139290036716,-0.279521991492246,0.));
#4587=DIRECTION('',(0.17487279569048,0.984591034555666,0.));
#4588=DIRECTION('',(-0.984591034555666,0.17487279569048,0.));
#4589=DIRECTION('',(0.984591034555666,-0.17487279569048,0.));
#4590=DIRECTION('',(0.,0.,-1.));
#4591=DIRECTION('',(0.984591034555666,-0.17487279569048,0.));
#4592=DIRECTION('',(0.042351735077602,0.999102762750617,0.));
#4593=DIRECTION('',(-0.999102762750617,0.042351735077602,0.));
#4594=DIRECTION('',(0.999102762750618,-0.042351735077602,0.));
#4595=DIRECTION('',(0.,0.,-1.));
#4596=DIRECTION('',(0.999102762750618,-0.042351735077602,0.));
#4597=DIRECTION('',(-0.0737680867549548,0.99727542302842,0.));
#4598=DIRECTION('',(-0.99727542302842,-0.0737680867549549,0.));
#4599=DIRECTION('',(0.99727542302842,0.0737680867549549,0.));
#4600=DIRECTION('',(0.,0.,-1.));
#4601=DIRECTION('',(0.99727542302842,0.0737680867549549,0.));
#4602=DIRECTION('',(-0.156636649888381,0.987656296447172,0.));
#4603=DIRECTION('',(-0.987656296447172,-0.156636649888381,0.));
#4604=DIRECTION('',(0.987656296447172,0.156636649888381,0.));
#4605=DIRECTION('',(0.,0.,-1.));
#4606=DIRECTION('',(0.987656296447172,0.156636649888381,0.));
#4607=DIRECTION('',(-0.245742788143821,0.969335072137236,0.));
#4608=DIRECTION('',(-0.969335072137236,-0.245742788143821,0.));
#4609=DIRECTION('',(0.969335072137236,0.245742788143821,0.));
#4610=DIRECTION('',(0.,0.,-1.));
#4611=DIRECTION('',(0.969335072137236,0.245742788143821,0.));
#4612=DIRECTION('',(-0.336154887792869,0.941806716589431,0.));
#4613=DIRECTION('',(-0.941806716589431,-0.336154887792869,0.));
#4614=DIRECTION('',(0.94180671658943,0.336154887792869,0.));
#4615=DIRECTION('',(0.,0.,-1.));
#4616=DIRECTION('',(0.94180671658943,0.336154887792869,0.));
#4617=DIRECTION('',(-0.41045451758143,0.911881071739619,0.));
#4618=DIRECTION('',(-0.911881071739619,-0.41045451758143,0.));
#4619=DIRECTION('',(0.911881071739619,0.41045451758143,0.));
#4620=DIRECTION('',(0.,0.,-1.));
#4621=DIRECTION('',(0.911881071739619,0.41045451758143,0.));
#4622=DIRECTION('',(-0.767271004080492,-0.641323012449509,0.));
#4623=DIRECTION('',(0.641323012449509,-0.767271004080492,0.));
#4624=DIRECTION('',(-0.641323012449509,0.767271004080492,0.));
#4625=DIRECTION('',(-0.641323012449509,0.767271004080492,0.));
#4626=DIRECTION('',(0.,0.,-1.));
#4627=DIRECTION('',(-3.008310642702E-16,-1.,0.));
#4628=DIRECTION('',(1.,-3.008310642702E-16,0.));
#4629=DIRECTION('',(-1.,3.008310642702E-16,0.));
#4630=DIRECTION('',(0.,0.,-1.));
#4631=DIRECTION('',(-1.,3.008310642702E-16,0.));
#4632=DIRECTION('',(-0.994041129181963,-0.109005658085482,0.));
#4633=DIRECTION('',(0.109005658085482,-0.994041129181963,0.));
#4634=DIRECTION('',(-0.109005658085482,0.994041129181962,0.));
#4635=DIRECTION('',(0.,0.,-1.));
#4636=DIRECTION('',(-0.109005658085482,0.994041129181962,0.));
#4637=DIRECTION('',(-0.998677025313448,-0.0514217766231667,0.));
#4638=DIRECTION('',(0.0514217766231667,-0.998677025313448,0.));
#4639=DIRECTION('',(-0.0514217766231667,0.998677025313448,0.));
#4640=DIRECTION('',(0.,0.,-1.));
#4641=DIRECTION('',(-0.0514217766231667,0.998677025313448,0.));
#4642=DIRECTION('',(-0.99998008622709,-0.00631087547501549,0.));
#4643=DIRECTION('',(0.00631087547501549,-0.99998008622709,0.));
#4644=DIRECTION('',(-0.00631087547501549,0.99998008622709,0.));
#4645=DIRECTION('',(0.,0.,-1.));
#4646=DIRECTION('',(-0.00631087547501549,0.99998008622709,0.));
#4647=DIRECTION('',(-0.995881882598674,0.0906602223233567,0.));
#4648=DIRECTION('',(-0.0906602223233567,-0.995881882598674,0.));
#4649=DIRECTION('',(0.0906602223233567,0.995881882598674,0.));
#4650=DIRECTION('',(0.,0.,-1.));
#4651=DIRECTION('',(0.0906602223233567,0.995881882598674,0.));
#4652=DIRECTION('',(-0.986536159197169,0.163543286613967,0.));
#4653=DIRECTION('',(-0.163543286613967,-0.986536159197169,0.));
#4654=DIRECTION('',(0.163543286613967,0.986536159197169,0.));
#4655=DIRECTION('',(0.,0.,-1.));
#4656=DIRECTION('',(0.163543286613967,0.986536159197169,0.));
#4657=DIRECTION('',(-0.969213070510118,0.246223524368304,0.));
#4658=DIRECTION('',(-0.246223524368304,-0.969213070510118,0.));
#4659=DIRECTION('',(0.246223524368304,0.969213070510118,0.));
#4660=DIRECTION('',(0.,0.,-1.));
#4661=DIRECTION('',(0.246223524368304,0.969213070510118,0.));
#4662=DIRECTION('',(-0.948681771182924,0.316232346582748,0.));
#4663=DIRECTION('',(-0.316232346582748,-0.948681771182924,0.));
#4664=DIRECTION('',(0.316232346582748,0.948681771182924,0.));
#4665=DIRECTION('',(0.,0.,-1.));
#4666=DIRECTION('',(0.316232346582748,0.948681771182924,0.));
#4667=DIRECTION('',(-0.942496233505642,0.334216770715771,0.));
#4668=DIRECTION('',(-0.334216770715771,-0.942496233505642,0.));
#4669=DIRECTION('',(0.334216770715771,0.942496233505642,0.));
#4670=DIRECTION('',(0.,0.,-1.));
#4671=DIRECTION('',(0.334216770715771,0.942496233505642,0.));
#4672=DIRECTION('',(-0.912230349845258,0.409677664537864,0.));
#4673=DIRECTION('',(-0.409677664537864,-0.912230349845258,0.));
#4674=DIRECTION('',(0.409677664537864,0.912230349845258,0.));
#4675=DIRECTION('',(0.409677664537864,0.912230349845258,0.));
#4676=DIRECTION('',(-0.562357977279086,0.826893890043079,0.));
#4677=DIRECTION('',(-0.826893890043079,-0.562357977279086,0.));
#4678=DIRECTION('',(0.826893890043079,0.562357977279086,0.));
#4679=DIRECTION('',(0.,0.,-1.));
#4680=DIRECTION('',(0.826893890043079,0.562357977279086,0.));
#4681=DIRECTION('',(-0.486530295565931,0.873663706180203,0.));
#4682=DIRECTION('',(-0.873663706180203,-0.486530295565931,0.));
#4683=DIRECTION('',(0.873663706180203,0.486530295565931,0.));
#4684=DIRECTION('',(0.,0.,-1.));
#4685=DIRECTION('',(0.873663706180203,0.486530295565931,0.));
#4686=DIRECTION('',(-0.410454517581431,0.911881071739618,0.));
#4687=DIRECTION('',(-0.911881071739618,-0.410454517581431,0.));
#4688=DIRECTION('',(0.911881071739618,0.410454517581431,0.));
#4689=DIRECTION('',(0.,0.,-1.));
#4690=DIRECTION('',(0.911881071739618,0.410454517581431,0.));
#4691=DIRECTION('',(-0.336154887792871,0.94180671658943,0.));
#4692=DIRECTION('',(-0.94180671658943,-0.336154887792871,0.));
#4693=DIRECTION('',(0.94180671658943,0.336154887792871,0.));
#4694=DIRECTION('',(0.,0.,-1.));
#4695=DIRECTION('',(0.94180671658943,0.336154887792871,0.));
#4696=DIRECTION('',(-0.245742788143818,0.969335072137237,0.));
#4697=DIRECTION('',(-0.969335072137237,-0.245742788143818,0.));
#4698=DIRECTION('',(0.969335072137237,0.245742788143818,0.));
#4699=DIRECTION('',(0.,0.,-1.));
#4700=DIRECTION('',(0.969335072137237,0.245742788143818,0.));
#4701=DIRECTION('',(-0.156636649888378,0.987656296447173,0.));
#4702=DIRECTION('',(-0.987656296447173,-0.156636649888378,0.));
#4703=DIRECTION('',(0.987656296447173,0.156636649888378,0.));
#4704=DIRECTION('',(0.,0.,-1.));
#4705=DIRECTION('',(0.987656296447173,0.156636649888378,0.));
#4706=DIRECTION('',(-0.0737680867549541,0.99727542302842,0.));
#4707=DIRECTION('',(-0.99727542302842,-0.0737680867549541,0.));
#4708=DIRECTION('',(0.99727542302842,0.0737680867549541,0.));
#4709=DIRECTION('',(0.,0.,-1.));
#4710=DIRECTION('',(0.99727542302842,0.0737680867549541,0.));
#4711=DIRECTION('',(0.0423517350776013,0.999102762750617,0.));
#4712=DIRECTION('',(-0.999102762750617,0.0423517350776013,0.));
#4713=DIRECTION('',(0.999102762750618,-0.0423517350776013,0.));
#4714=DIRECTION('',(0.,0.,-1.));
#4715=DIRECTION('',(0.999102762750618,-0.0423517350776013,0.));
#4716=DIRECTION('',(0.174872795690479,0.984591034555666,0.));
#4717=DIRECTION('',(-0.984591034555666,0.174872795690479,0.));
#4718=DIRECTION('',(0.984591034555666,-0.174872795690479,0.));
#4719=DIRECTION('',(0.,0.,-1.));
#4720=DIRECTION('',(0.984591034555666,-0.174872795690479,0.));
#4721=DIRECTION('',(0.279521991492247,0.960139290036715,0.));
#4722=DIRECTION('',(-0.960139290036716,0.279521991492248,0.));
#4723=DIRECTION('',(0.960139290036715,-0.279521991492247,0.));
#4724=DIRECTION('',(0.,0.,-1.));
#4725=DIRECTION('',(0.960139290036715,-0.279521991492247,0.));
#4726=DIRECTION('',(0.365065508042322,0.930981833785064,0.));
#4727=DIRECTION('',(-0.930981833785064,0.365065508042322,0.));
#4728=DIRECTION('',(0.930981833785064,-0.365065508042322,0.));
#4729=DIRECTION('',(0.,0.,-1.));
#4730=DIRECTION('',(0.930981833785064,-0.365065508042322,0.));
#4731=DIRECTION('',(0.437507319137971,0.899214849577511,0.));
#4732=DIRECTION('',(-0.899214849577511,0.437507319137971,0.));
#4733=DIRECTION('',(0.899214849577511,-0.437507319137971,0.));
#4734=DIRECTION('',(0.,0.,-1.));
#4735=DIRECTION('',(0.899214849577511,-0.437507319137971,0.));
#4736=DIRECTION('',(0.506383854421622,0.862308176918845,0.));
#4737=DIRECTION('',(-0.862308176918845,0.506383854421622,0.));
#4738=DIRECTION('',(0.862308176918845,-0.506383854421622,0.));
#4739=DIRECTION('',(0.,0.,-1.));
#4740=DIRECTION('',(0.862308176918845,-0.506383854421622,0.));
#4741=DIRECTION('',(0.577861327814541,0.816134967892208,0.));
#4742=DIRECTION('',(-0.816134967892208,0.577861327814541,0.));
#4743=DIRECTION('',(0.816134967892208,-0.577861327814541,0.));
#4744=DIRECTION('',(0.,0.,-1.));
#4745=DIRECTION('',(0.816134967892208,-0.577861327814541,0.));
#4746=DIRECTION('',(0.643171163606012,0.765722439468564,0.));
#4747=DIRECTION('',(-0.765722439468564,0.643171163606012,0.));
#4748=DIRECTION('',(0.765722439468564,-0.643171163606012,0.));
#4749=DIRECTION('',(0.,0.,-1.));
#4750=DIRECTION('',(0.765722439468564,-0.643171163606012,0.));
#4751=DIRECTION('',(0.724836385367172,0.68892105095421,0.));
#4752=DIRECTION('',(-0.68892105095421,0.724836385367172,0.));
#4753=DIRECTION('',(0.68892105095421,-0.724836385367172,0.));
#4754=DIRECTION('',(0.,0.,-1.));
#4755=DIRECTION('',(0.68892105095421,-0.724836385367172,0.));
#4756=DIRECTION('',(0.795154969405286,0.606406278521322,0.));
#4757=DIRECTION('',(-0.606406278521322,0.795154969405286,0.));
#4758=DIRECTION('',(0.606406278521322,-0.795154969405286,0.));
#4759=DIRECTION('',(0.,0.,-1.));
#4760=DIRECTION('',(0.606406278521322,-0.795154969405286,0.));
#4761=DIRECTION('',(0.841882704838368,0.53966055191577,0.));
#4762=DIRECTION('',(-0.53966055191577,0.841882704838368,0.));
#4763=DIRECTION('',(0.53966055191577,-0.841882704838368,0.));
#4764=DIRECTION('',(0.,0.,-1.));
#4765=DIRECTION('',(0.53966055191577,-0.841882704838368,0.));
#4766=DIRECTION('',(0.890905347067723,0.454189016342469,0.));
#4767=DIRECTION('',(-0.454189016342469,0.890905347067723,0.));
#4768=DIRECTION('',(0.454189016342469,-0.890905347067723,0.));
#4769=DIRECTION('',(0.,0.,-1.));
#4770=DIRECTION('',(0.454189016342469,-0.890905347067723,0.));
#4771=DIRECTION('',(0.936131381190769,0.351650447390393,0.));
#4772=DIRECTION('',(-0.351650447390393,0.936131381190769,0.));
#4773=DIRECTION('',(0.351650447390393,-0.936131381190769,0.));
#4774=DIRECTION('',(0.,0.,-1.));
#4775=DIRECTION('',(0.351650447390393,-0.936131381190769,0.));
#4776=DIRECTION('',(0.966617309614449,0.256224465564324,0.));
#4777=DIRECTION('',(-0.256224465564324,0.966617309614449,0.));
#4778=DIRECTION('',(0.256224465564324,-0.966617309614449,0.));
#4779=DIRECTION('',(0.,0.,-1.));
#4780=DIRECTION('',(0.256224465564324,-0.966617309614449,0.));
#4781=DIRECTION('',(0.983129062639251,0.182913220391712,0.));
#4782=DIRECTION('',(-0.182913220391712,0.983129062639251,0.));
#4783=DIRECTION('',(0.182913220391712,-0.983129062639251,0.));
#4784=DIRECTION('',(0.,0.,-1.));
#4785=DIRECTION('',(0.182913220391712,-0.983129062639251,0.));
#4786=DIRECTION('',(0.,0.,-1.));
#4787=DIRECTION('',(-1.,0.,0.));
#4788=DIRECTION('',(0.,0.,-1.));
#4789=DIRECTION('',(1.,0.,0.));
#4790=DIRECTION('',(0.,0.,-1.));
#4791=DIRECTION('',(0.,0.,-1.));
#4792=DIRECTION('',(1.,0.,0.));
#4793=DIRECTION('',(0.,0.,-1.));
#4794=DIRECTION('',(-1.,0.,0.));
#4795=DIRECTION('',(0.,0.,1.));
#4796=DIRECTION('',(1.,0.,0.));
#4797=DIRECTION('',(0.,0.,-1.));
#4798=DIRECTION('',(0.,0.,1.));
#4799=DIRECTION('',(1.,0.,0.));
#4800=DIRECTION('',(0.981298285585886,-0.192493310808975,0.));
#4801=DIRECTION('',(0.192493310808975,0.981298285585886,0.));
#4802=DIRECTION('',(-0.192493310808975,-0.981298285585886,0.));
#4803=DIRECTION('',(0.,0.,-1.));
#4804=DIRECTION('',(-0.192493310808975,-0.981298285585886,0.));
#4805=DIRECTION('',(0.952156727189653,-0.305610155046407,0.));
#4806=DIRECTION('',(0.305610155046407,0.952156727189653,0.));
#4807=DIRECTION('',(-0.305610155046407,-0.952156727189653,0.));
#4808=DIRECTION('',(0.,0.,-1.));
#4809=DIRECTION('',(-0.305610155046407,-0.952156727189653,0.));
#4810=DIRECTION('',(0.918299956490289,-0.395885324191153,0.));
#4811=DIRECTION('',(0.395885324191153,0.918299956490289,0.));
#4812=DIRECTION('',(-0.395885324191153,-0.918299956490289,0.));
#4813=DIRECTION('',(0.,0.,-1.));
#4814=DIRECTION('',(-0.395885324191153,-0.918299956490289,0.));
#4815=DIRECTION('',(0.871537575709941,-0.490328720478047,0.));
#4816=DIRECTION('',(0.490328720478047,0.871537575709941,0.));
#4817=DIRECTION('',(-0.490328720478047,-0.871537575709941,0.));
#4818=DIRECTION('',(0.,0.,-1.));
#4819=DIRECTION('',(-0.490328720478047,-0.871537575709941,0.));
#4820=DIRECTION('',(0.82026159063455,-0.571988568880251,0.));
#4821=DIRECTION('',(0.571988568880251,0.820261590634551,0.));
#4822=DIRECTION('',(-0.571988568880251,-0.820261590634551,0.));
#4823=DIRECTION('',(0.,0.,-1.));
#4824=DIRECTION('',(-0.571988568880251,-0.820261590634551,0.));
#4825=DIRECTION('',(0.774213217192501,-0.632924872575282,0.));
#4826=DIRECTION('',(0.632924872575282,0.774213217192501,0.));
#4827=DIRECTION('',(-0.632924872575282,-0.774213217192501,0.));
#4828=DIRECTION('',(0.,0.,-1.));
#4829=DIRECTION('',(-0.632924872575282,-0.774213217192501,0.));
#4830=DIRECTION('',(0.692135640252809,-0.721767452502421,0.));
#4831=DIRECTION('',(0.721767452502421,0.692135640252809,0.));
#4832=DIRECTION('',(-0.721767452502421,-0.692135640252809,0.));
#4833=DIRECTION('',(0.,0.,-1.));
#4834=DIRECTION('',(-0.721767452502421,-0.692135640252809,0.));
#4835=DIRECTION('',(0.627724982812506,-0.778435190592665,0.));
#4836=DIRECTION('',(0.778435190592665,0.627724982812506,0.));
#4837=DIRECTION('',(-0.778435190592665,-0.627724982812506,0.));
#4838=DIRECTION('',(0.,0.,-1.));
#4839=DIRECTION('',(-0.778435190592665,-0.627724982812506,0.));
#4840=DIRECTION('',(0.54574027301844,-0.837954386828877,0.));
#4841=DIRECTION('',(0.837954386828877,0.54574027301844,0.));
#4842=DIRECTION('',(-0.837954386828877,-0.54574027301844,0.));
#4843=DIRECTION('',(0.,0.,-1.));
#4844=DIRECTION('',(-0.837954386828877,-0.54574027301844,0.));
#4845=DIRECTION('',(0.478136043166718,-0.878285787329429,0.));
#4846=DIRECTION('',(0.878285787329429,0.478136043166718,0.));
#4847=DIRECTION('',(-0.878285787329429,-0.478136043166718,0.));
#4848=DIRECTION('',(0.,0.,-1.));
#4849=DIRECTION('',(-0.878285787329429,-0.478136043166718,0.));
#4850=DIRECTION('',(0.407628043153435,-0.913148059426784,0.));
#4851=DIRECTION('',(0.913148059426784,0.407628043153435,0.));
#4852=DIRECTION('',(-0.913148059426784,-0.407628043153435,0.));
#4853=DIRECTION('',(0.,0.,-1.));
#4854=DIRECTION('',(-0.913148059426784,-0.407628043153435,0.));
#4855=DIRECTION('',(0.333232752560524,-0.942844596219831,0.));
#4856=DIRECTION('',(0.942844596219831,0.333232752560524,0.));
#4857=DIRECTION('',(-0.942844596219831,-0.333232752560524,0.));
#4858=DIRECTION('',(0.,0.,-1.));
#4859=DIRECTION('',(-0.942844596219831,-0.333232752560524,0.));
#4860=DIRECTION('',(0.262534092634024,-0.964922717218757,0.));
#4861=DIRECTION('',(0.964922717218757,0.262534092634024,0.));
#4862=DIRECTION('',(-0.964922717218757,-0.262534092634024,0.));
#4863=DIRECTION('',(0.,0.,-1.));
#4864=DIRECTION('',(-0.964922717218757,-0.262534092634024,0.));
#4865=DIRECTION('',(0.179987894767623,-0.98366882523394,0.));
#4866=DIRECTION('',(0.98366882523394,0.179987894767623,0.));
#4867=DIRECTION('',(-0.98366882523394,-0.179987894767623,0.));
#4868=DIRECTION('',(0.,0.,-1.));
#4869=DIRECTION('',(-0.98366882523394,-0.179987894767623,0.));
#4870=DIRECTION('',(0.0939374909983075,-0.995578097280642,0.));
#4871=DIRECTION('',(0.995578097280642,0.0939374909983075,0.));
#4872=DIRECTION('',(-0.995578097280642,-0.0939374909983075,0.));
#4873=DIRECTION('',(0.,0.,-1.));
#4874=DIRECTION('',(-0.995578097280642,-0.0939374909983075,0.));
#4875=DIRECTION('',(0.00378514490495033,-0.999992836313365,0.));
#4876=DIRECTION('',(0.999992836313365,0.00378514490495033,0.));
#4877=DIRECTION('',(-0.999992836313365,-0.00378514490495033,0.));
#4878=DIRECTION('',(0.,0.,-1.));
#4879=DIRECTION('',(-0.999992836313365,-0.00378514490495033,0.));
#4880=DIRECTION('',(-0.0808629380725006,-0.996725230565718,0.));
#4881=DIRECTION('',(0.996725230565718,-0.0808629380725006,0.));
#4882=DIRECTION('',(-0.996725230565718,0.0808629380725006,0.));
#4883=DIRECTION('',(0.,0.,-1.));
#4884=DIRECTION('',(-0.996725230565718,0.0808629380725006,0.));
#4885=DIRECTION('',(-0.16633444115515,-0.986069395978602,0.));
#4886=DIRECTION('',(0.986069395978602,-0.16633444115515,0.));
#4887=DIRECTION('',(-0.986069395978602,0.16633444115515,0.));
#4888=DIRECTION('',(0.,0.,-1.));
#4889=DIRECTION('',(-0.986069395978602,0.16633444115515,0.));
#4890=DIRECTION('',(-0.254235352555296,-0.967142381198903,0.));
#4891=DIRECTION('',(0.967142381198903,-0.254235352555296,0.));
#4892=DIRECTION('',(-0.967142381198903,0.254235352555296,0.));
#4893=DIRECTION('',(0.,0.,-1.));
#4894=DIRECTION('',(-0.967142381198903,0.254235352555296,0.));
#4895=DIRECTION('',(-0.329395258275514,-0.944192122306476,0.));
#4896=DIRECTION('',(0.944192122306476,-0.329395258275514,0.));
#4897=DIRECTION('',(-0.944192122306476,0.329395258275514,0.));
#4898=DIRECTION('',(0.,0.,-1.));
#4899=DIRECTION('',(-0.944192122306476,0.329395258275514,0.));
#4900=DIRECTION('',(-0.422876761291688,-0.90618720182943,0.));
#4901=DIRECTION('',(0.90618720182943,-0.422876761291688,0.));
#4902=DIRECTION('',(-0.90618720182943,0.422876761291688,0.));
#4903=DIRECTION('',(0.,0.,-1.));
#4904=DIRECTION('',(-0.90618720182943,0.422876761291688,0.));
#4905=DIRECTION('',(-0.52989942679896,-0.848060491638499,0.));
#4906=DIRECTION('',(0.848060491638499,-0.52989942679896,0.));
#4907=DIRECTION('',(-0.848060491638499,0.52989942679896,0.));
#4908=DIRECTION('',(0.,0.,-1.));
#4909=DIRECTION('',(-0.848060491638499,0.52989942679896,0.));
#4910=DIRECTION('',(-0.602701270437158,-0.797966903206791,0.));
#4911=DIRECTION('',(0.797966903206791,-0.602701270437157,0.));
#4912=DIRECTION('',(-0.797966903206791,0.602701270437158,0.));
#4913=DIRECTION('',(0.,0.,-1.));
#4914=DIRECTION('',(-0.797966903206791,0.602701270437158,0.));
#4915=DIRECTION('',(-0.644824075041361,-0.764331022690465,0.));
#4916=DIRECTION('',(0.764331022690465,-0.644824075041361,0.));
#4917=DIRECTION('',(-0.764331022690466,0.644824075041362,0.));
#4918=DIRECTION('',(0.,0.,-1.));
#4919=DIRECTION('',(-0.764331022690466,0.644824075041362,0.));
#4920=DIRECTION('',(-0.67094385536269,-0.741508154338878,0.));
#4921=DIRECTION('',(0.741508154338878,-0.67094385536269,0.));
#4922=DIRECTION('',(-0.741508154338878,0.67094385536269,0.));
#4923=DIRECTION('',(0.,0.,-1.));
#4924=DIRECTION('',(-0.741508154338878,0.67094385536269,0.));
#4925=DIRECTION('',(-0.69117893478045,-0.722683665316826,0.));
#4926=DIRECTION('',(0.722683665316826,-0.69117893478045,0.));
#4927=DIRECTION('',(-0.722683665316826,0.69117893478045,0.));
#4928=DIRECTION('',(-0.722683665316826,0.69117893478045,0.));
#4929=DIRECTION('',(-0.48653029556593,0.873663706180204,0.));
#4930=DIRECTION('',(-0.873663706180204,-0.48653029556593,0.));
#4931=DIRECTION('',(0.873663706180204,0.48653029556593,0.));
#4932=DIRECTION('',(0.873663706180204,0.48653029556593,0.));
#4933=DIRECTION('',(0.,0.,1.));
#4934=DIRECTION('',(1.,0.,0.));
#4935=DIRECTION('',(0.,0.,-1.));
#4936=DIRECTION('',(-1.,0.,0.));
#4937=DIRECTION('',(0.999998664550686,-0.00163428787090598,0.));
#4938=DIRECTION('',(0.999998664550686,-0.00163428787090598,0.));
#4939=DIRECTION('',(-0.00163428787090598,-0.999998664550686,0.));
#4940=DIRECTION('',(0.999998664550686,-0.00163428787090598,0.));
#4941=DIRECTION('',(0.999998664550686,-0.00163428787090598,0.));
#4942=DIRECTION('',(0.,0.,-1.));
#4943=DIRECTION('',(-1.,0.,0.));
#4944=DIRECTION('',(0.999998664550686,-0.00163428787090598,0.));
#4945=DIRECTION('',(-0.00163428787090598,-0.999998664550686,0.));
#4946=DIRECTION('',(0.999998664550686,-0.00163428787090598,0.));
#4947=DIRECTION('',(0.,0.,-1.));
#4948=DIRECTION('',(-1.,0.,0.));
#4949=DIRECTION('',(0.763673772290728,-0.645602330785174,0.));
#4950=DIRECTION('',(0.763673772290728,-0.645602330785174,0.));
#4951=DIRECTION('',(-0.645602330785174,-0.763673772290728,0.));
#4952=DIRECTION('',(0.763673772290728,-0.645602330785174,0.));
#4953=DIRECTION('',(0.763673772290728,-0.645602330785174,0.));
#4954=DIRECTION('',(0.,0.,-1.));
#4955=DIRECTION('',(-1.,0.,0.));
#4956=DIRECTION('',(0.763673772290728,-0.645602330785174,0.));
#4957=DIRECTION('',(-0.645602330785174,-0.763673772290728,0.));
#4958=DIRECTION('',(0.763673772290728,-0.645602330785174,0.));
#4959=DIRECTION('',(0.,0.,1.));
#4960=DIRECTION('',(1.,0.,0.));
#4961=DIRECTION('',(-1.,2.81715739870042E-16,0.));
#4962=DIRECTION('',(-0.109005658085487,0.994041129181962,0.));
#4963=DIRECTION('',(0.,0.,-1.));
#4964=DIRECTION('',(1.,0.,0.));
#4965=DIRECTION('',(0.0906602223233586,0.995881882598674,0.));
#4966=DIRECTION('',(0.163543286613965,0.986536159197169,0.));
#4967=DIRECTION('',(0.246223524368304,0.969213070510118,0.));
#4968=DIRECTION('',(0.316232346582754,0.948681771182922,0.));
#4969=DIRECTION('',(0.334216770715771,0.942496233505642,0.));
#4970=DIRECTION('',(0.409677664537863,0.912230349845258,0.));
#4971=DIRECTION('',(0.645602330785174,0.763673772290728,0.));
#4972=DIRECTION('',(0.826893890043078,0.562357977279087,0.));
#4973=DIRECTION('',(0.873663706180204,0.48653029556593,0.));
#4974=DIRECTION('',(0.911881071739619,0.41045451758143,0.));
#4975=DIRECTION('',(0.941806716589431,0.336154887792869,0.));
#4976=DIRECTION('',(0.969335072137236,0.245742788143821,0.));
#4977=DIRECTION('',(0.987656296447173,0.156636649888379,0.));
#4978=DIRECTION('',(0.99727542302842,0.0737680867549549,0.));
#4979=DIRECTION('',(0.999102762750618,-0.042351735077602,0.));
#4980=DIRECTION('',(0.984591034555666,-0.17487279569048,0.));
#4981=DIRECTION('',(0.960139290036716,-0.279521991492247,0.));
#4982=DIRECTION('',(0.930981833785064,-0.365065508042322,0.));
#4983=DIRECTION('',(0.89921484957751,-0.437507319137974,0.));
#4984=DIRECTION('',(0.862308176918844,-0.506383854421623,0.));
#4985=DIRECTION('',(0.816134967892209,-0.577861327814541,0.));
#4986=DIRECTION('',(0.765722439468564,-0.643171163606012,0.));
#4987=DIRECTION('',(0.,0.,1.));
#4988=DIRECTION('',(1.,0.,0.));
#4989=DIRECTION('',(0.00163428787090598,0.999998664550686,0.));
#4990=DIRECTION('',(-0.722683665316827,0.69117893478045,0.));
#4991=DIRECTION('',(-0.641323012449509,0.767271004080492,0.));
#4992=DIRECTION('',(-0.6660443091756,0.745912178620779,0.));
#4993=DIRECTION('',(0.,1.,0.));
#4994=DIRECTION('',(0.,0.,1.));
#4995=DIRECTION('',(1.,0.,0.));
#4996=DIRECTION('',(0.,0.,-1.));
#4997=DIRECTION('',(0.,0.,-1.));
#4998=DIRECTION('',(0.999975761690552,0.0069624730807273,0.));
#4999=DIRECTION('',(-0.0069624730807273,0.999975761690552,0.));
#5000=DIRECTION('',(0.00696247308072729,-0.999975761690552,0.));
#5001=DIRECTION('',(0.,0.,-1.));
#5002=DIRECTION('',(1.22464679914735E-16,-1.,0.));
#5003=DIRECTION('',(1.,1.22464679914735E-16,0.));
#5004=DIRECTION('',(-1.,-1.22464679914735E-16,0.));
#5005=DIRECTION('',(0.,0.,-1.));
#5006=DIRECTION('',(0.,1.,0.));
#5007=DIRECTION('',(0.,0.,1.));
#5008=DIRECTION('',(1.,0.,0.));
#5009=DIRECTION('',(0.,0.,-1.));
#5010=DIRECTION('',(0.,0.,-1.));
#5011=DIRECTION('',(0.0708401548380104,0.997487680356267,0.));
#5012=DIRECTION('',(-0.997487680356267,0.0708401548380104,0.));
#5013=DIRECTION('',(0.997487680356267,-0.0708401548380104,0.));
#5014=DIRECTION('',(0.,0.,-1.));
#5015=DIRECTION('',(0.,0.,-1.));
#5016=DIRECTION('',(-1.,0.,0.));
#5017=DIRECTION('',(0.,0.,-1.));
#5018=DIRECTION('',(1.,0.,0.));
#5019=DIRECTION('',(0.,0.,-1.));
#5020=DIRECTION('',(1.,0.,0.));
#5021=DIRECTION('',(0.,0.,-1.));
#5022=DIRECTION('',(0.,-1.,0.));
#5023=DIRECTION('',(0.,0.,-1.));
#5024=DIRECTION('',(0.922270265511388,-0.38654567304984,0.));
#5025=DIRECTION('',(0.386545673049841,0.922270265511388,0.));
#5026=DIRECTION('',(-0.386545673049841,-0.922270265511388,0.));
#5027=DIRECTION('',(0.,0.,-1.));
#5028=DIRECTION('',(0.774595891218952,-0.632456484911585,0.));
#5029=DIRECTION('',(0.632456484911585,0.774595891218952,0.));
#5030=DIRECTION('',(-0.632456484911585,-0.774595891218952,0.));
#5031=DIRECTION('',(0.,0.,-1.));
#5032=DIRECTION('',(0.,-1.,0.));
#5033=DIRECTION('',(0.,0.,-1.));
#5034=DIRECTION('',(-1.,0.,0.));
#5035=DIRECTION('',(0.,0.,-1.));
#5036=DIRECTION('',(-0.393053409183602,-0.919515642895295,0.));
#5037=DIRECTION('',(0.919515642895295,-0.393053409183602,0.));
#5038=DIRECTION('',(-0.919515642895295,0.393053409183602,0.));
#5039=DIRECTION('',(0.,0.,-1.));
#5040=DIRECTION('',(-0.831287217552014,-0.555843109100608,0.));
#5041=DIRECTION('',(0.555843109100608,-0.831287217552014,0.));
#5042=DIRECTION('',(-0.555843109100608,0.831287217552014,0.));
#5043=DIRECTION('',(0.,0.,-1.));
#5044=DIRECTION('',(-1.,0.,0.));
#5045=DIRECTION('',(0.,0.,1.));
#5046=DIRECTION('',(0.,1.,0.));
#5047=DIRECTION('',(0.,0.,-1.));
#5048=DIRECTION('',(-0.624694629528557,0.780869143863541,0.));
#5049=DIRECTION('',(-0.780869143863541,-0.624694629528557,0.));
#5050=DIRECTION('',(0.780869143863541,0.624694629528557,0.));
#5051=DIRECTION('',(0.,0.,-1.));
#5052=DIRECTION('',(0.,0.,-1.));
#5053=DIRECTION('',(-1.,0.,0.));
#5054=DIRECTION('',(0.,0.,1.));
#5055=DIRECTION('',(1.,0.,0.));
#5056=DIRECTION('',(0.,0.,-1.));
#5057=DIRECTION('',(-1.,0.,0.));
#5058=DIRECTION('',(0.,0.,-1.));
#5059=DIRECTION('',(1.,0.,0.));
#5060=DIRECTION('',(-0.264798849301421,0.964303670743114,0.));
#5061=DIRECTION('',(-0.964303670743114,-0.264798849301421,0.));
#5062=DIRECTION('',(0.964303670743114,0.264798849301421,0.));
#5063=DIRECTION('',(0.,0.,1.));
#5064=DIRECTION('',(1.,0.,0.));
#5065=DIRECTION('',(0.,0.,-1.));
#5066=DIRECTION('',(-1.,0.,0.));
#5067=DIRECTION('',(0.,0.,-1.));
#5068=DIRECTION('',(0.,0.,1.));
#5069=DIRECTION('',(1.,0.,0.));
#5070=DIRECTION('',(0.,0.,-1.));
#5071=DIRECTION('',(1.,0.,0.));
#5072=DIRECTION('',(0.,0.,-1.));
#5073=DIRECTION('',(0.,0.,-1.));
#5074=DIRECTION('',(0.,-1.,0.));
#5075=DIRECTION('',(0.,0.,-1.));
#5076=DIRECTION('',(-1.,0.,0.));
#5077=DIRECTION('',(0.,0.,-1.));
#5078=DIRECTION('',(0.,0.,1.));
#5079=DIRECTION('',(1.,0.,0.));
#5080=DIRECTION('',(0.,1.,0.));
#5081=DIRECTION('',(0.,0.,1.));
#5082=DIRECTION('',(0.,0.,-1.));
#5083=DIRECTION('',(1.,0.,0.));
#5084=DIRECTION('',(0.,0.,-1.));
#5085=DIRECTION('',(-1.,0.,0.));
#5086=DIRECTION('',(0.,0.,1.));
#5087=DIRECTION('',(1.,0.,0.));
#5088=DIRECTION('',(0.,0.,1.));
#5089=DIRECTION('',(1.,0.,0.));
#5090=DIRECTION('',(0.,0.,-1.));
#5091=DIRECTION('',(-1.,0.,0.));
#5092=DIRECTION('',(0.,0.,1.));
#5093=DIRECTION('',(1.,0.,0.));
#5094=DIRECTION('',(0.,0.,1.));
#5095=DIRECTION('',(1.,0.,0.));
#5096=DIRECTION('',(-0.643171163606012,-0.765722439468564,0.));
#5097=DIRECTION('',(0.765722439468564,-0.643171163606012,0.));
#5098=DIRECTION('',(0.,0.,-1.));
#5099=DIRECTION('',(0.765722439468564,-0.643171163606012,0.));
#5100=DIRECTION('',(0.,0.,1.));
#5101=DIRECTION('',(1.,0.,0.));
#5102=DIRECTION('',(1.,0.,0.));
#5103=DIRECTION('',(0.00163428787090598,0.999998664550686,0.));
#5104=DIRECTION('',(-0.6660443091756,0.745912178620779,0.));
#5105=DIRECTION('',(-0.641323012449509,0.767271004080492,0.));
#5106=DIRECTION('',(-0.722683665316827,0.69117893478045,0.));
#5107=DIRECTION('',(0.816134967892209,-0.577861327814541,0.));
#5108=DIRECTION('',(0.862308176918844,-0.506383854421623,0.));
#5109=DIRECTION('',(0.89921484957751,-0.437507319137974,0.));
#5110=DIRECTION('',(0.930981833785064,-0.365065508042322,0.));
#5111=DIRECTION('',(0.960139290036716,-0.279521991492247,0.));
#5112=DIRECTION('',(0.984591034555666,-0.17487279569048,0.));
#5113=DIRECTION('',(0.999102762750618,-0.042351735077602,0.));
#5114=DIRECTION('',(0.99727542302842,0.0737680867549549,0.));
#5115=DIRECTION('',(0.987656296447173,0.156636649888379,0.));
#5116=DIRECTION('',(0.969335072137236,0.245742788143821,0.));
#5117=DIRECTION('',(0.941806716589431,0.336154887792869,0.));
#5118=DIRECTION('',(0.911881071739619,0.41045451758143,0.));
#5119=DIRECTION('',(0.873663706180204,0.48653029556593,0.));
#5120=DIRECTION('',(0.826893890043078,0.562357977279087,0.));
#5121=DIRECTION('',(0.645602330785174,0.763673772290728,0.));
#5122=DIRECTION('',(0.409677664537863,0.912230349845258,0.));
#5123=DIRECTION('',(0.334216770715771,0.942496233505642,0.));
#5124=DIRECTION('',(0.316232346582754,0.948681771182922,0.));
#5125=DIRECTION('',(0.246223524368304,0.969213070510118,0.));
#5126=DIRECTION('',(0.163543286613965,0.986536159197169,0.));
#5127=DIRECTION('',(0.0906602223233586,0.995881882598674,0.));
#5128=DIRECTION('',(0.,0.,-1.));
#5129=DIRECTION('',(-1.,0.,0.));
#5130=DIRECTION('',(-0.109005658085487,0.994041129181962,0.));
#5131=DIRECTION('',(2.81715739870042E-16,1.,0.));
#5132=DIRECTION('',(-1.,2.81715739870042E-16,0.));
#5133=DIRECTION('',(0.,0.,-1.));
#5134=DIRECTION('',(0.69117893478045,0.722683665316827,0.));
#5135=DIRECTION('',(-0.722683665316827,0.69117893478045,0.));
#5136=DIRECTION('',(0.,0.,-1.));
#5137=DIRECTION('',(-0.577861327814541,-0.816134967892209,0.));
#5138=DIRECTION('',(0.816134967892209,-0.577861327814541,0.));
#5139=DIRECTION('',(0.,0.,-1.));
#5140=DIRECTION('',(-0.506383854421623,-0.862308176918844,0.));
#5141=DIRECTION('',(0.862308176918844,-0.506383854421623,0.));
#5142=DIRECTION('',(0.,0.,-1.));
#5143=DIRECTION('',(-0.437507319137974,-0.89921484957751,0.));
#5144=DIRECTION('',(0.89921484957751,-0.437507319137974,0.));
#5145=DIRECTION('',(0.,0.,-1.));
#5146=DIRECTION('',(-0.365065508042322,-0.930981833785064,0.));
#5147=DIRECTION('',(0.930981833785064,-0.365065508042322,0.));
#5148=DIRECTION('',(0.,0.,-1.));
#5149=DIRECTION('',(-0.279521991492247,-0.960139290036716,0.));
#5150=DIRECTION('',(0.960139290036716,-0.279521991492247,0.));
#5151=DIRECTION('',(0.,0.,-1.));
#5152=DIRECTION('',(-0.17487279569048,-0.984591034555666,0.));
#5153=DIRECTION('',(0.984591034555666,-0.17487279569048,0.));
#5154=DIRECTION('',(0.,0.,-1.));
#5155=DIRECTION('',(-0.042351735077602,-0.999102762750618,0.));
#5156=DIRECTION('',(0.999102762750618,-0.042351735077602,0.));
#5157=DIRECTION('',(0.,0.,-1.));
#5158=DIRECTION('',(0.0737680867549549,-0.99727542302842,0.));
#5159=DIRECTION('',(0.99727542302842,0.0737680867549549,0.));
#5160=DIRECTION('',(0.,0.,-1.));
#5161=DIRECTION('',(0.156636649888379,-0.987656296447173,0.));
#5162=DIRECTION('',(0.987656296447173,0.156636649888379,0.));
#5163=DIRECTION('',(0.,0.,-1.));
#5164=DIRECTION('',(0.245742788143821,-0.969335072137236,0.));
#5165=DIRECTION('',(0.969335072137236,0.245742788143821,0.));
#5166=DIRECTION('',(0.,0.,-1.));
#5167=DIRECTION('',(0.336154887792869,-0.941806716589431,0.));
#5168=DIRECTION('',(0.941806716589431,0.336154887792869,0.));
#5169=DIRECTION('',(0.,0.,-1.));
#5170=DIRECTION('',(0.41045451758143,-0.911881071739619,0.));
#5171=DIRECTION('',(0.911881071739619,0.41045451758143,0.));
#5172=DIRECTION('',(0.,0.,-1.));
#5173=DIRECTION('',(0.48653029556593,-0.873663706180204,0.));
#5174=DIRECTION('',(0.873663706180204,0.48653029556593,0.));
#5175=DIRECTION('',(0.,0.,-1.));
#5176=DIRECTION('',(0.562357977279087,-0.826893890043078,0.));
#5177=DIRECTION('',(0.826893890043078,0.562357977279087,0.));
#5178=DIRECTION('',(0.,0.,-1.));
#5179=DIRECTION('',(0.763673772290728,-0.645602330785174,0.));
#5180=DIRECTION('',(0.645602330785174,0.763673772290728,0.));
#5181=DIRECTION('',(0.,0.,-1.));
#5182=DIRECTION('',(0.912230349845258,-0.409677664537863,0.));
#5183=DIRECTION('',(0.409677664537863,0.912230349845258,0.));
#5184=DIRECTION('',(0.,0.,-1.));
#5185=DIRECTION('',(0.942496233505642,-0.334216770715771,0.));
#5186=DIRECTION('',(0.334216770715771,0.942496233505642,0.));
#5187=DIRECTION('',(0.,0.,-1.));
#5188=DIRECTION('',(0.948681771182922,-0.316232346582754,0.));
#5189=DIRECTION('',(0.316232346582754,0.948681771182922,0.));
#5190=DIRECTION('',(0.,0.,-1.));
#5191=DIRECTION('',(0.969213070510118,-0.246223524368304,0.));
#5192=DIRECTION('',(0.246223524368304,0.969213070510118,0.));
#5193=DIRECTION('',(0.,0.,-1.));
#5194=DIRECTION('',(0.986536159197169,-0.163543286613965,0.));
#5195=DIRECTION('',(0.163543286613965,0.986536159197169,0.));
#5196=DIRECTION('',(0.,0.,-1.));
#5197=DIRECTION('',(0.995881882598674,-0.0906602223233586,0.));
#5198=DIRECTION('',(0.0906602223233586,0.995881882598674,0.));
#5199=DIRECTION('',(0.,0.,-1.));
#5200=DIRECTION('',(0.,0.,1.));
#5201=DIRECTION('',(1.,0.,0.));
#5202=DIRECTION('',(0.,0.,-1.));
#5203=DIRECTION('',(0.994041129181962,0.109005658085487,0.));
#5204=DIRECTION('',(-0.109005658085487,0.994041129181962,0.));
#5205=DIRECTION('',(0.999998664550686,-0.00163428787090598,0.));
#5206=DIRECTION('',(0.00163428787090598,0.999998664550686,0.));
#5207=DIRECTION('',(0.,0.,-1.));
#5208=DIRECTION('',(0.745912178620779,0.6660443091756,0.));
#5209=DIRECTION('',(-0.6660443091756,0.745912178620779,0.));
#5210=DIRECTION('',(0.,0.,-1.));
#5211=DIRECTION('',(0.767271004080492,0.641323012449509,0.));
#5212=DIRECTION('',(-0.641323012449509,0.767271004080492,0.));
#5213=CARTESIAN_POINT('',(0.,0.,0.));
#5214=CARTESIAN_POINT('',(0.0280845992146202,0.0281684240021827,0.01));
#5215=CARTESIAN_POINT('',(0.0280845992146202,0.0281684240021827,0.0099));
#5216=CARTESIAN_POINT('',(0.0291281696958352,0.027177015419259,0.0099));
#5217=CARTESIAN_POINT('',(0.0270443596249408,0.0291633153025082,0.0099));
#5218=CARTESIAN_POINT('',(0.0291248388042995,0.0271735327018574,0.01));
#5219=CARTESIAN_POINT('',(0.0291248388042995,0.0271735327018574,0.));
#5220=CARTESIAN_POINT('',(0.0280845992146202,0.0281684240021827,0.));
#5221=CARTESIAN_POINT('',(0.027044359624941,0.0291633153025081,0.));
#5222=CARTESIAN_POINT('',(0.027044359624941,0.0291633153025081,0.01));
#5223=CARTESIAN_POINT('',(0.026713530609041,0.0294626615660589,0.01));
#5224=CARTESIAN_POINT('',(0.026713530609041,0.0294626615660589,0.0099));
#5225=CARTESIAN_POINT('',(0.0263827015931409,0.0297620078296097,0.0099));
#5226=CARTESIAN_POINT('',(0.026713530609041,0.0294626615660589,0.));
#5227=CARTESIAN_POINT('',(0.026382701593141,0.0297620078296097,0.));
#5228=CARTESIAN_POINT('',(0.026382701593141,0.0297620078296097,0.01));
#5229=CARTESIAN_POINT('',(0.0256818546171577,0.0303532739036246,0.01));
#5230=CARTESIAN_POINT('',(0.0256818546171577,0.0303532739036246,0.0099));
#5231=CARTESIAN_POINT('',(0.0249810076411743,0.0309445399776395,0.0099));
#5232=CARTESIAN_POINT('',(0.0256818546171577,0.0303532739036246,0.));
#5233=CARTESIAN_POINT('',(0.0249810076411743,0.0309445399776395,0.));
#5234=CARTESIAN_POINT('',(0.0249810076411743,0.0309445399776395,0.01));
#5235=CARTESIAN_POINT('',(0.0240223059288436,0.0316686436186175,0.01));
#5236=CARTESIAN_POINT('',(0.0240223059288436,0.0316686436186175,0.0099));
#5237=CARTESIAN_POINT('',(0.023063604216513,0.0323927472595955,0.0099));
#5238=CARTESIAN_POINT('',(0.0240223059288436,0.0316686436186175,0.));
#5239=CARTESIAN_POINT('',(0.023063604216513,0.0323927472595955,0.));
#5240=CARTESIAN_POINT('',(0.023063604216513,0.0323927472595955,0.01));
#5241=CARTESIAN_POINT('',(0.0211375464964452,0.0335962190542474,0.01));
#5242=CARTESIAN_POINT('',(0.0211375464964452,0.0335962190542474,0.0099));
#5243=CARTESIAN_POINT('',(0.0192114887763775,0.0347996908488994,0.0099));
#5244=CARTESIAN_POINT('',(0.0211375464964452,0.0335962190542474,0.));
#5245=CARTESIAN_POINT('',(0.0192114887763775,0.0347996908488994,0.));
#5246=CARTESIAN_POINT('',(0.0192114887763775,0.0347996908488994,0.01));
#5247=CARTESIAN_POINT('',(0.0169324199939628,0.0358632296227012,0.01));
#5248=CARTESIAN_POINT('',(0.0169324199939628,0.0358632296227012,0.0099));
#5249=CARTESIAN_POINT('',(0.0146533512115481,0.0369267683965029,0.0099));
#5250=CARTESIAN_POINT('',(0.0169324199939628,0.0358632296227012,0.));
#5251=CARTESIAN_POINT('',(0.0146533512115481,0.0369267683965029,0.));
#5252=CARTESIAN_POINT('',(0.0146533512115481,0.0369267683965029,0.01));
#5253=CARTESIAN_POINT('',(0.0132839556566863,0.0374045021032544,0.01));
#5254=CARTESIAN_POINT('',(0.0132839556566863,0.0374045021032544,0.0099));
#5255=CARTESIAN_POINT('',(0.0119145601018245,0.0378822358100059,0.0099));
#5256=CARTESIAN_POINT('',(0.0132839556566863,0.0374045021032544,0.));
#5257=CARTESIAN_POINT('',(0.0119145601018245,0.0378822358100059,0.));
#5258=CARTESIAN_POINT('',(0.0119145601018245,0.0378822358100059,0.01));
#5259=CARTESIAN_POINT('',(0.0103303964544994,0.0382986692237539,0.01));
#5260=CARTESIAN_POINT('',(0.0103303964544994,0.0382986692237539,0.0099));
#5261=CARTESIAN_POINT('',(0.00874623280717421,0.0387151026375019,0.0099));
#5262=CARTESIAN_POINT('',(0.0103303964544994,0.0382986692237539,0.));
#5263=CARTESIAN_POINT('',(0.00874623280717421,0.0387151026375019,0.));
#5264=CARTESIAN_POINT('',(0.00874623280717421,0.0387151026375019,0.01));
#5265=CARTESIAN_POINT('',(0.00687706831189062,0.0390304013710575,0.01));
#5266=CARTESIAN_POINT('',(0.00687706831189062,0.0390304013710575,0.0099));
#5267=CARTESIAN_POINT('',(0.00500790381660702,0.0393457001046131,0.0099));
#5268=CARTESIAN_POINT('',(0.00687706831189062,0.0390304013710575,0.));
#5269=CARTESIAN_POINT('',(0.00500790381660702,0.0393457001046131,0.));
#5270=CARTESIAN_POINT('',(0.00500790381660702,0.0393457001046131,0.01));
#5271=CARTESIAN_POINT('',(0.00352346516940295,0.0394661305569788,0.01));
#5272=CARTESIAN_POINT('',(0.00352346516940295,0.0394661305569788,0.0099));
#5273=CARTESIAN_POINT('',(0.00203902652219889,0.0395865610093444,0.0099));
#5274=CARTESIAN_POINT('',(0.00352346516940295,0.0394661305569788,0.));
#5275=CARTESIAN_POINT('',(0.00203902652219889,0.0395865610093444,0.));
#5276=CARTESIAN_POINT('',(0.00203902652219889,0.0395865610093444,0.01));
#5277=CARTESIAN_POINT('',(0.000199341547843259,0.0395795974852525,0.01));
#5278=CARTESIAN_POINT('',(0.000199341547843259,0.0395795974852525,0.0099));
#5279=CARTESIAN_POINT('',(-0.00164034342651237,0.0395726339611607,0.0099));
#5280=CARTESIAN_POINT('',(0.000199341547843259,0.0395795974852525,0.));
#5281=CARTESIAN_POINT('',(-0.00164034342651237,0.0395726339611607,0.));
#5282=CARTESIAN_POINT('',(-0.00164034342651237,0.0395726339611607,0.01));
#5283=CARTESIAN_POINT('',(-0.00334021615967986,0.0394122429481338,0.01));
#5284=CARTESIAN_POINT('',(-0.00334021615967986,0.0394122429481338,0.0099));
#5285=CARTESIAN_POINT('',(-0.00504008889284737,0.039251851935107,0.0099));
#5286=CARTESIAN_POINT('',(-0.00334021615967986,0.0394122429481338,0.));
#5287=CARTESIAN_POINT('',(-0.00504008889284737,0.039251851935107,0.));
#5288=CARTESIAN_POINT('',(-0.00504008889284737,0.039251851935107,0.01));
#5289=CARTESIAN_POINT('',(-0.0067187092906995,0.0389447045052273,0.01));
#5290=CARTESIAN_POINT('',(-0.0067187092906995,0.0389447045052273,0.0099));
#5291=CARTESIAN_POINT('',(-0.00839732968855162,0.0386375570753476,0.0099));
#5292=CARTESIAN_POINT('',(-0.0067187092906995,0.0389447045052273,0.));
#5293=CARTESIAN_POINT('',(-0.00839732968855162,0.0386375570753476,0.));
#5294=CARTESIAN_POINT('',(-0.00839732968855162,0.0386375570753476,0.01));
#5295=CARTESIAN_POINT('',(-0.00996057839509615,0.0382122317374625,0.01));
#5296=CARTESIAN_POINT('',(-0.00996057839509615,0.0382122317374625,0.0099));
#5297=CARTESIAN_POINT('',(-0.0115238271016407,0.0377869063995775,0.0099));
#5298=CARTESIAN_POINT('',(-0.00996057839509615,0.0382122317374625,0.));
#5299=CARTESIAN_POINT('',(-0.0115238271016407,0.0377869063995775,0.));
#5300=CARTESIAN_POINT('',(-0.0115238271016407,0.0377869063995775,0.01));
#5301=CARTESIAN_POINT('',(-0.0127406589736142,0.0373568373980403,0.01));
#5302=CARTESIAN_POINT('',(-0.0127406589736142,0.0373568373980403,0.0099));
#5303=CARTESIAN_POINT('',(-0.0139574908455877,0.0369267683965029,0.0099));
#5304=CARTESIAN_POINT('',(-0.0127406589736142,0.0373568373980403,0.));
#5305=CARTESIAN_POINT('',(-0.0139574908455877,0.0369267683965029,0.));
#5306=CARTESIAN_POINT('',(-0.0139574908455877,0.0369267683965029,0.01));
#5307=CARTESIAN_POINT('',(-0.0156534695321982,0.036169685833477,0.01));
#5308=CARTESIAN_POINT('',(-0.0156534695321982,0.036169685833477,0.0099));
#5309=CARTESIAN_POINT('',(-0.0173494482188087,0.035412603270451,0.0099));
#5310=CARTESIAN_POINT('',(-0.0156534695321982,0.036169685833477,0.));
#5311=CARTESIAN_POINT('',(-0.0173494482188087,0.035412603270451,0.));
#5312=CARTESIAN_POINT('',(-0.0173494482188087,0.035412603270451,0.01));
#5313=CARTESIAN_POINT('',(-0.0184329894026092,0.0348227268296563,0.01));
#5314=CARTESIAN_POINT('',(-0.0184329894026092,0.0348227268296563,0.0099));
#5315=CARTESIAN_POINT('',(-0.0195165305864097,0.0342328503888615,0.0099));
#5316=CARTESIAN_POINT('',(-0.0184329894026092,0.0348227268296563,0.));
#5317=CARTESIAN_POINT('',(-0.0195165305864097,0.0342328503888615,0.));
#5318=CARTESIAN_POINT('',(-0.0195165305864097,0.0342328503888615,0.01));
#5319=CARTESIAN_POINT('',(-0.0210749860864603,0.0332178644380111,0.01));
#5320=CARTESIAN_POINT('',(-0.0210749860864603,0.0332178644380111,0.0099));
#5321=CARTESIAN_POINT('',(-0.022633441586511,0.0322028784871608,0.0099));
#5322=CARTESIAN_POINT('',(-0.0210749860864603,0.0332178644380111,0.));
#5323=CARTESIAN_POINT('',(-0.022633441586511,0.0322028784871608,0.));
#5324=CARTESIAN_POINT('',(-0.022633441586511,0.0322028784871608,0.01));
#5325=CARTESIAN_POINT('',(-0.0242849448101244,0.0308711172240706,0.01));
#5326=CARTESIAN_POINT('',(-0.0242849448101244,0.0308711172240706,0.0099));
#5327=CARTESIAN_POINT('',(-0.0259364480337379,0.0295393559609804,0.0099));
#5328=CARTESIAN_POINT('',(-0.0242849448101244,0.0308711172240706,0.));
#5329=CARTESIAN_POINT('',(-0.0259364480337379,0.0295393559609804,0.));
#5330=CARTESIAN_POINT('',(-0.0259364480337379,0.0295393559609804,0.01));
#5331=CARTESIAN_POINT('',(-0.0273056818721528,0.0282263353528587,0.01));
#5332=CARTESIAN_POINT('',(-0.0273056818721528,0.0282263353528587,0.0099));
#5333=CARTESIAN_POINT('',(-0.0286749157105678,0.0269133147447371,0.0099));
#5334=CARTESIAN_POINT('',(-0.0273056818721528,0.0282263353528587,0.));
#5335=CARTESIAN_POINT('',(-0.0286749157105678,0.0269133147447371,0.));
#5336=CARTESIAN_POINT('',(-0.0286749157105678,0.0269133147447371,0.01));
#5337=CARTESIAN_POINT('',(-0.0297205557596328,0.0256342555996635,0.01));
#5338=CARTESIAN_POINT('',(-0.0297205557596328,0.0256342555996635,0.0099));
#5339=CARTESIAN_POINT('',(-0.0307661958086978,0.0243551964545899,0.0099));
#5340=CARTESIAN_POINT('',(-0.0297205557596328,0.0256342555996635,0.));
#5341=CARTESIAN_POINT('',(-0.0307661958086978,0.0243551964545899,0.));
#5342=CARTESIAN_POINT('',(-0.0307661958086978,0.0243551964545899,0.01));
#5343=CARTESIAN_POINT('',(-0.0317645127463536,0.02292355763558,0.01));
#5344=CARTESIAN_POINT('',(-0.0317645127463536,0.02292355763558,0.0099));
#5345=CARTESIAN_POINT('',(-0.0327628296840093,0.02149191881657,0.0099));
#5346=CARTESIAN_POINT('',(-0.0317645127463536,0.02292355763558,0.));
#5347=CARTESIAN_POINT('',(-0.0327628296840093,0.02149191881657,0.));
#5348=CARTESIAN_POINT('',(-0.0327628296840093,0.02149191881657,0.01));
#5349=CARTESIAN_POINT('',(-0.0338481000038222,0.0195628989080531,0.01));
#5350=CARTESIAN_POINT('',(-0.0338481000038222,0.0195628989080531,0.0099));
#5351=CARTESIAN_POINT('',(-0.0349333703236352,0.0176338789995362,0.0099));
#5352=CARTESIAN_POINT('',(-0.0338481000038222,0.0195628989080531,0.));
#5353=CARTESIAN_POINT('',(-0.0349333703236352,0.0176338789995362,0.));
#5354=CARTESIAN_POINT('',(-0.0349333703236352,0.0176338789995362,0.01));
#5355=CARTESIAN_POINT('',(-0.0356967075421765,0.0158632335834525,0.01));
#5356=CARTESIAN_POINT('',(-0.0356967075421765,0.0158632335834525,0.0099));
#5357=CARTESIAN_POINT('',(-0.0364600447607178,0.0140925881673688,0.0099));
#5358=CARTESIAN_POINT('',(-0.0356967075421765,0.0158632335834525,0.));
#5359=CARTESIAN_POINT('',(-0.0364600447607178,0.0140925881673688,0.));
#5360=CARTESIAN_POINT('',(-0.0364600447607178,0.0140925881673688,0.01));
#5361=CARTESIAN_POINT('',(-0.0370287313279882,0.012320792525936,0.01));
#5362=CARTESIAN_POINT('',(-0.0370287313279882,0.012320792525936,0.0099));
#5363=CARTESIAN_POINT('',(-0.0375974178952585,0.0105489968845031,0.0099));
#5364=CARTESIAN_POINT('',(-0.0370287313279882,0.012320792525936,0.));
#5365=CARTESIAN_POINT('',(-0.0375974178952585,0.0105489968845031,0.));
#5366=CARTESIAN_POINT('',(-0.0375974178952585,0.0105489968845031,0.01));
#5367=CARTESIAN_POINT('',(-0.0381228096337606,0.00787063881540262,0.01));
#5368=CARTESIAN_POINT('',(-0.0381228096337606,0.00787063881540262,0.0099));
#5369=CARTESIAN_POINT('',(-0.0386482013722627,0.00519228074630205,0.0099));
#5370=CARTESIAN_POINT('',(-0.0381228096337606,0.00787063881540262,0.));
#5371=CARTESIAN_POINT('',(-0.0386482013722627,0.00519228074630205,0.));
#5372=CARTESIAN_POINT('',(-0.0386482013722627,0.00519228074630205,0.01));
#5373=CARTESIAN_POINT('',(-0.0186515002143167,0.00126969037017347,0.01));
#5374=CARTESIAN_POINT('',(-0.0186515002143167,0.00126969037017347,0.0099));
#5375=CARTESIAN_POINT('',(-0.0389388586291482,-0.000648084644592418,0.0099));
#5376=CARTESIAN_POINT('',(-0.0186515002143167,0.00126969037017347,0.));
#5377=CARTESIAN_POINT('',(-0.0389388586291482,-0.000648084644592418,0.));
#5378=CARTESIAN_POINT('',(-0.0389388586291482,-0.000648084644592418,0.01));
#5379=CARTESIAN_POINT('',(-0.343367257720542,-0.0294258666320106,0.01));
#5380=CARTESIAN_POINT('',(-0.343367257720542,-0.0294258666320106,0.0099));
#5381=CARTESIAN_POINT('',(-0.0385216408236667,-0.00546838829584308,0.0099));
#5382=CARTESIAN_POINT('',(-0.343367257720542,-0.0294258666320106,0.));
#5383=CARTESIAN_POINT('',(-0.0385216408236667,-0.00546838829584308,0.));
#5384=CARTESIAN_POINT('',(-0.0385216408236667,-0.00546838829584308,0.01));
#5385=CARTESIAN_POINT('',(-0.038262827907079,-0.00685946598579264,0.01));
#5386=CARTESIAN_POINT('',(-0.038262827907079,-0.00685946598579264,0.0099));
#5387=CARTESIAN_POINT('',(-0.0380040149904914,-0.00825054367574219,0.0099));
#5388=CARTESIAN_POINT('',(-0.038262827907079,-0.00685946598579264,0.));
#5389=CARTESIAN_POINT('',(-0.0380040149904914,-0.00825054367574219,0.));
#5390=CARTESIAN_POINT('',(-0.0380040149904914,-0.00825054367574219,0.01));
#5391=CARTESIAN_POINT('',(-0.0376098744239224,-0.00973745513530079,0.01));
#5392=CARTESIAN_POINT('',(-0.0376098744239224,-0.00973745513530079,0.0099));
#5393=CARTESIAN_POINT('',(-0.0372157338573533,-0.0112243665948594,0.0099));
#5394=CARTESIAN_POINT('',(-0.0376098744239224,-0.00973745513530079,0.));
#5395=CARTESIAN_POINT('',(-0.0372157338573533,-0.0112243665948594,0.));
#5396=CARTESIAN_POINT('',(-0.0372157338573533,-0.0112243665948594,0.01));
#5397=CARTESIAN_POINT('',(-0.0363723516524124,-0.0134695408986092,0.01));
#5398=CARTESIAN_POINT('',(-0.0363723516524124,-0.0134695408986092,0.0099));
#5399=CARTESIAN_POINT('',(-0.0355289694474715,-0.0157147152023589,0.0099));
#5400=CARTESIAN_POINT('',(-0.0363723516524124,-0.0134695408986092,0.));
#5401=CARTESIAN_POINT('',(-0.0355289694474715,-0.0157147152023589,0.));
#5402=CARTESIAN_POINT('',(-0.0355289694474715,-0.0157147152023589,0.01));
#5403=CARTESIAN_POINT('',(-0.0346179633878151,-0.017501680850042,0.01));
#5404=CARTESIAN_POINT('',(-0.0346179633878151,-0.017501680850042,0.0099));
#5405=CARTESIAN_POINT('',(-0.0337069573281588,-0.0192886464977251,0.0099));
#5406=CARTESIAN_POINT('',(-0.0346179633878151,-0.017501680850042,0.));
#5407=CARTESIAN_POINT('',(-0.0337069573281588,-0.0192886464977251,0.));
#5408=CARTESIAN_POINT('',(-0.0337069573281588,-0.0192886464977251,0.01));
#5409=CARTESIAN_POINT('',(-0.0326997304155639,-0.0208599433333956,0.01));
#5410=CARTESIAN_POINT('',(-0.0326997304155639,-0.0208599433333956,0.0099));
#5411=CARTESIAN_POINT('',(-0.0316925035029689,-0.0224312401690661,0.0099));
#5412=CARTESIAN_POINT('',(-0.0326997304155639,-0.0208599433333956,0.));
#5413=CARTESIAN_POINT('',(-0.0316925035029689,-0.0224312401690661,0.));
#5414=CARTESIAN_POINT('',(-0.0316925035029689,-0.0224312401690661,0.01));
#5415=CARTESIAN_POINT('',(-0.0308826712959437,-0.0234931389762003,0.01));
#5416=CARTESIAN_POINT('',(-0.0308826712959437,-0.0234931389762003,0.0099));
#5417=CARTESIAN_POINT('',(-0.0300728390889185,-0.0245550377833347,0.0099));
#5418=CARTESIAN_POINT('',(-0.0308826712959437,-0.0234931389762003,0.));
#5419=CARTESIAN_POINT('',(-0.0300728390889185,-0.0245550377833347,0.));
#5420=CARTESIAN_POINT('',(-0.0300728390889185,-0.0245550377833347,0.01));
#5421=CARTESIAN_POINT('',(-0.0280583165378577,-0.0266745828925008,0.01));
#5422=CARTESIAN_POINT('',(-0.0280583165378577,-0.0266745828925008,0.0099));
#5423=CARTESIAN_POINT('',(-0.0260437939867969,-0.0287941280016669,0.0099));
#5424=CARTESIAN_POINT('',(-0.0280583165378577,-0.0266745828925008,0.));
#5425=CARTESIAN_POINT('',(-0.0260437939867969,-0.0287941280016669,0.));
#5426=CARTESIAN_POINT('',(-0.0260437939867969,-0.0287941280016669,0.01));
#5427=CARTESIAN_POINT('',(-0.0249099880136476,-0.0297464721794867,0.01));
#5428=CARTESIAN_POINT('',(-0.0237761820404984,-0.0306988163573065,0.01));
#5429=CARTESIAN_POINT('',(-0.0237761820404984,-0.0306988163573065,0.0099));
#5430=CARTESIAN_POINT('',(-0.0237761820404984,-0.0306988163573065,0.));
#5431=CARTESIAN_POINT('',(-0.0249099880136476,-0.0297464721794867,0.0099));
#5432=CARTESIAN_POINT('',(-0.0249099880136476,-0.0297464721794867,0.));
#5433=CARTESIAN_POINT('',(0.000665373394938724,0.000268348376369479,0.0115));
#5434=CARTESIAN_POINT('',(0.,1.06832318786926E-18,0.0115));
#5435=CARTESIAN_POINT('',(0.0174470416876615,1.06832318786926E-18,0.0115));
#5436=CARTESIAN_POINT('',(-0.0240764838466631,-0.0103024698689005,0.0115));
#5437=CARTESIAN_POINT('',(-0.0328685010528418,-0.0103024698689005,0.0115));
#5438=CARTESIAN_POINT('',(-0.0152844666404845,-0.0103024698689005,0.0115));
#5439=CARTESIAN_POINT('',(-0.0329043672567415,-0.00515123493445024,0.0115));
#5440=CARTESIAN_POINT('',(-0.0329402334606413,-2.60208521396521E-18,0.0115));
#5441=CARTESIAN_POINT('',(-0.025597566215431,-9.38101072278518E-19,0.0115));
#5442=CARTESIAN_POINT('',(-0.0182548989702206,-3.88836783734276E-20,0.0115));
#5443=CARTESIAN_POINT('',(-0.00348106410322179,-0.00131982915383245,0.0115));
#5444=CARTESIAN_POINT('',(0.0244205323979259,-0.00965021457523108,0.0115));
#5445=CARTESIAN_POINT('',(0.0167682338505984,-0.00965021457523108,0.0115));
#5446=CARTESIAN_POINT('',(0.0320728309452534,-0.00965021457523108,0.0115));
#5447=CARTESIAN_POINT('',(0.0164393465965986,-0.00962685747072101,0.0115));
#5448=CARTESIAN_POINT('',(0.0161104593425989,-0.00960350036621094,0.0115));
#5449=CARTESIAN_POINT('',(-0.00527504988611875,0.000124228012282425,0.0115));
#5450=CARTESIAN_POINT('',(0.0182189643383026,0.000124228012282401,0.0115));
#5451=CARTESIAN_POINT('',(0.0182189643383026,0.000152995737153105,0.0115));
#5452=CARTESIAN_POINT('',(0.0182189643383026,0.00018176346202381,0.0115));
#5453=CARTESIAN_POINT('',(0.0182254584506154,0.000197257948457263,0.0115));
#5454=CARTESIAN_POINT('',(0.0182319525629282,0.000212752434890718,0.0115));
#5455=CARTESIAN_POINT('',(0.0182534363120795,0.000239064480410889,0.0115));
#5456=CARTESIAN_POINT('',(0.0182749200612307,0.000265376525931061,0.0115));
#5457=CARTESIAN_POINT('',(0.0252819852903486,0.000265376525931061,0.0115));
#5458=CARTESIAN_POINT('',(0.0322890505194664,0.000265376525931061,0.0115));
#5459=CARTESIAN_POINT('',(0.032350605353713,0.000239064480410889,0.0115));
#5460=CARTESIAN_POINT('',(0.0324121601879597,0.000212752434890717,0.0115));
#5461=CARTESIAN_POINT('',(0.0324832890182733,0.000106376217445359,0.0115));
#5462=CARTESIAN_POINT('',(0.0325544178485871,1.35525271560688E-20,0.0115));
#5463=CARTESIAN_POINT('',(0.0325544178485871,-0.0047032511793077,0.0115));
#5464=CARTESIAN_POINT('',(0.0325544178485871,-0.0094065023586154,0.0115));
#5465=CARTESIAN_POINT('',(0.0324483383446932,-0.00949136586859822,0.0115));
#5466=CARTESIAN_POINT('',(0.0323422588407994,-0.00957622937858105,0.0115));
#5467=CARTESIAN_POINT('',(0.0322075448930264,-0.00961322197690606,0.0115));
#5468=CARTESIAN_POINT('',(-1.28369537222284E-16,-6.59194920871187E-17,0.0115));
#5469=CARTESIAN_POINT('',(0.0314740180290188,0.0207072627750481,0.0115));
#5470=CARTESIAN_POINT('',(0.0376123171681072,0.00217212793628834,0.0115));
#5471=CARTESIAN_POINT('',(0.0356841589550894,0.00206077594748741,0.0115));
#5472=CARTESIAN_POINT('',(0.0356841589550894,0.00399214679738589,0.0115));
#5473=CARTESIAN_POINT('',(0.0345447739170033,0.0039921467973859,0.0115));
#5474=CARTESIAN_POINT('',(0.0334053888789172,0.0039921467973859,0.0115));
#5475=CARTESIAN_POINT('',(0.0334053888789172,0.00592351764728436,0.0115));
#5476=CARTESIAN_POINT('',(0.0314740180290188,0.00592351764728438,0.0115));
#5477=CARTESIAN_POINT('',(0.0314740180290188,0.0133153902111663,0.0115));
#5478=CARTESIAN_POINT('',(0.0296256048137112,-0.0242630527212292,0.01));
#5479=CARTESIAN_POINT('',(0.0296256048137112,-0.0242630527212292,0.));
#5480=CARTESIAN_POINT('',(0.0236737362010563,-0.0313034330588854,0.));
#5481=CARTESIAN_POINT('',(0.035577473426366,-0.0172226723835731,0.));
#5482=CARTESIAN_POINT('',(0.035577473426366,-0.0172226723835731,0.01));
#5483=CARTESIAN_POINT('',(0.035577473426366,-0.0172226723835731,0.01));
#5484=CARTESIAN_POINT('',(0.0296256048137112,-0.0242630527212292,0.01));
#5485=CARTESIAN_POINT('',(0.0236737362010563,-0.0313034330588854,0.01));
#5486=CARTESIAN_POINT('',(0.0236737362010563,-0.0313034330588854,0.01));
#5487=CARTESIAN_POINT('',(0.0296443818106895,-0.0242408416798017,0.00806407349618568));
#5488=CARTESIAN_POINT('',(0.0244058488389671,-0.0304374274804125,0.00806407349618568));
#5489=CARTESIAN_POINT('',(0.0348829147824119,-0.0180442558791911,0.00806407349618568));
#5490=CARTESIAN_POINT('',(0.0348829147824119,-0.0180442558791911,0.00537574590078313));
#5491=CARTESIAN_POINT('',(0.0348829147824119,-0.0180442558791911,0.00268741830538058));
#5492=CARTESIAN_POINT('',(0.0296443818106895,-0.0242408416798017,0.00268741830538058));
#5493=CARTESIAN_POINT('',(0.0244058488389671,-0.0304374274804125,0.00268741830538058));
#5494=CARTESIAN_POINT('',(0.0244058488389671,-0.0304374274804125,0.00537574590078313));
#5495=CARTESIAN_POINT('',(0.0283240476476481,-0.0231590345327744,0.01));
#5496=CARTESIAN_POINT('',(0.0283240476476481,-0.0231590345327744,0.));
#5497=CARTESIAN_POINT('',(0.0226821024263112,-0.0298328109192318,0.));
#5498=CARTESIAN_POINT('',(0.033965992868985,-0.0164852581463169,0.));
#5499=CARTESIAN_POINT('',(0.0226821024263112,-0.0298328109192318,0.01));
#5500=CARTESIAN_POINT('',(0.0226821024263112,-0.0298328109192318,0.01));
#5501=CARTESIAN_POINT('',(0.0283240476476481,-0.0231590345327744,0.01));
#5502=CARTESIAN_POINT('',(0.033965992868985,-0.0164852581463169,0.01));
#5503=CARTESIAN_POINT('',(0.033965992868985,-0.0164852581463169,0.01));
#5504=CARTESIAN_POINT('',(0.0335795361174226,-0.0169423923157892,0.01));
#5505=CARTESIAN_POINT('',(0.0335795361174226,-0.0169423923157892,0.00268741830538058));
#5506=CARTESIAN_POINT('',(0.0335795361174226,-0.0169423923157892,0.00806407349618568));
#5507=CARTESIAN_POINT('',(0.0283240476476481,-0.0231590345327744,0.00806407349618568));
#5508=CARTESIAN_POINT('',(0.0231024701739778,-0.0293355639170107,0.00806407349618568));
#5509=CARTESIAN_POINT('',(0.0231024701739778,-0.0293355639170107,0.01));
#5510=CARTESIAN_POINT('',(0.0231024701739778,-0.0293355639170107,0.00268741830538058));
#5511=CARTESIAN_POINT('',(0.0283240476476481,-0.0231590345327744,0.00268741830538058));
#5512=CARTESIAN_POINT('',(0.0337423193229413,0.0136202697421433,0.01));
#5513=CARTESIAN_POINT('',(0.0337423193229413,0.0136202697421433,0.));
#5514=CARTESIAN_POINT('',(0.0337289122194875,0.00541664430499687,0.));
#5515=CARTESIAN_POINT('',(0.0337557264263952,0.0218238951792897,0.));
#5516=CARTESIAN_POINT('',(0.0337557264263952,0.0218238951792897,0.01));
#5517=CARTESIAN_POINT('',(0.0337557264263952,0.0218238951792897,0.01));
#5518=CARTESIAN_POINT('',(0.0337423193229413,0.0136202697421433,0.01));
#5519=CARTESIAN_POINT('',(0.0337289122194875,0.00541664430499688,0.01));
#5520=CARTESIAN_POINT('',(0.0337289122194875,0.00541664430499687,0.01));
#5521=CARTESIAN_POINT('',(0.0337424971684982,0.0137290910352021,0.00846720393747091));
#5522=CARTESIAN_POINT('',(0.0337297727004357,0.00594316096976399,0.00846720393747091));
#5523=CARTESIAN_POINT('',(0.0337552216365608,0.0215150211006403,0.00846720393747091));
#5524=CARTESIAN_POINT('',(0.0337552216365608,0.0215150211006403,0.00523309304844588));
#5525=CARTESIAN_POINT('',(0.0337552216365608,0.0215150211006403,0.00199898215942085));
#5526=CARTESIAN_POINT('',(0.0337424971684982,0.0137290910352021,0.00199898215942085));
#5527=CARTESIAN_POINT('',(0.0337297727004357,0.00594316096976399,0.00199898215942085));
#5528=CARTESIAN_POINT('',(0.0337297727004357,0.00594316096976399,0.00523309304844588));
#5529=CARTESIAN_POINT('',(0.0308144543799634,0.0218521177114798,0.01));
#5530=CARTESIAN_POINT('',(0.0310505686178355,0.0215194412881668,0.01));
#5531=CARTESIAN_POINT('',(0.0310505686178355,0.0215194412881668,0.00199898215942085));
#5532=CARTESIAN_POINT('',(0.0310505686178355,0.0215194412881668,0.00846720393747091));
#5533=CARTESIAN_POINT('',(0.0308144543799634,0.0218521177114798,0.00846720393747091));
#5534=CARTESIAN_POINT('',(0.0317536073334988,0.0205288851595517,0.00846720393747091));
#5535=CARTESIAN_POINT('',(0.0317536073334988,0.0205288851595517,0.01));
#5536=CARTESIAN_POINT('',(0.0317536073334988,0.0205288851595517,0.01));
#5537=CARTESIAN_POINT('',(0.0308144543799634,0.0218521177114798,0.01));
#5538=CARTESIAN_POINT('',(0.0298753014264281,0.0231753502634078,0.01));
#5539=CARTESIAN_POINT('',(0.0298753014264281,0.0231753502634078,0.01));
#5540=CARTESIAN_POINT('',(0.0298753014264281,0.0231753502634078,0.));
#5541=CARTESIAN_POINT('',(0.0308144543799634,0.0218521177114798,0.));
#5542=CARTESIAN_POINT('',(0.0317536073334988,0.0205288851595517,0.));
#5543=CARTESIAN_POINT('',(0.0317536073334988,0.0205288851595517,0.01));
#5544=CARTESIAN_POINT('',(0.0317536073334988,0.0205288851595517,0.00199898215942085));
#5545=CARTESIAN_POINT('',(0.0308144543799634,0.0218521177114798,0.00199898215942085));
#5546=CARTESIAN_POINT('',(0.0317409467706777,0.0127820578478935,0.01));
#5547=CARTESIAN_POINT('',(0.0317409467706777,0.0127820578478935,0.00846720393747091));
#5548=CARTESIAN_POINT('',(0.0317297753713342,0.0059464295455058,0.00846720393747091));
#5549=CARTESIAN_POINT('',(0.0317297753713342,0.0059464295455058,0.01));
#5550=CARTESIAN_POINT('',(0.0317297753713342,0.0059464295455058,0.00199898215942085));
#5551=CARTESIAN_POINT('',(0.0317409467706777,0.0127820578478935,0.00199898215942085));
#5552=CARTESIAN_POINT('',(0.0317409467706777,0.0127820578478935,0.));
#5553=CARTESIAN_POINT('',(0.0317282862078567,0.00503523053623539,0.));
#5554=CARTESIAN_POINT('',(0.0317282862078567,0.00503523053623539,0.01));
#5555=CARTESIAN_POINT('',(0.0317282862078567,0.00503523053623539,0.01));
#5556=CARTESIAN_POINT('',(0.0317409467706777,0.0127820578478935,0.01));
#5557=CARTESIAN_POINT('',(0.0224317871648218,-0.0321480637379973,0.01));
#5558=CARTESIAN_POINT('',(0.0224317871648218,-0.0321480637379973,0.));
#5559=CARTESIAN_POINT('',(0.0211898381285873,-0.0329926944171091,0.));
#5560=CARTESIAN_POINT('',(0.0224317871648218,-0.0321480637379973,0.01));
#5561=CARTESIAN_POINT('',(0.0211898381285873,-0.0329926944171091,0.01));
#5562=CARTESIAN_POINT('',(0.0211898381285873,-0.0329926944171091,0.01));
#5563=CARTESIAN_POINT('',(0.0362597246775141,-0.015703501700399,0.01));
#5564=CARTESIAN_POINT('',(0.0362597246775141,-0.015703501700399,0.));
#5565=CARTESIAN_POINT('',(0.0369419759286621,-0.0141843310172248,0.));
#5566=CARTESIAN_POINT('',(0.0369419759286621,-0.0141843310172248,0.01));
#5567=CARTESIAN_POINT('',(0.0369419759286621,-0.0141843310172248,0.01));
#5568=CARTESIAN_POINT('',(0.0362597246775141,-0.015703501700399,0.01));
#5569=CARTESIAN_POINT('',(0.037432876838869,-0.0127999831943924,0.01));
#5570=CARTESIAN_POINT('',(0.037432876838869,-0.0127999831943924,0.));
#5571=CARTESIAN_POINT('',(0.0379237777490758,-0.0114156353715601,0.));
#5572=CARTESIAN_POINT('',(0.0379237777490758,-0.0114156353715601,0.01));
#5573=CARTESIAN_POINT('',(0.0379237777490758,-0.0114156353715601,0.01));
#5574=CARTESIAN_POINT('',(0.037432876838869,-0.0127999831943924,0.01));
#5575=CARTESIAN_POINT('',(0.037988554667548,-0.0112213077437511,0.01));
#5576=CARTESIAN_POINT('',(0.037988554667548,-0.0112213077437511,0.));
#5577=CARTESIAN_POINT('',(0.0380533315860201,-0.0110269801159422,0.));
#5578=CARTESIAN_POINT('',(0.0380533315860201,-0.0110269801159422,0.01));
#5579=CARTESIAN_POINT('',(0.0380533315860201,-0.0110269801159422,0.01));
#5580=CARTESIAN_POINT('',(0.037988554667548,-0.0112213077437511,0.01));
#5581=CARTESIAN_POINT('',(0.0384581878477386,-0.00943333880347171,0.01));
#5582=CARTESIAN_POINT('',(0.0384581878477386,-0.00943333880347171,0.));
#5583=CARTESIAN_POINT('',(0.038863044109457,-0.00783969749100121,0.));
#5584=CARTESIAN_POINT('',(0.038863044109457,-0.00783969749100121,0.01));
#5585=CARTESIAN_POINT('',(0.038863044109457,-0.00783969749100121,0.01));
#5586=CARTESIAN_POINT('',(0.0384581878477386,-0.00943333880347171,0.01));
#5587=CARTESIAN_POINT('',(0.0391349291019277,-0.00619961564008109,0.01));
#5588=CARTESIAN_POINT('',(0.0391349291019277,-0.00619961564008109,0.));
#5589=CARTESIAN_POINT('',(0.0394068140943984,-0.00455953378916097,0.));
#5590=CARTESIAN_POINT('',(0.0394068140943984,-0.00455953378916097,0.01));
#5591=CARTESIAN_POINT('',(0.0394068140943984,-0.00455953378916097,0.01));
#5592=CARTESIAN_POINT('',(0.0391349291019277,-0.00619961564008109,0.01));
#5593=CARTESIAN_POINT('',(0.0395762666427531,-0.00269813616027879,0.01));
#5594=CARTESIAN_POINT('',(0.0395762666427531,-0.00269813616027879,0.));
#5595=CARTESIAN_POINT('',(0.0397457191911081,-0.000836738531396629,0.));
#5596=CARTESIAN_POINT('',(0.0397457191911081,-0.000836738531396629,0.01));
#5597=CARTESIAN_POINT('',(0.0397457191911079,-0.000836738531396629,0.01));
#5598=CARTESIAN_POINT('',(0.0395762666427531,-0.00269813616027879,0.01));
#5599=CARTESIAN_POINT('',(0.0597331808198054,-0.00265629941165786,0.01));
#5600=CARTESIAN_POINT('',(0.0597331808198054,-0.00265629941165786,0.));
#5601=CARTESIAN_POINT('',(0.0402455223027426,0.00214376201273801,0.));
#5602=CARTESIAN_POINT('',(0.0402455223027426,0.00214376201273801,0.01));
#5603=CARTESIAN_POINT('',(0.0402455223027426,0.00214376201273801,0.01));
#5604=CARTESIAN_POINT('',(0.0597331808198054,-0.00265629941165786,0.01));
#5605=CARTESIAN_POINT('',(0.0400660716353453,0.00378020315886744,0.01));
#5606=CARTESIAN_POINT('',(0.0400660716353453,0.00378020315886744,0.0099));
#5607=CARTESIAN_POINT('',(0.0398971697600268,0.00532044807652908,0.0099));
#5608=CARTESIAN_POINT('',(0.0398866209679481,0.00541664430499687,0.0099));
#5609=CARTESIAN_POINT('',(0.0398971697600268,0.00532044807652908,0.01));
#5610=CARTESIAN_POINT('',(0.0398971697600268,0.00532044807652908,0.01));
#5611=CARTESIAN_POINT('',(0.0400660716353453,0.00378020315886744,0.01));
#5612=CARTESIAN_POINT('',(0.0400660716353453,0.00378020315886744,0.));
#5613=CARTESIAN_POINT('',(0.0398866209679481,0.00541664430499687,0.));
#5614=CARTESIAN_POINT('',(0.0398866209679481,0.00541664430499687,0.01));
#5615=CARTESIAN_POINT('',(0.0368077665937177,0.00541664430499687,0.01));
#5616=CARTESIAN_POINT('',(0.0368077665937177,0.00541664430499687,0.01));
#5617=CARTESIAN_POINT('',(0.0338435951055925,0.00541664430499688,0.01));
#5618=CARTESIAN_POINT('',(0.0338435951055925,0.00541664430499687,0.01));
#5619=CARTESIAN_POINT('',(0.0338435951055925,0.00541664430499688,0.0099));
#5620=CARTESIAN_POINT('',(0.0368077665937177,0.00541664430499687,0.0099));
#5621=CARTESIAN_POINT('',(0.0368077665937177,0.00541664430499687,0.));
#5622=CARTESIAN_POINT('',(0.0325088992534874,0.0232202340716052,0.01));
#5623=CARTESIAN_POINT('',(0.0325088992534874,0.0232202340716052,0.));
#5624=CARTESIAN_POINT('',(0.0312620720805796,0.0246165729639206,0.));
#5625=CARTESIAN_POINT('',(0.0312620720805796,0.0246165729639206,0.01));
#5626=CARTESIAN_POINT('',(0.0312620720805796,0.0246165729639206,0.01));
#5627=CARTESIAN_POINT('',(0.0325088992534874,0.0232202340716052,0.01));
#5628=CARTESIAN_POINT('',(0.0301934554424395,0.025895052832889,0.01));
#5629=CARTESIAN_POINT('',(0.0301934554424395,0.025895052832889,0.));
#5630=CARTESIAN_POINT('',(0.0291248388042995,0.0271735327018574,0.01));
#5631=CARTESIAN_POINT('',(0.02912992153897,0.0271788471134181,0.01));
#5632=CARTESIAN_POINT('',(0.0301934554424395,0.025895052832889,0.01));
#5633=CARTESIAN_POINT('',(-0.0223385104226026,-0.031716754397903,0.01));
#5634=CARTESIAN_POINT('',(-0.0223385104226026,-0.031716754397903,0.));
#5635=CARTESIAN_POINT('',(-0.020900838804707,-0.0327346924384995,0.));
#5636=CARTESIAN_POINT('',(-0.020900838804707,-0.0327346924384995,0.01));
#5637=CARTESIAN_POINT('',(-0.020900838804707,-0.0327346924384995,0.01));
#5638=CARTESIAN_POINT('',(-0.0223385104226026,-0.031716754397903,0.01));
#5639=CARTESIAN_POINT('',(-0.0237761820404984,-0.0306988163573065,0.01));
#5640=CARTESIAN_POINT('',(-0.0237761820404984,-0.0306988163573065,0.01));
#5641=CARTESIAN_POINT('',(-0.0195362145419367,-0.0335360575565806,0.01));
#5642=CARTESIAN_POINT('',(-0.0195362145419367,-0.0335360575565806,0.));
#5643=CARTESIAN_POINT('',(-0.0181715902791665,-0.0343374226746617,0.));
#5644=CARTESIAN_POINT('',(-0.0181715902791665,-0.0343374226746617,0.01));
#5645=CARTESIAN_POINT('',(-0.0181715902791665,-0.0343374226746617,0.01));
#5646=CARTESIAN_POINT('',(-0.0195362145419367,-0.0335360575565806,0.01));
#5647=CARTESIAN_POINT('',(-0.0168332549659388,-0.0349885812885046,0.01));
#5648=CARTESIAN_POINT('',(-0.0168332549659388,-0.0349885812885046,0.));
#5649=CARTESIAN_POINT('',(-0.0154949196527111,-0.0356397399023477,0.));
#5650=CARTESIAN_POINT('',(-0.0154949196527111,-0.0356397399023477,0.01));
#5651=CARTESIAN_POINT('',(-0.0154949196527111,-0.0356397399023477,0.01));
#5652=CARTESIAN_POINT('',(-0.0168332549659388,-0.0349885812885046,0.01));
#5653=CARTESIAN_POINT('',(-0.0139865140522308,-0.0362312303448995,0.01));
#5654=CARTESIAN_POINT('',(-0.0139865140522308,-0.0362312303448995,0.));
#5655=CARTESIAN_POINT('',(-0.0124781084517504,-0.0368227207874513,0.));
#5656=CARTESIAN_POINT('',(-0.0124781084517504,-0.0368227207874513,0.01));
#5657=CARTESIAN_POINT('',(-0.0124781084517504,-0.0368227207874513,0.01));
#5658=CARTESIAN_POINT('',(-0.0139865140522308,-0.0362312303448995,0.01));
#5659=CARTESIAN_POINT('',(-0.0106236787811896,-0.0373625944078482,0.01));
#5660=CARTESIAN_POINT('',(-0.0106236787811896,-0.0373625944078482,0.));
#5661=CARTESIAN_POINT('',(-0.00876924911062885,-0.0379024680282452,0.));
#5662=CARTESIAN_POINT('',(-0.00876924911062885,-0.0379024680282452,0.01));
#5663=CARTESIAN_POINT('',(-0.00876924911062885,-0.0379024680282452,0.01));
#5664=CARTESIAN_POINT('',(-0.0106236787811896,-0.0373625944078482,0.01));
#5665=CARTESIAN_POINT('',(-0.00651266682927423,-0.0383032586493219,0.01));
#5666=CARTESIAN_POINT('',(-0.00651266682927423,-0.0383032586493219,0.));
#5667=CARTESIAN_POINT('',(-0.0042560845479196,-0.0387040492703985,0.));
#5668=CARTESIAN_POINT('',(-0.0042560845479196,-0.0387040492703985,0.01));
#5669=CARTESIAN_POINT('',(-0.0042560845479196,-0.0387040492703985,0.01));
#5670=CARTESIAN_POINT('',(-0.00651266682927423,-0.0383032586493219,0.01));
#5671=CARTESIAN_POINT('',(-0.00131175664689488,-0.0388288586492681,0.01));
#5672=CARTESIAN_POINT('',(-0.00131175664689488,-0.0388288586492681,0.));
#5673=CARTESIAN_POINT('',(0.00163257125412984,-0.0389536680281377,0.));
#5674=CARTESIAN_POINT('',(0.00163257125412984,-0.0389536680281377,0.01));
#5675=CARTESIAN_POINT('',(0.00163257125412984,-0.0389536680281377,0.01));
#5676=CARTESIAN_POINT('',(-0.00131175664689488,-0.0388288586492681,0.01));
#5677=CARTESIAN_POINT('',(0.00324447575195194,-0.0388344360606287,0.01));
#5678=CARTESIAN_POINT('',(0.00324447575195194,-0.0388344360606287,0.));
#5679=CARTESIAN_POINT('',(0.00485638024977404,-0.0387152040931197,0.));
#5680=CARTESIAN_POINT('',(0.00485638024977404,-0.0387152040931197,0.01));
#5681=CARTESIAN_POINT('',(0.00485638024977404,-0.0387152040931197,0.01));
#5682=CARTESIAN_POINT('',(0.00324447575195194,-0.0388344360606287,0.01));
#5683=CARTESIAN_POINT('',(0.00649805659828836,-0.0384548435969052,0.01));
#5684=CARTESIAN_POINT('',(0.00649805659828836,-0.0384548435969052,0.));
#5685=CARTESIAN_POINT('',(0.00813973294680268,-0.0381944831006909,0.));
#5686=CARTESIAN_POINT('',(0.00813973294680268,-0.0381944831006909,0.01));
#5687=CARTESIAN_POINT('',(0.00813973294680268,-0.0381944831006909,0.01));
#5688=CARTESIAN_POINT('',(0.00649805659828836,-0.0384548435969052,0.01));
#5689=CARTESIAN_POINT('',(0.00999388454930028,-0.0377244244001071,0.01));
#5690=CARTESIAN_POINT('',(0.00999388454930028,-0.0377244244001071,0.));
#5691=CARTESIAN_POINT('',(0.0118480361517979,-0.0372543656995233,0.));
#5692=CARTESIAN_POINT('',(0.0118480361517979,-0.0372543656995233,0.01));
#5693=CARTESIAN_POINT('',(0.0118480361517979,-0.0372543656995233,0.01));
#5694=CARTESIAN_POINT('',(0.00999388454930028,-0.0377244244001071,0.01));
#5695=CARTESIAN_POINT('',(0.0135445346972859,-0.0366488420096261,0.01));
#5696=CARTESIAN_POINT('',(0.0135445346972859,-0.0366488420096261,0.));
#5697=CARTESIAN_POINT('',(0.0152410332427739,-0.0360433183197288,0.));
#5698=CARTESIAN_POINT('',(0.0152410332427739,-0.0360433183197288,0.01));
#5699=CARTESIAN_POINT('',(0.0152410332427739,-0.0360433183197288,0.01));
#5700=CARTESIAN_POINT('',(0.0135445346972859,-0.0366488420096261,0.01));
#5701=CARTESIAN_POINT('',(0.0164688367925566,-0.035490661258047,0.01));
#5702=CARTESIAN_POINT('',(0.0164688367925566,-0.035490661258047,0.));
#5703=CARTESIAN_POINT('',(0.0176966403423394,-0.0349380041963652,0.));
#5704=CARTESIAN_POINT('',(0.0176966403423394,-0.0349380041963652,0.01));
#5705=CARTESIAN_POINT('',(0.0176966403423394,-0.0349380041963652,0.01));
#5706=CARTESIAN_POINT('',(0.0164688367925566,-0.035490661258047,0.01));
#5707=CARTESIAN_POINT('',(0.0288623293789309,0.0243872576250664,0.01));
#5708=CARTESIAN_POINT('',(0.0288623293789309,0.0243872576250664,0.));
#5709=CARTESIAN_POINT('',(0.0278493573314336,0.0255991649867251,0.));
#5710=CARTESIAN_POINT('',(0.0288623293789309,0.0243872576250664,0.01));
#5711=CARTESIAN_POINT('',(0.0278493573314336,0.0255991649867251,0.01));
#5712=CARTESIAN_POINT('',(0.0278493573314336,0.0255991649867251,0.01));
#5713=CARTESIAN_POINT('',(0.0346115048677799,0.00503523053623539,0.01));
#5714=CARTESIAN_POINT('',(0.0346115048677799,0.00503523053623539,0.));
#5715=CARTESIAN_POINT('',(0.0374947235277032,0.00503523053623539,0.));
#5716=CARTESIAN_POINT('',(0.0374947235277032,0.00503523053623539,0.01));
#5717=CARTESIAN_POINT('',(0.0374947235277032,0.00503523053623539,0.01));
#5718=CARTESIAN_POINT('',(0.0346115048677799,0.00503523053623539,0.01));
#5719=CARTESIAN_POINT('',(0.0376648299096275,0.00348400151804546,0.01));
#5720=CARTESIAN_POINT('',(0.0376648299096275,0.00348400151804546,0.));
#5721=CARTESIAN_POINT('',(0.0378349362915518,0.00193277249985553,0.));
#5722=CARTESIAN_POINT('',(0.0378349362915518,0.00193277249985553,0.01));
#5723=CARTESIAN_POINT('',(0.0378349362915518,0.00193277249985553,0.01));
#5724=CARTESIAN_POINT('',(0.0376648299096275,0.00348400151804546,0.01));
#5725=CARTESIAN_POINT('',(0.0378621864335693,0.00140353970090185,0.01));
#5726=CARTESIAN_POINT('',(0.0378621864335693,0.00140353970090185,0.));
#5727=CARTESIAN_POINT('',(0.0378894365755868,0.000874306901948186,0.));
#5728=CARTESIAN_POINT('',(0.0378894365755868,0.000874306901948186,0.01));
#5729=CARTESIAN_POINT('',(0.0378894365755868,0.000874306901948186,0.01));
#5730=CARTESIAN_POINT('',(0.0378621864335693,0.00140353970090185,0.01));
#5731=CARTESIAN_POINT('',(0.0378957272251646,-0.00012246832076365,0.01));
#5732=CARTESIAN_POINT('',(0.0378957272251646,-0.00012246832076365,0.));
#5733=CARTESIAN_POINT('',(0.0379020178747422,-0.00111924354347549,0.));
#5734=CARTESIAN_POINT('',(0.0379020178747422,-0.00111924354347549,0.01));
#5735=CARTESIAN_POINT('',(0.0379020178747422,-0.00111924354347549,0.01));
#5736=CARTESIAN_POINT('',(0.0378957272251646,-0.00012246832076365,0.01));
#5737=CARTESIAN_POINT('',(0.0377489757357036,-0.00280037656561816,0.01));
#5738=CARTESIAN_POINT('',(0.0377489757357036,-0.00280037656561816,0.));
#5739=CARTESIAN_POINT('',(0.0375959335966651,-0.00448150958776084,0.));
#5740=CARTESIAN_POINT('',(0.0375959335966651,-0.00448150958776084,0.01));
#5741=CARTESIAN_POINT('',(0.0375959335966651,-0.00448150958776084,0.01));
#5742=CARTESIAN_POINT('',(0.0377489757357036,-0.00280037656561816,0.01));
#5743=CARTESIAN_POINT('',(0.0373382060939508,-0.00603618973337526,0.01));
#5744=CARTESIAN_POINT('',(0.0373382060939508,-0.00603618973337526,0.));
#5745=CARTESIAN_POINT('',(0.0370804785912364,-0.00759086987898969,0.));
#5746=CARTESIAN_POINT('',(0.0370804785912364,-0.00759086987898969,0.01));
#5747=CARTESIAN_POINT('',(0.0370804785912364,-0.00759086987898969,0.01));
#5748=CARTESIAN_POINT('',(0.0373382060939508,-0.00603618973337526,0.01));
#5749=CARTESIAN_POINT('',(0.0366967038475745,-0.00910152771984002,0.01));
#5750=CARTESIAN_POINT('',(0.0366967038475745,-0.00910152771984002,0.));
#5751=CARTESIAN_POINT('',(0.0363129291039127,-0.0106121855606904,0.));
#5752=CARTESIAN_POINT('',(0.0363129291039127,-0.0106121855606904,0.01));
#5753=CARTESIAN_POINT('',(0.0363129291039127,-0.0106121855606904,0.01));
#5754=CARTESIAN_POINT('',(0.0366967038475745,-0.00910152771984002,0.01));
#5755=CARTESIAN_POINT('',(0.0362515252239867,-0.0107963942357204,0.01));
#5756=CARTESIAN_POINT('',(0.0362515252239867,-0.0107963942357204,0.));
#5757=CARTESIAN_POINT('',(0.0361901213440608,-0.0109806029107505,0.));
#5758=CARTESIAN_POINT('',(0.0361901213440608,-0.0109806029107505,0.01));
#5759=CARTESIAN_POINT('',(0.0361901213440608,-0.0109806029107505,0.01));
#5760=CARTESIAN_POINT('',(0.0362515252239867,-0.0107963942357204,0.01));
#5761=CARTESIAN_POINT('',(0.0357247824354359,-0.0122928655112876,0.01));
#5762=CARTESIAN_POINT('',(0.0357247824354359,-0.0122928655112876,0.));
#5763=CARTESIAN_POINT('',(0.035259443526811,-0.0136051281118246,0.));
#5764=CARTESIAN_POINT('',(0.035259443526811,-0.0136051281118246,0.01));
#5765=CARTESIAN_POINT('',(0.035259443526811,-0.0136051281118246,0.01));
#5766=CARTESIAN_POINT('',(0.0357247824354359,-0.0122928655112876,0.01));
#5767=CARTESIAN_POINT('',(0.034612718197898,-0.0150451931290707,0.01));
#5768=CARTESIAN_POINT('',(0.034612718197898,-0.0150451931290707,0.));
#5769=CARTESIAN_POINT('',(0.034612718197898,-0.0150451931290707,0.01));
#5770=CARTESIAN_POINT('',(0.021504823678049,-0.0306334603175868,0.01));
#5771=CARTESIAN_POINT('',(0.021504823678049,-0.0306334603175868,0.));
#5772=CARTESIAN_POINT('',(0.0203275449297868,-0.0314341097159417,0.));
#5773=CARTESIAN_POINT('',(0.0203275449297868,-0.0314341097159417,0.01));
#5774=CARTESIAN_POINT('',(0.0203275449297868,-0.0314341097159417,0.01));
#5775=CARTESIAN_POINT('',(0.021504823678049,-0.0306334603175868,0.01));
#5776=CARTESIAN_POINT('',(0.0186718942560302,-0.032356116897834,0.01));
#5777=CARTESIAN_POINT('',(0.0186718942560302,-0.032356116897834,0.));
#5778=CARTESIAN_POINT('',(0.0170162435822735,-0.0332781240797263,0.));
#5779=CARTESIAN_POINT('',(0.0170162435822735,-0.0332781240797263,0.01));
#5780=CARTESIAN_POINT('',(0.0170162435822735,-0.0332781240797263,0.01));
#5781=CARTESIAN_POINT('',(0.0186718942560302,-0.032356116897834,0.01));
#5782=CARTESIAN_POINT('',(0.0158523737421853,-0.0338020033974861,0.01));
#5783=CARTESIAN_POINT('',(0.0158523737421853,-0.0338020033974861,0.));
#5784=CARTESIAN_POINT('',(0.0146885039020969,-0.0343258827152459,0.));
#5785=CARTESIAN_POINT('',(0.0146885039020969,-0.0343258827152459,0.01));
#5786=CARTESIAN_POINT('',(0.0146885039020969,-0.0343258827152459,0.01));
#5787=CARTESIAN_POINT('',(0.0158523737421853,-0.0338020033974861,0.01));
#5788=CARTESIAN_POINT('',(0.0130803447701278,-0.0348998758106846,0.01));
#5789=CARTESIAN_POINT('',(0.0130803447701278,-0.0348998758106846,0.));
#5790=CARTESIAN_POINT('',(0.0114721856381587,-0.0354738689061233,0.));
#5791=CARTESIAN_POINT('',(0.0114721856381587,-0.0354738689061233,0.01));
#5792=CARTESIAN_POINT('',(0.0114721856381587,-0.0354738689061233,0.01));
#5793=CARTESIAN_POINT('',(0.0130803447701278,-0.0348998758106846,0.01));
#5794=CARTESIAN_POINT('',(0.00971458269794877,-0.0359194508925717,0.01));
#5795=CARTESIAN_POINT('',(0.00971458269794877,-0.0359194508925717,0.));
#5796=CARTESIAN_POINT('',(0.0079569797577388,-0.03636503287902,0.));
#5797=CARTESIAN_POINT('',(0.0079569797577388,-0.03636503287902,0.01));
#5798=CARTESIAN_POINT('',(0.0079569797577388,-0.03636503287902,0.01));
#5799=CARTESIAN_POINT('',(0.00971458269794877,-0.0359194508925717,0.01));
#5800=CARTESIAN_POINT('',(0.00640078814258977,-0.0366118359845723,0.01));
#5801=CARTESIAN_POINT('',(0.00640078814258977,-0.0366118359845723,0.));
#5802=CARTESIAN_POINT('',(0.00484459652744074,-0.0368586390901244,0.));
#5803=CARTESIAN_POINT('',(0.00484459652744074,-0.0368586390901244,0.01));
#5804=CARTESIAN_POINT('',(0.00484459652744074,-0.0368586390901244,0.01));
#5805=CARTESIAN_POINT('',(0.00640078814258977,-0.0366118359845723,0.01));
#5806=CARTESIAN_POINT('',(0.00331662649473493,-0.0369716624569184,0.01));
#5807=CARTESIAN_POINT('',(0.00331662649473493,-0.0369716624569184,0.));
#5808=CARTESIAN_POINT('',(0.00178865646202912,-0.0370846858237125,0.));
#5809=CARTESIAN_POINT('',(0.00178865646202912,-0.0370846858237125,0.01));
#5810=CARTESIAN_POINT('',(0.00178865646202912,-0.0370846858237125,0.01));
#5811=CARTESIAN_POINT('',(0.00331662649473493,-0.0369716624569184,0.01));
#5812=CARTESIAN_POINT('',(-0.00100235553980095,-0.0369663754703565,0.01));
#5813=CARTESIAN_POINT('',(-0.00100235553980095,-0.0369663754703565,0.));
#5814=CARTESIAN_POINT('',(-0.00379336754163102,-0.0368480651170006,0.));
#5815=CARTESIAN_POINT('',(-0.00379336754163102,-0.0368480651170006,0.01));
#5816=CARTESIAN_POINT('',(-0.00379336754163102,-0.0368480651170006,0.01));
#5817=CARTESIAN_POINT('',(-0.00100235553980095,-0.0369663754703565,0.01));
#5818=CARTESIAN_POINT('',(-0.00593244594665033,-0.0364681443095197,0.01));
#5819=CARTESIAN_POINT('',(-0.00593244594665033,-0.0364681443095197,0.));
#5820=CARTESIAN_POINT('',(-0.00807152435166965,-0.0360882235020388,0.));
#5821=CARTESIAN_POINT('',(-0.00807152435166965,-0.0360882235020388,0.01));
#5822=CARTESIAN_POINT('',(-0.00807152435166965,-0.0360882235020388,0.01));
#5823=CARTESIAN_POINT('',(-0.00593244594665033,-0.0364681443095197,0.01));
#5824=CARTESIAN_POINT('',(-0.00982939088049058,-0.035576461971173,0.01));
#5825=CARTESIAN_POINT('',(-0.00982939088049058,-0.035576461971173,0.));
#5826=CARTESIAN_POINT('',(-0.0115872574093115,-0.0350647004403072,0.));
#5827=CARTESIAN_POINT('',(-0.0115872574093115,-0.0350647004403072,0.01));
#5828=CARTESIAN_POINT('',(-0.0115872574093115,-0.0350647004403072,0.01));
#5829=CARTESIAN_POINT('',(-0.00982939088049058,-0.035576461971173,0.01));
#5830=CARTESIAN_POINT('',(-0.0130171178990698,-0.0345040098584072,0.01));
#5831=CARTESIAN_POINT('',(-0.0130171178990698,-0.0345040098584072,0.));
#5832=CARTESIAN_POINT('',(-0.0144469783888282,-0.0339433192765072,0.));
#5833=CARTESIAN_POINT('',(-0.0144469783888282,-0.0339433192765072,0.01));
#5834=CARTESIAN_POINT('',(-0.0144469783888282,-0.0339433192765072,0.01));
#5835=CARTESIAN_POINT('',(-0.0130171178990698,-0.0345040098584072,0.01));
#5836=CARTESIAN_POINT('',(-0.0157156244252943,-0.0333260675411627,0.01));
#5837=CARTESIAN_POINT('',(-0.0157156244252943,-0.0333260675411627,0.));
#5838=CARTESIAN_POINT('',(-0.0169842704617604,-0.0327088158058182,0.));
#5839=CARTESIAN_POINT('',(-0.0169842704617604,-0.0327088158058182,0.01));
#5840=CARTESIAN_POINT('',(-0.0169842704617604,-0.0327088158058181,0.01));
#5841=CARTESIAN_POINT('',(-0.0157156244252943,-0.0333260675411627,0.01));
#5842=CARTESIAN_POINT('',(-0.0182778365397963,-0.0319491790609998,0.01));
#5843=CARTESIAN_POINT('',(-0.0182778365397963,-0.0319491790609998,0.));
#5844=CARTESIAN_POINT('',(-0.0195714026178322,-0.0311895423161814,0.));
#5845=CARTESIAN_POINT('',(-0.0195714026178322,-0.0311895423161814,0.01));
#5846=CARTESIAN_POINT('',(-0.0195714026178322,-0.0311895423161814,0.01));
#5847=CARTESIAN_POINT('',(-0.0182778365397963,-0.0319491790609998,0.01));
#5848=CARTESIAN_POINT('',(-0.0209342123574813,-0.0302246099499748,0.01));
#5849=CARTESIAN_POINT('',(-0.0209342123574813,-0.0302246099499748,0.));
#5850=CARTESIAN_POINT('',(-0.0222970220971305,-0.029259677583768,0.));
#5851=CARTESIAN_POINT('',(-0.0222970220971305,-0.029259677583768,0.01));
#5852=CARTESIAN_POINT('',(-0.0222970220971305,-0.0292596775837681,0.01));
#5853=CARTESIAN_POINT('',(-0.0209342123574813,-0.0302246099499748,0.01));
#5854=CARTESIAN_POINT('',(-0.023371788965897,-0.0283569235021853,0.01));
#5855=CARTESIAN_POINT('',(-0.023371788965897,-0.0283569235021853,0.));
#5856=CARTESIAN_POINT('',(-0.0244465558346635,-0.0274541694206025,0.));
#5857=CARTESIAN_POINT('',(-0.0244465558346635,-0.0274541694206025,0.01));
#5858=CARTESIAN_POINT('',(-0.0244465558346635,-0.0274541694206025,0.01));
#5859=CARTESIAN_POINT('',(-0.023371788965897,-0.0283569235021853,0.01));
#5860=CARTESIAN_POINT('',(-0.0263561789496744,-0.0254449924413524,0.01));
#5861=CARTESIAN_POINT('',(-0.0263561789496744,-0.0254449924413524,0.));
#5862=CARTESIAN_POINT('',(-0.0282658020646852,-0.0234358154621022,0.));
#5863=CARTESIAN_POINT('',(-0.0282658020646852,-0.0234358154621022,0.01));
#5864=CARTESIAN_POINT('',(-0.0282658020646852,-0.0234358154621022,0.01));
#5865=CARTESIAN_POINT('',(-0.0263561789496744,-0.0254449924413524,0.01));
#5866=CARTESIAN_POINT('',(-0.0290334650034799,-0.0224292114373231,0.01));
#5867=CARTESIAN_POINT('',(-0.0290334650034799,-0.0224292114373231,0.));
#5868=CARTESIAN_POINT('',(-0.0298011279422746,-0.021422607412544,0.));
#5869=CARTESIAN_POINT('',(-0.0298011279422746,-0.021422607412544,0.01));
#5870=CARTESIAN_POINT('',(-0.0298011279422745,-0.021422607412544,0.01));
#5871=CARTESIAN_POINT('',(-0.0290334650034799,-0.0224292114373231,0.01));
#5872=CARTESIAN_POINT('',(-0.0307559069261779,-0.019933130535574,0.01));
#5873=CARTESIAN_POINT('',(-0.0307559069261779,-0.019933130535574,0.));
#5874=CARTESIAN_POINT('',(-0.0317106859100813,-0.018443653658604,0.));
#5875=CARTESIAN_POINT('',(-0.0317106859100813,-0.018443653658604,0.01));
#5876=CARTESIAN_POINT('',(-0.0317106859100813,-0.018443653658604,0.01));
#5877=CARTESIAN_POINT('',(-0.0307559069261779,-0.019933130535574,0.01));
#5878=CARTESIAN_POINT('',(-0.0325742544159383,-0.0167497381922574,0.01));
#5879=CARTESIAN_POINT('',(-0.0325742544159383,-0.0167497381922574,0.));
#5880=CARTESIAN_POINT('',(-0.0334378229217953,-0.0150558227259109,0.));
#5881=CARTESIAN_POINT('',(-0.0334378229217953,-0.0150558227259109,0.01));
#5882=CARTESIAN_POINT('',(-0.0334378229217953,-0.0150558227259109,0.01));
#5883=CARTESIAN_POINT('',(-0.0325742544159383,-0.0167497381922574,0.01));
#5884=CARTESIAN_POINT('',(-0.0342372888560415,-0.0129275582667162,0.01));
#5885=CARTESIAN_POINT('',(-0.0342372888560415,-0.0129275582667162,0.));
#5886=CARTESIAN_POINT('',(-0.0350367547902877,-0.0107992938075215,0.));
#5887=CARTESIAN_POINT('',(-0.0350367547902877,-0.0107992938075215,0.01));
#5888=CARTESIAN_POINT('',(-0.0350367547902877,-0.0107992938075215,0.01));
#5889=CARTESIAN_POINT('',(-0.0342372888560415,-0.0129275582667162,0.01));
#5890=CARTESIAN_POINT('',(-0.0354103718223171,-0.00938980822412492,0.01));
#5891=CARTESIAN_POINT('',(-0.0354103718223171,-0.00938980822412492,0.));
#5892=CARTESIAN_POINT('',(-0.0357839888543465,-0.00798032264072832,0.));
#5893=CARTESIAN_POINT('',(-0.0357839888543465,-0.00798032264072832,0.01));
#5894=CARTESIAN_POINT('',(-0.0357839888543465,-0.00798032264072832,0.01));
#5895=CARTESIAN_POINT('',(-0.0354103718223171,-0.00938980822412492,0.01));
#5896=CARTESIAN_POINT('',(-0.0360293249652373,-0.00666168060810144,0.01));
#5897=CARTESIAN_POINT('',(-0.0360293249652373,-0.00666168060810144,0.));
#5898=CARTESIAN_POINT('',(-0.0362746610761282,-0.00534303857547457,0.));
#5899=CARTESIAN_POINT('',(-0.0362746610761282,-0.00534303857547457,0.01));
#5900=CARTESIAN_POINT('',(-0.0362746610761283,-0.00534303857547458,0.01));
#5901=CARTESIAN_POINT('',(-0.0360293249652373,-0.00666168060810144,0.01));
#5902=CARTESIAN_POINT('',(-0.325246475380034,-0.0280530124022955,0.01));
#5903=CARTESIAN_POINT('',(-0.325246475380034,-0.0280530124022955,0.));
#5904=CARTESIAN_POINT('',(-0.0366701536780462,-0.0007737359042525,0.));
#5905=CARTESIAN_POINT('',(-0.0366701536780462,-0.0007737359042525,0.01));
#5906=CARTESIAN_POINT('',(-0.0366701536780462,-0.0007737359042525,0.01));
#5907=CARTESIAN_POINT('',(-0.325246475380034,-0.0280530124022955,0.01));
#5908=CARTESIAN_POINT('',(-0.017439190713114,0.00104417747460675,0.01));
#5909=CARTESIAN_POINT('',(-0.017439190713114,0.00104417747460675,0.));
#5910=CARTESIAN_POINT('',(-0.0363946314129805,0.00476251224779141,0.));
#5911=CARTESIAN_POINT('',(-0.0363946314129805,0.00476251224779141,0.01));
#5912=CARTESIAN_POINT('',(-0.0363946314129805,0.00476251224779141,0.01));
#5913=CARTESIAN_POINT('',(-0.017439190713114,0.00104417747460675,0.01));
#5914=CARTESIAN_POINT('',(-0.0358965976690788,0.00730140389551056,0.01));
#5915=CARTESIAN_POINT('',(-0.0358965976690788,0.00730140389551056,0.));
#5916=CARTESIAN_POINT('',(-0.035398563925177,0.00984029554322967,0.));
#5917=CARTESIAN_POINT('',(-0.035398563925177,0.00984029554322967,0.01));
#5918=CARTESIAN_POINT('',(-0.0353985639251769,0.00984029554322967,0.01));
#5919=CARTESIAN_POINT('',(-0.0358965976690788,0.00730140389551056,0.01));
#5920=CARTESIAN_POINT('',(-0.0348594897840195,0.011519830930001,0.01));
#5921=CARTESIAN_POINT('',(-0.0348594897840195,0.011519830930001,0.));
#5922=CARTESIAN_POINT('',(-0.034320415642862,0.0131993663167724,0.));
#5923=CARTESIAN_POINT('',(-0.034320415642862,0.0131993663167724,0.01));
#5924=CARTESIAN_POINT('',(-0.034320415642862,0.0131993663167724,0.01));
#5925=CARTESIAN_POINT('',(-0.0348594897840195,0.011519830930001,0.01));
#5926=CARTESIAN_POINT('',(-0.0335968266235646,0.0148778113722823,0.01));
#5927=CARTESIAN_POINT('',(-0.0335968266235646,0.0148778113722823,0.));
#5928=CARTESIAN_POINT('',(-0.0328732376042673,0.0165562564277923,0.));
#5929=CARTESIAN_POINT('',(-0.0328732376042673,0.0165562564277923,0.01));
#5930=CARTESIAN_POINT('',(-0.0328732376042673,0.0165562564277923,0.01));
#5931=CARTESIAN_POINT('',(-0.0335968266235646,0.0148778113722823,0.01));
#5932=CARTESIAN_POINT('',(-0.0318444790591426,0.0183848291606616,0.01));
#5933=CARTESIAN_POINT('',(-0.0318444790591426,0.0183848291606616,0.));
#5934=CARTESIAN_POINT('',(-0.030815720514018,0.0202134018935307,0.));
#5935=CARTESIAN_POINT('',(-0.030815720514018,0.0202134018935307,0.01));
#5936=CARTESIAN_POINT('',(-0.030815720514018,0.0202134018935307,0.01));
#5937=CARTESIAN_POINT('',(-0.0318444790591426,0.0183848291606616,0.01));
#5938=CARTESIAN_POINT('',(-0.0298693875482985,0.0215704929718552,0.01));
#5939=CARTESIAN_POINT('',(-0.0298693875482985,0.0215704929718552,0.));
#5940=CARTESIAN_POINT('',(-0.028923054582579,0.0229275840501798,0.));
#5941=CARTESIAN_POINT('',(-0.028923054582579,0.0229275840501798,0.01));
#5942=CARTESIAN_POINT('',(-0.028923054582579,0.0229275840501798,0.01));
#5943=CARTESIAN_POINT('',(-0.0298693875482985,0.0215704929718552,0.01));
#5944=CARTESIAN_POINT('',(-0.0279318626961322,0.0241400405241032,0.01));
#5945=CARTESIAN_POINT('',(-0.0279318626961322,0.0241400405241032,0.));
#5946=CARTESIAN_POINT('',(-0.0269406708096853,0.0253524969980267,0.));
#5947=CARTESIAN_POINT('',(-0.0269406708096853,0.0253524969980267,0.01));
#5948=CARTESIAN_POINT('',(-0.0269406708096853,0.0253524969980267,0.01));
#5949=CARTESIAN_POINT('',(-0.0279318626961322,0.0241400405241032,0.01));
#5950=CARTESIAN_POINT('',(-0.0256427351840379,0.0265971465068814,0.01));
#5951=CARTESIAN_POINT('',(-0.0256427351840379,0.0265971465068814,0.));
#5952=CARTESIAN_POINT('',(-0.0243447995583904,0.0278417960157361,0.));
#5953=CARTESIAN_POINT('',(-0.0243447995583904,0.0278417960157361,0.01));
#5954=CARTESIAN_POINT('',(-0.0243447995583904,0.0278417960157361,0.01));
#5955=CARTESIAN_POINT('',(-0.0256427351840379,0.0265971465068814,0.01));
#5956=CARTESIAN_POINT('',(-0.0227792927693666,0.0291042103234508,0.01));
#5957=CARTESIAN_POINT('',(-0.0227792927693666,0.0291042103234508,0.));
#5958=CARTESIAN_POINT('',(-0.0212137859803429,0.0303666246311655,0.));
#5959=CARTESIAN_POINT('',(-0.0212137859803429,0.0303666246311655,0.01));
#5960=CARTESIAN_POINT('',(-0.0212137859803429,0.0303666246311655,0.01));
#5961=CARTESIAN_POINT('',(-0.0227792927693666,0.0291042103234508,0.01));
#5962=CARTESIAN_POINT('',(-0.0197364817699506,0.0313287586276971,0.01));
#5963=CARTESIAN_POINT('',(-0.0197364817699506,0.0313287586276971,0.));
#5964=CARTESIAN_POINT('',(-0.0182591775595581,0.0322908926242286,0.));
#5965=CARTESIAN_POINT('',(-0.0182591775595581,0.0322908926242286,0.01));
#5966=CARTESIAN_POINT('',(-0.0182591775595581,0.0322908926242286,0.01));
#5967=CARTESIAN_POINT('',(-0.0197364817699506,0.0313287586276971,0.01));
#5968=CARTESIAN_POINT('',(-0.0172320581115471,0.0328500532480444,0.01));
#5969=CARTESIAN_POINT('',(-0.0172320581115471,0.0328500532480444,0.));
#5970=CARTESIAN_POINT('',(-0.016204938663536,0.0334092138718601,0.));
#5971=CARTESIAN_POINT('',(-0.016204938663536,0.0334092138718601,0.01));
#5972=CARTESIAN_POINT('',(-0.016204938663536,0.03340921387186,0.01));
#5973=CARTESIAN_POINT('',(-0.0172320581115471,0.0328500532480444,0.01));
#5974=CARTESIAN_POINT('',(-0.0145972723205548,0.0341268739256354,0.01));
#5975=CARTESIAN_POINT('',(-0.0145972723205548,0.0341268739256354,0.));
#5976=CARTESIAN_POINT('',(-0.0129896059775736,0.0348445339794108,0.));
#5977=CARTESIAN_POINT('',(-0.0129896059775736,0.0348445339794108,0.01));
#5978=CARTESIAN_POINT('',(-0.0129896059775736,0.0348445339794108,0.01));
#5979=CARTESIAN_POINT('',(-0.0145972723205548,0.0341268739256354,0.01));
#5980=CARTESIAN_POINT('',(-0.0118361365023478,0.0352522085948936,0.01));
#5981=CARTESIAN_POINT('',(-0.0118361365023478,0.0352522085948936,0.));
#5982=CARTESIAN_POINT('',(-0.0106826670271221,0.0356598832103764,0.));
#5983=CARTESIAN_POINT('',(-0.0106826670271221,0.0356598832103764,0.01));
#5984=CARTESIAN_POINT('',(-0.0106826670271221,0.0356598832103764,0.01));
#5985=CARTESIAN_POINT('',(-0.0118361365023478,0.0352522085948936,0.01));
#5986=CARTESIAN_POINT('',(-0.00920081920022326,0.0360630611724188,0.01));
#5987=CARTESIAN_POINT('',(-0.00920081920022326,0.0360630611724188,0.));
#5988=CARTESIAN_POINT('',(-0.00771897137332442,0.0364662391344611,0.));
#5989=CARTESIAN_POINT('',(-0.00771897137332442,0.0364662391344611,0.01));
#5990=CARTESIAN_POINT('',(-0.00771897137332442,0.0364662391344611,0.01));
#5991=CARTESIAN_POINT('',(-0.00920081920022326,0.0360630611724188,0.01));
#5992=CARTESIAN_POINT('',(-0.00612775944502951,0.0367573929026359,0.01));
#5993=CARTESIAN_POINT('',(-0.00612775944502951,0.0367573929026359,0.));
#5994=CARTESIAN_POINT('',(-0.00453654751673459,0.0370485466708107,0.));
#5995=CARTESIAN_POINT('',(-0.00453654751673459,0.0370485466708107,0.01));
#5996=CARTESIAN_POINT('',(-0.00453654751673459,0.0370485466708107,0.01));
#5997=CARTESIAN_POINT('',(-0.00612775944502951,0.0367573929026359,0.01));
#5998=CARTESIAN_POINT('',(-0.00292518989647667,0.0372005858652862,0.01));
#5999=CARTESIAN_POINT('',(-0.00292518989647667,0.0372005858652862,0.));
#6000=CARTESIAN_POINT('',(-0.00131383227621876,0.0373526250597618,0.));
#6001=CARTESIAN_POINT('',(-0.00131383227621876,0.0373526250597618,0.01));
#6002=CARTESIAN_POINT('',(-0.00131383227621876,0.0373526250597618,0.01));
#6003=CARTESIAN_POINT('',(-0.00292518989647667,0.0372005858652862,0.01));
#6004=CARTESIAN_POINT('',(0.000430057336492513,0.037359225981931,0.01));
#6005=CARTESIAN_POINT('',(0.000430057336492513,0.037359225981931,0.));
#6006=CARTESIAN_POINT('',(0.00217394694920379,0.0373658269041003,0.));
#6007=CARTESIAN_POINT('',(0.00217394694920379,0.0373658269041003,0.01));
#6008=CARTESIAN_POINT('',(0.00217394694920379,0.0373658269041003,0.01));
#6009=CARTESIAN_POINT('',(0.000430057336492513,0.037359225981931,0.01));
#6010=CARTESIAN_POINT('',(0.00358108848357061,0.0372516674594877,0.01));
#6011=CARTESIAN_POINT('',(0.00358108848357061,0.0372516674594877,0.));
#6012=CARTESIAN_POINT('',(0.00498823001793742,0.0371375080148751,0.));
#6013=CARTESIAN_POINT('',(0.00498823001793742,0.0371375080148751,0.01));
#6014=CARTESIAN_POINT('',(0.00498823001793742,0.0371375080148751,0.01));
#6015=CARTESIAN_POINT('',(0.00358108848357061,0.0372516674594877,0.01));
#6016=CARTESIAN_POINT('',(0.00676006410540965,0.0368386273945443,0.01));
#6017=CARTESIAN_POINT('',(0.00676006410540965,0.0368386273945443,0.));
#6018=CARTESIAN_POINT('',(0.00853189819288188,0.0365397467742134,0.));
#6019=CARTESIAN_POINT('',(0.00853189819288188,0.0365397467742134,0.01));
#6020=CARTESIAN_POINT('',(0.00853189819288188,0.0365397467742134,0.01));
#6021=CARTESIAN_POINT('',(0.00676006410540965,0.0368386273945443,0.01));
#6022=CARTESIAN_POINT('',(0.0100335718858862,0.0361449977194871,0.01));
#6023=CARTESIAN_POINT('',(0.0100335718858862,0.0361449977194871,0.));
#6024=CARTESIAN_POINT('',(0.0115352455788905,0.0357502486647609,0.));
#6025=CARTESIAN_POINT('',(0.0115352455788905,0.0357502486647609,0.01));
#6026=CARTESIAN_POINT('',(0.0115352455788905,0.0357502486647609,0.01));
#6027=CARTESIAN_POINT('',(0.0100335718858862,0.0361449977194871,0.01));
#6028=CARTESIAN_POINT('',(0.0128333345001488,0.0352973913220858,0.01));
#6029=CARTESIAN_POINT('',(0.0128333345001488,0.0352973913220858,0.));
#6030=CARTESIAN_POINT('',(0.0141314234214071,0.0348445339794108,0.));
#6031=CARTESIAN_POINT('',(0.0141314234214071,0.0348445339794108,0.01));
#6032=CARTESIAN_POINT('',(0.0141314234214071,0.0348445339794108,0.01));
#6033=CARTESIAN_POINT('',(0.0128333345001488,0.0352973913220858,0.01));
#6034=CARTESIAN_POINT('',(0.0162918174191347,0.0338363753836717,0.01));
#6035=CARTESIAN_POINT('',(0.0162918174191347,0.0338363753836717,0.));
#6036=CARTESIAN_POINT('',(0.0184522114168623,0.0328282167879327,0.));
#6037=CARTESIAN_POINT('',(0.0184522114168623,0.0328282167879327,0.01));
#6038=CARTESIAN_POINT('',(0.0184522114168623,0.0328282167879327,0.01));
#6039=CARTESIAN_POINT('',(0.0162918174191347,0.0338363753836717,0.01));
#6040=CARTESIAN_POINT('',(0.020277976207209,0.0316874117092699,0.01));
#6041=CARTESIAN_POINT('',(0.020277976207209,0.0316874117092699,0.));
#6042=CARTESIAN_POINT('',(0.0221037409975558,0.0305466066306071,0.));
#6043=CARTESIAN_POINT('',(0.0221037409975558,0.0305466066306071,0.01));
#6044=CARTESIAN_POINT('',(0.0221037409975558,0.0305466066306071,0.01));
#6045=CARTESIAN_POINT('',(0.020277976207209,0.0316874117092699,0.01));
#6046=CARTESIAN_POINT('',(0.023012521566581,0.0298602082332563,0.01));
#6047=CARTESIAN_POINT('',(0.023012521566581,0.0298602082332563,0.));
#6048=CARTESIAN_POINT('',(0.0239213021356062,0.0291738098359055,0.));
#6049=CARTESIAN_POINT('',(0.0239213021356062,0.0291738098359055,0.01));
#6050=CARTESIAN_POINT('',(0.0239213021356062,0.0291738098359055,0.01));
#6051=CARTESIAN_POINT('',(0.023012521566581,0.0298602082332563,0.01));
#6052=CARTESIAN_POINT('',(0.0245856548799914,0.0286133319393112,0.01));
#6053=CARTESIAN_POINT('',(0.0245856548799914,0.0286133319393112,0.));
#6054=CARTESIAN_POINT('',(0.0252500076243767,0.0280528540427167,0.));
#6055=CARTESIAN_POINT('',(0.0252500076243767,0.0280528540427167,0.01));
#6056=CARTESIAN_POINT('',(0.0252500076243767,0.0280528540427167,0.01));
#6057=CARTESIAN_POINT('',(0.0245856548799914,0.0286133319393112,0.01));
#6058=CARTESIAN_POINT('',(0.02556360984022,0.0277690952215669,0.01));
#6059=CARTESIAN_POINT('',(0.02556360984022,0.0277690952215669,0.));
#6060=CARTESIAN_POINT('',(0.0258772120560632,0.0274853364004172,0.));
#6061=CARTESIAN_POINT('',(0.0258772120560632,0.0274853364004172,0.01));
#6062=CARTESIAN_POINT('',(0.0258772120560632,0.0274853364004172,0.01));
#6063=CARTESIAN_POINT('',(0.02556360984022,0.0277690952215669,0.01));
#6064=CARTESIAN_POINT('',(0.0268632846937484,0.0265422506935711,0.01));
#6065=CARTESIAN_POINT('',(0.0268632846937484,0.0265422506935711,0.));
#6066=CARTESIAN_POINT('',(0.0268632846937484,0.0265422506935711,0.01));
#6067=CARTESIAN_POINT('',(0.0194432392354633,-0.0339653493067372,0.01));
#6068=CARTESIAN_POINT('',(0.0194432392354633,-0.0339653493067372,0.));
#6069=CARTESIAN_POINT('',(0.0194432392354633,-0.0339653493067372,0.01));
#6070=CARTESIAN_POINT('',(0.00060811055815585,0.00031644649060339,0.));
#6071=CARTESIAN_POINT('',(0.0309993008319028,0.0137335742136896,0.00846720393747091));
#6072=CARTESIAN_POINT('',(0.0310120252999653,0.0215195042791278,0.00846720393747091));
#6073=CARTESIAN_POINT('',(0.0309865763638402,0.00594764414825146,0.00846720393747091));
#6074=CARTESIAN_POINT('',(0.0309865763638402,0.00594764414825146,0.00523309304844588));
#6075=CARTESIAN_POINT('',(0.0309865763638402,0.00594764414825146,0.00199898215942085));
#6076=CARTESIAN_POINT('',(0.0309993008319028,0.0137335742136896,0.00199898215942085));
#6077=CARTESIAN_POINT('',(0.0310120252999653,0.0215195042791278,0.00199898215942085));
#6078=CARTESIAN_POINT('',(0.0310120252999653,0.0215195042791278,0.00523309304844588));
#6079=CARTESIAN_POINT('',(0.010247067994505,-0.00784254247785835,0.00806407349618568));
#6080=CARTESIAN_POINT('',(0.0154856009662274,-0.00164595667724763,0.00806407349618568));
#6081=CARTESIAN_POINT('',(0.00500853502278261,-0.0140391282784691,0.00806407349618568));
#6082=CARTESIAN_POINT('',(0.00500853502278261,-0.0140391282784691,0.00537574590078313));
#6083=CARTESIAN_POINT('',(0.00500853502278261,-0.0140391282784691,0.00268741830538058));
#6084=CARTESIAN_POINT('',(0.010247067994505,-0.00784254247785835,0.00268741830538058));
#6085=CARTESIAN_POINT('',(0.0154856009662274,-0.00164595667724763,0.00268741830538058));
#6086=CARTESIAN_POINT('',(0.0154856009662274,-0.00164595667724763,0.00537574590078313));
#6087=CARTESIAN_POINT('',(0.000665373394938724,0.000268348376369479,0.01));
#6088=CARTESIAN_POINT('',(0.0369222922672835,0.00532044807652908,0.01));
#6089=CARTESIAN_POINT('',(0.0400011466415138,0.00532044807652908,0.01));
#6090=CARTESIAN_POINT('',(0.0401805973089111,0.00368400693039965,0.01));
#6091=CARTESIAN_POINT('',(0.0403600479763083,0.00204756578427021,0.01));
#6092=CARTESIAN_POINT('',(0.0598477064933719,-0.00275249564012574,0.01));
#6093=CARTESIAN_POINT('',(0.0398602448646736,-0.00093293475986441,0.01));
#6094=CARTESIAN_POINT('',(0.0396907923163188,-0.00279433238874659,0.01));
#6095=CARTESIAN_POINT('',(0.0395213397679641,-0.00465573001762877,0.01));
#6096=CARTESIAN_POINT('',(0.0392494547754935,-0.00629581186854888,0.01));
#6097=CARTESIAN_POINT('',(0.0389775697830227,-0.00793589371946901,0.01));
#6098=CARTESIAN_POINT('',(0.0385727135213043,-0.00952953503193951,0.01));
#6099=CARTESIAN_POINT('',(0.0381678572595858,-0.01112317634441,0.01));
#6100=CARTESIAN_POINT('',(0.0381030803411137,-0.0113175039722189,0.01));
#6101=CARTESIAN_POINT('',(0.0380383034226416,-0.0115118316000279,0.01));
#6102=CARTESIAN_POINT('',(0.0375474025124347,-0.0128961794228602,0.01));
#6103=CARTESIAN_POINT('',(0.0370565016022279,-0.0142805272456926,0.01));
#6104=CARTESIAN_POINT('',(0.0363742503510798,-0.0157996979288668,0.01));
#6105=CARTESIAN_POINT('',(0.0356919990999318,-0.0173188686120408,0.01));
#6106=CARTESIAN_POINT('',(0.0297401304872769,-0.024359248949697,0.01));
#6107=CARTESIAN_POINT('',(0.023788261874622,-0.0313996292873532,0.01));
#6108=CARTESIAN_POINT('',(0.0225463128383875,-0.0322442599664651,0.01));
#6109=CARTESIAN_POINT('',(0.021304363802153,-0.0330888906455769,0.01));
#6110=CARTESIAN_POINT('',(0.0195577649090291,-0.0340615455352049,0.01));
#6111=CARTESIAN_POINT('',(0.0178111660159052,-0.035034200424833,0.01));
#6112=CARTESIAN_POINT('',(0.0165833624661224,-0.0355868574865147,0.01));
#6113=CARTESIAN_POINT('',(0.0153555589163397,-0.0361395145481965,0.01));
#6114=CARTESIAN_POINT('',(0.0136590603708516,-0.0367450382380939,0.01));
#6115=CARTESIAN_POINT('',(0.0119625618253636,-0.0373505619279912,0.01));
#6116=CARTESIAN_POINT('',(0.010108410222866,-0.0378206206285749,0.01));
#6117=CARTESIAN_POINT('',(0.00825425862036841,-0.0382906793291586,0.01));
#6118=CARTESIAN_POINT('',(0.0066125822718541,-0.038551039825373,0.01));
#6119=CARTESIAN_POINT('',(0.00497090592333978,-0.0388114003215875,0.01));
#6120=CARTESIAN_POINT('',(0.00335900142551768,-0.0389306322890965,0.01));
#6121=CARTESIAN_POINT('',(0.00174709692769558,-0.0390498642566055,0.01));
#6122=CARTESIAN_POINT('',(-0.00119723097332914,-0.0389250548777359,0.01));
#6123=CARTESIAN_POINT('',(-0.00414155887435387,-0.0388002454988663,0.01));
#6124=CARTESIAN_POINT('',(-0.00639814115570848,-0.0383994548777897,0.01));
#6125=CARTESIAN_POINT('',(-0.0086547234370631,-0.0379986642567129,0.01));
#6126=CARTESIAN_POINT('',(-0.0105091531076239,-0.037458790636316,0.01));
#6127=CARTESIAN_POINT('',(-0.0123635827781847,-0.0369189170159191,0.01));
#6128=CARTESIAN_POINT('',(-0.013871988378665,-0.0363274265733673,0.01));
#6129=CARTESIAN_POINT('',(-0.0153803939791453,-0.0357359361308154,0.01));
#6130=CARTESIAN_POINT('',(-0.0167187292923731,-0.0350847775169724,0.01));
#6131=CARTESIAN_POINT('',(-0.0180570646056008,-0.0344336189031294,0.01));
#6132=CARTESIAN_POINT('',(-0.019421688868371,-0.0336322537850484,0.01));
#6133=CARTESIAN_POINT('',(-0.0207863131311412,-0.0328308886669673,0.01));
#6134=CARTESIAN_POINT('',(-0.0222239847490369,-0.0318129506263708,0.01));
#6135=CARTESIAN_POINT('',(-0.0236616563669326,-0.0307950125857743,0.01));
#6136=CARTESIAN_POINT('',(-0.0247954623400819,-0.0298426684079545,0.01));
#6137=CARTESIAN_POINT('',(0.000665373394938724,0.000268348376369479,0.01));
#6138=CARTESIAN_POINT('',(0.0338568449965071,0.0135240735136755,0.01));
#6139=CARTESIAN_POINT('',(0.033870252099961,0.0217276989508219,0.01));
#6140=CARTESIAN_POINT('',(0.028199124888186,0.0280722277737149,0.01));
#6141=CARTESIAN_POINT('',(0.0292393644778652,0.0270773364733896,0.01));
#6142=CARTESIAN_POINT('',(0.0303079811160053,0.0257988566044212,0.01));
#6143=CARTESIAN_POINT('',(0.0313765977541453,0.0245203767354528,0.01));
#6144=CARTESIAN_POINT('',(0.0326234249270532,0.0231240378431374,0.01));
#6145=CARTESIAN_POINT('',(-0.0240764838466631,-0.0103024698689005,0.0115));
#6146=CARTESIAN_POINT('',(-0.0240764838466631,-0.0103024698689005,0.01));
#6147=CARTESIAN_POINT('',(-0.0328685010528418,-0.0103024698689005,0.01));
#6148=CARTESIAN_POINT('',(-0.0152844666404845,-0.0103024698689005,0.01));
#6149=CARTESIAN_POINT('',(-0.0328685010528418,-0.0103024698689005,0.0115));
#6150=CARTESIAN_POINT('',(-0.0152844666404845,-0.0103024698689005,0.0115));
#6151=CARTESIAN_POINT('',(-0.0329043672567415,-0.00515123493445024,0.0115));
#6152=CARTESIAN_POINT('',(-0.0329043672567415,-0.00515123493445024,0.01));
#6153=CARTESIAN_POINT('',(-0.0329402334606413,-2.60208521396521E-18,0.01));
#6154=CARTESIAN_POINT('',(-0.0329402334606413,-2.60208521396521E-18,0.0115));
#6155=CARTESIAN_POINT('',(-0.025597566215431,-9.38101072278518E-19,0.0115));
#6156=CARTESIAN_POINT('',(-0.025597566215431,-9.38101072278518E-19,0.01));
#6157=CARTESIAN_POINT('',(-0.0182548989702206,-3.88836783734276E-20,0.01));
#6158=CARTESIAN_POINT('',(-0.0182548989702206,-3.88836783734276E-20,0.0115));
#6159=CARTESIAN_POINT('',(0.0244205323979259,-0.00965021457523108,0.0115));
#6160=CARTESIAN_POINT('',(0.0244205323979259,-0.00965021457523108,0.01));
#6161=CARTESIAN_POINT('',(0.0167682338505984,-0.00965021457523108,0.01));
#6162=CARTESIAN_POINT('',(0.0320728309452534,-0.00965021457523108,0.01));
#6163=CARTESIAN_POINT('',(0.0167682338505984,-0.00965021457523108,0.0115));
#6164=CARTESIAN_POINT('',(0.0320728309452534,-0.00965021457523108,0.0115));
#6165=CARTESIAN_POINT('',(0.0164393465965986,-0.00962685747072101,0.0115));
#6166=CARTESIAN_POINT('',(0.0164393465965986,-0.00962685747072101,0.01));
#6167=CARTESIAN_POINT('',(0.0161104593425989,-0.00960350036621094,0.01));
#6168=CARTESIAN_POINT('',(0.0161104593425989,-0.00960350036621094,0.0115));
#6169=CARTESIAN_POINT('',(-0.00527504988611875,0.000124228012282425,0.0115));
#6170=CARTESIAN_POINT('',(-0.00527504988611875,0.000124228012282425,0.01));
#6171=CARTESIAN_POINT('',(0.0182189643383026,0.000124228012282401,0.01));
#6172=CARTESIAN_POINT('',(0.0182189643383026,0.000124228012282401,0.0115));
#6173=CARTESIAN_POINT('',(0.0182189643383026,0.000152995737153105,0.0115));
#6174=CARTESIAN_POINT('',(0.0182189643383026,0.000152995737153105,0.01));
#6175=CARTESIAN_POINT('',(0.0182189643383026,0.00018176346202381,0.01));
#6176=CARTESIAN_POINT('',(0.0182189643383026,0.00018176346202381,0.0115));
#6177=CARTESIAN_POINT('',(0.0182254584506154,0.000197257948457263,0.0115));
#6178=CARTESIAN_POINT('',(0.0182254584506154,0.000197257948457263,0.01));
#6179=CARTESIAN_POINT('',(0.0182319525629282,0.000212752434890718,0.01));
#6180=CARTESIAN_POINT('',(0.0182319525629282,0.000212752434890718,0.0115));
#6181=CARTESIAN_POINT('',(0.0182534363120795,0.000239064480410889,0.0115));
#6182=CARTESIAN_POINT('',(0.0182534363120795,0.000239064480410889,0.01));
#6183=CARTESIAN_POINT('',(0.0182749200612307,0.000265376525931061,0.01));
#6184=CARTESIAN_POINT('',(0.0182749200612307,0.000265376525931061,0.0115));
#6185=CARTESIAN_POINT('',(0.0252819852903486,0.000265376525931061,0.0115));
#6186=CARTESIAN_POINT('',(0.0252819852903486,0.000265376525931061,0.01));
#6187=CARTESIAN_POINT('',(0.0322890505194664,0.000265376525931061,0.01));
#6188=CARTESIAN_POINT('',(0.0322890505194664,0.000265376525931061,0.0115));
#6189=CARTESIAN_POINT('',(0.032350605353713,0.000239064480410889,0.0115));
#6190=CARTESIAN_POINT('',(0.032350605353713,0.000239064480410889,0.01));
#6191=CARTESIAN_POINT('',(0.0324121601879597,0.000212752434890717,0.01));
#6192=CARTESIAN_POINT('',(0.0324121601879597,0.000212752434890717,0.0115));
#6193=CARTESIAN_POINT('',(0.0324832890182733,0.000106376217445359,0.0115));
#6194=CARTESIAN_POINT('',(0.0324832890182733,0.000106376217445359,0.01));
#6195=CARTESIAN_POINT('',(0.0325544178485871,1.35525271560688E-20,0.01));
#6196=CARTESIAN_POINT('',(0.0325544178485871,1.35525271560688E-20,0.0115));
#6197=CARTESIAN_POINT('',(0.0325544178485871,-0.0047032511793077,0.0115));
#6198=CARTESIAN_POINT('',(0.0325544178485871,-0.0047032511793077,0.01));
#6199=CARTESIAN_POINT('',(0.0325544178485871,-0.0094065023586154,0.01));
#6200=CARTESIAN_POINT('',(0.0325544178485871,-0.0094065023586154,0.0115));
#6201=CARTESIAN_POINT('',(0.0324483383446932,-0.00949136586859822,0.0115));
#6202=CARTESIAN_POINT('',(0.0324483383446932,-0.00949136586859822,0.01));
#6203=CARTESIAN_POINT('',(0.0323422588407994,-0.00957622937858105,0.01));
#6204=CARTESIAN_POINT('',(0.0323422588407994,-0.00957622937858105,0.0115));
#6205=CARTESIAN_POINT('',(0.,1.06832318786926E-18,0.0115));
#6206=CARTESIAN_POINT('',(0.,1.06832318786926E-18,0.01));
#6207=CARTESIAN_POINT('',(0.0174470416876615,1.06832318786926E-18,0.01));
#6208=CARTESIAN_POINT('',(-0.00348106410322179,-0.00131982915383245,0.0115));
#6209=CARTESIAN_POINT('',(-0.00348106410322179,-0.00131982915383245,0.01));
#6210=CARTESIAN_POINT('',(0.0322075448930264,-0.00961322197690606,0.0115));
#6211=CARTESIAN_POINT('',(0.0322075448930264,-0.00961322197690606,0.01));
#6212=CARTESIAN_POINT('',(0.000665373394938724,0.000268348376369479,0.01));
#6213=CARTESIAN_POINT('',(-1.28369537222284E-16,-6.59194920871187E-17,0.0127));
#6214=CARTESIAN_POINT('',(0.0314740180290188,0.0207072627750481,0.0127));
#6215=CARTESIAN_POINT('',(0.0314740180290188,0.0207072627750481,0.0127));
#6216=CARTESIAN_POINT('',(-1.28369537222284E-16,-6.59194920871187E-17,0.0127));
#6217=CARTESIAN_POINT('',(0.0376123171681072,0.00217212793628834,0.0127));
#6218=CARTESIAN_POINT('',(0.0376123171681072,0.00217212793628834,0.0127));
#6219=CARTESIAN_POINT('',(0.0314740180290188,0.0133153902111663,0.0127));
#6220=CARTESIAN_POINT('',(0.0314740180290188,0.00592351764728438,0.0127));
#6221=CARTESIAN_POINT('',(0.0314740180290188,0.00592351764728438,0.0127));
#6222=CARTESIAN_POINT('',(0.0314740180290188,0.0133153902111663,0.0127));
#6223=CARTESIAN_POINT('',(0.0334053888789172,0.00592351764728436,0.0127));
#6224=CARTESIAN_POINT('',(0.0334053888789172,0.0039921467973859,0.0127));
#6225=CARTESIAN_POINT('',(0.0334053888789172,0.0039921467973859,0.0127));
#6226=CARTESIAN_POINT('',(0.0334053888789172,0.00592351764728436,0.0127));
#6227=CARTESIAN_POINT('',(0.0345447739170033,0.0039921467973859,0.0127));
#6228=CARTESIAN_POINT('',(0.0356841589550894,0.00399214679738589,0.0127));
#6229=CARTESIAN_POINT('',(0.0356841589550894,0.00399214679738589,0.0127));
#6230=CARTESIAN_POINT('',(0.0345447739170033,0.0039921467973859,0.0127));
#6231=CARTESIAN_POINT('',(0.,3.56807801324614E-18,0.0127));
#6232=CARTESIAN_POINT('',(0.,3.56807801324614E-18,0.0127));
#6233=CARTESIAN_POINT('',(0.0408240943775349,3.56807801324614E-18,0.0127));
#6234=CARTESIAN_POINT('',(0.,3.56807801324614E-18,0.0099));
#6235=CARTESIAN_POINT('',(0.0408240943775349,3.56807801324614E-18,0.0099));
#6236=CARTESIAN_POINT('',(0.0356841589550894,0.00206077594748741,0.0127));
#6237=CARTESIAN_POINT('',(0.0356841589550894,0.00206077594748741,0.0127));
#6238=CARTESIAN_POINT('',(0.,0.,0.0127));
#6239=CARTESIAN_POINT('',(-0.0247954623400819,-0.0298426684079545,0.0115));
#6240=CARTESIAN_POINT('',(-0.0236616563669326,-0.0307950125857743,0.0115));
#6241=CARTESIAN_POINT('',(-0.0236616563669326,-0.0307950125857743,0.0099));
#6242=CARTESIAN_POINT('',(-0.0247954623400819,-0.0298426684079545,0.0099));
#6243=CARTESIAN_POINT('',(0.,0.,0.0099));
#6244=CARTESIAN_POINT('',(0.,0.00532044807652908,0.0099));
#6245=CARTESIAN_POINT('',(0.0400011466415138,0.00532044807652908,0.0099));
#6246=CARTESIAN_POINT('',(0.0338568449965071,0.0135240735136755,0.0099));
#6247=CARTESIAN_POINT('',(0.033870252099961,0.0217276989508219,0.0099));
#6248=CARTESIAN_POINT('',(0.0326234249270532,0.0231240378431374,0.0099));
#6249=CARTESIAN_POINT('',(0.0313765977541453,0.0245203767354528,0.0099));
#6250=CARTESIAN_POINT('',(0.0303079811160053,0.0257988566044212,0.0099));
#6251=CARTESIAN_POINT('',(0.0292393644778652,0.0270773364733896,0.0099));
#6252=CARTESIAN_POINT('',(0.028199124888186,0.0280722277737149,0.0099));
#6253=CARTESIAN_POINT('',(-0.0222239847490369,-0.0318129506263708,0.0099));
#6254=CARTESIAN_POINT('',(-0.0207863131311412,-0.0328308886669673,0.0099));
#6255=CARTESIAN_POINT('',(-0.019421688868371,-0.0336322537850484,0.0099));
#6256=CARTESIAN_POINT('',(-0.0180570646056008,-0.0344336189031294,0.0099));
#6257=CARTESIAN_POINT('',(-0.0167187292923731,-0.0350847775169724,0.0099));
#6258=CARTESIAN_POINT('',(-0.0153803939791453,-0.0357359361308154,0.0099));
#6259=CARTESIAN_POINT('',(-0.013871988378665,-0.0363274265733673,0.0099));
#6260=CARTESIAN_POINT('',(-0.0123635827781847,-0.0369189170159191,0.0099));
#6261=CARTESIAN_POINT('',(-0.0105091531076239,-0.037458790636316,0.0099));
#6262=CARTESIAN_POINT('',(-0.0086547234370631,-0.0379986642567129,0.0099));
#6263=CARTESIAN_POINT('',(-0.00639814115570848,-0.0383994548777897,0.0099));
#6264=CARTESIAN_POINT('',(-0.00414155887435387,-0.0388002454988663,0.0099));
#6265=CARTESIAN_POINT('',(-0.00119723097332914,-0.0389250548777359,0.0099));
#6266=CARTESIAN_POINT('',(0.00174709692769558,-0.0390498642566055,0.0099));
#6267=CARTESIAN_POINT('',(0.00335900142551768,-0.0389306322890965,0.0099));
#6268=CARTESIAN_POINT('',(0.00497090592333978,-0.0388114003215875,0.0099));
#6269=CARTESIAN_POINT('',(0.0066125822718541,-0.038551039825373,0.0099));
#6270=CARTESIAN_POINT('',(0.00825425862036841,-0.0382906793291586,0.0099));
#6271=CARTESIAN_POINT('',(0.010108410222866,-0.0378206206285749,0.0099));
#6272=CARTESIAN_POINT('',(0.0119625618253636,-0.0373505619279912,0.0099));
#6273=CARTESIAN_POINT('',(0.0136590603708516,-0.0367450382380939,0.0099));
#6274=CARTESIAN_POINT('',(0.0153555589163397,-0.0361395145481965,0.0099));
#6275=CARTESIAN_POINT('',(0.0165833624661224,-0.0355868574865147,0.0099));
#6276=CARTESIAN_POINT('',(0.0178111660159052,-0.035034200424833,0.0099));
#6277=CARTESIAN_POINT('',(0.0195577649090291,-0.0340615455352049,0.0099));
#6278=CARTESIAN_POINT('',(0.021304363802153,-0.0330888906455769,0.0099));
#6279=CARTESIAN_POINT('',(0.0225463128383875,-0.0322442599664651,0.0099));
#6280=CARTESIAN_POINT('',(0.023788261874622,-0.0313996292873532,0.0099));
#6281=CARTESIAN_POINT('',(0.0297401304872769,-0.024359248949697,0.0099));
#6282=CARTESIAN_POINT('',(0.0356919990999318,-0.0173188686120408,0.0099));
#6283=CARTESIAN_POINT('',(0.0363742503510798,-0.0157996979288668,0.0099));
#6284=CARTESIAN_POINT('',(0.0370565016022279,-0.0142805272456926,0.0099));
#6285=CARTESIAN_POINT('',(0.0375474025124347,-0.0128961794228602,0.0099));
#6286=CARTESIAN_POINT('',(0.0380383034226416,-0.0115118316000279,0.0099));
#6287=CARTESIAN_POINT('',(0.0381030803411137,-0.0113175039722189,0.0099));
#6288=CARTESIAN_POINT('',(0.0381678572595858,-0.01112317634441,0.0099));
#6289=CARTESIAN_POINT('',(0.0385727135213043,-0.00952953503193951,0.0099));
#6290=CARTESIAN_POINT('',(0.0389775697830227,-0.00793589371946901,0.0099));
#6291=CARTESIAN_POINT('',(0.0392494547754935,-0.00629581186854888,0.0099));
#6292=CARTESIAN_POINT('',(0.0395213397679641,-0.00465573001762877,0.0099));
#6293=CARTESIAN_POINT('',(0.0396907923163188,-0.00279433238874659,0.0099));
#6294=CARTESIAN_POINT('',(0.0398602448646736,-0.00093293475986441,0.0099));
#6295=CARTESIAN_POINT('',(0.0598477064933719,-0.00275249564012574,0.0099));
#6296=CARTESIAN_POINT('',(0.0403600479763083,0.00204756578427021,0.0099));
#6297=CARTESIAN_POINT('',(0.0401805973089111,0.00368400693039965,0.0099));
#6298=CARTESIAN_POINT('',(0.0369222922672835,0.00532044807652908,0.0115));
#6299=CARTESIAN_POINT('',(0.0400011466415138,0.00532044807652908,0.0115));
#6300=CARTESIAN_POINT('',(0.028199124888186,0.0280722277737149,0.0115));
#6301=CARTESIAN_POINT('',(0.0292393644778652,0.0270773364733896,0.0115));
#6302=CARTESIAN_POINT('',(-0.0222239847490369,-0.0318129506263708,0.0115));
#6303=CARTESIAN_POINT('',(-0.0207863131311412,-0.0328308886669673,0.0115));
#6304=CARTESIAN_POINT('',(-0.019421688868371,-0.0336322537850484,0.0115));
#6305=CARTESIAN_POINT('',(-0.0180570646056008,-0.0344336189031294,0.0115));
#6306=CARTESIAN_POINT('',(-0.0167187292923731,-0.0350847775169724,0.0115));
#6307=CARTESIAN_POINT('',(-0.0153803939791453,-0.0357359361308154,0.0115));
#6308=CARTESIAN_POINT('',(-0.013871988378665,-0.0363274265733673,0.0115));
#6309=CARTESIAN_POINT('',(-0.0123635827781847,-0.0369189170159191,0.0115));
#6310=CARTESIAN_POINT('',(-0.0105091531076239,-0.037458790636316,0.0115));
#6311=CARTESIAN_POINT('',(-0.0086547234370631,-0.0379986642567129,0.0115));
#6312=CARTESIAN_POINT('',(-0.00639814115570848,-0.0383994548777897,0.0115));
#6313=CARTESIAN_POINT('',(-0.00414155887435387,-0.0388002454988663,0.0115));
#6314=CARTESIAN_POINT('',(-0.00119723097332914,-0.0389250548777359,0.0115));
#6315=CARTESIAN_POINT('',(0.00174709692769558,-0.0390498642566055,0.0115));
#6316=CARTESIAN_POINT('',(0.00335900142551768,-0.0389306322890965,0.0115));
#6317=CARTESIAN_POINT('',(0.00497090592333978,-0.0388114003215875,0.0115));
#6318=CARTESIAN_POINT('',(0.0066125822718541,-0.038551039825373,0.0115));
#6319=CARTESIAN_POINT('',(0.00825425862036841,-0.0382906793291586,0.0115));
#6320=CARTESIAN_POINT('',(0.010108410222866,-0.0378206206285749,0.0115));
#6321=CARTESIAN_POINT('',(0.0119625618253636,-0.0373505619279912,0.0115));
#6322=CARTESIAN_POINT('',(0.0136590603708516,-0.0367450382380939,0.0115));
#6323=CARTESIAN_POINT('',(0.0153555589163397,-0.0361395145481965,0.0115));
#6324=CARTESIAN_POINT('',(0.0165833624661224,-0.0355868574865147,0.0115));
#6325=CARTESIAN_POINT('',(0.0178111660159052,-0.035034200424833,0.0115));
#6326=CARTESIAN_POINT('',(0.0195577649090291,-0.0340615455352049,0.0115));
#6327=CARTESIAN_POINT('',(0.021304363802153,-0.0330888906455769,0.0115));
#6328=CARTESIAN_POINT('',(0.0225463128383875,-0.0322442599664651,0.0115));
#6329=CARTESIAN_POINT('',(0.023788261874622,-0.0313996292873532,0.0115));
#6330=CARTESIAN_POINT('',(0.0297401304872769,-0.024359248949697,0.0115));
#6331=CARTESIAN_POINT('',(0.0356919990999318,-0.0173188686120408,0.0115));
#6332=CARTESIAN_POINT('',(0.0363742503510798,-0.0157996979288668,0.0115));
#6333=CARTESIAN_POINT('',(0.0370565016022279,-0.0142805272456926,0.0115));
#6334=CARTESIAN_POINT('',(0.0375474025124347,-0.0128961794228602,0.0115));
#6335=CARTESIAN_POINT('',(0.0380383034226416,-0.0115118316000279,0.0115));
#6336=CARTESIAN_POINT('',(0.0381030803411137,-0.0113175039722189,0.0115));
#6337=CARTESIAN_POINT('',(0.0381678572595858,-0.01112317634441,0.0115));
#6338=CARTESIAN_POINT('',(0.0385727135213043,-0.00952953503193951,0.0115));
#6339=CARTESIAN_POINT('',(0.0389775697830227,-0.00793589371946901,0.0115));
#6340=CARTESIAN_POINT('',(0.0392494547754935,-0.00629581186854888,0.0115));
#6341=CARTESIAN_POINT('',(0.0395213397679641,-0.00465573001762877,0.0115));
#6342=CARTESIAN_POINT('',(0.0396907923163188,-0.00279433238874659,0.0115));
#6343=CARTESIAN_POINT('',(0.0398602448646736,-0.00093293475986441,0.0115));
#6344=CARTESIAN_POINT('',(0.0598477064933719,-0.00275249564012574,0.0115));
#6345=CARTESIAN_POINT('',(0.0403600479763083,0.00204756578427021,0.0115));
#6346=CARTESIAN_POINT('',(0.0401805973089111,0.00368400693039965,0.0115));
#6347=CARTESIAN_POINT('',(0.0338568449965071,0.0135240735136755,0.0115));
#6348=CARTESIAN_POINT('',(0.033870252099961,0.0217276989508219,0.0115));
#6349=CARTESIAN_POINT('',(0.0326234249270532,0.0231240378431374,0.0115));
#6350=CARTESIAN_POINT('',(0.0313765977541453,0.0245203767354528,0.0115));
#6351=CARTESIAN_POINT('',(0.0303079811160053,0.0257988566044212,0.0115));
#6352=MECHANICAL_DESIGN_GEOMETRIC_PRESENTATION_REPRESENTATION('',(#3999),
#6353);
#6353=(
GEOMETRIC_REPRESENTATION_CONTEXT(3)
GLOBAL_UNCERTAINTY_ASSIGNED_CONTEXT((#6354))
GLOBAL_UNIT_ASSIGNED_CONTEXT((#6357,#6356,#6355))
REPRESENTATION_CONTEXT('Top Case cover','TOP_LEVEL_ASSEMBLY_PART')
);
#6354=UNCERTAINTY_MEASURE_WITH_UNIT(LENGTH_MEASURE(3.47074351221246E-5),
#6357,'DISTANCE_ACCURACY_VALUE','Maximum Tolerance applied to model');
#6355=(
NAMED_UNIT(*)
SI_UNIT($,.STERADIAN.)
SOLID_ANGLE_UNIT()
);
#6356=(
NAMED_UNIT(*)
PLANE_ANGLE_UNIT()
SI_UNIT($,.RADIAN.)
);
#6357=(
LENGTH_UNIT()
NAMED_UNIT(*)
SI_UNIT($,.METRE.)
);
#6358=PRODUCT_DEFINITION_SHAPE('','',#6359);
#6359=PRODUCT_DEFINITION('','',#6361,#6360);
#6360=PRODUCT_DEFINITION_CONTEXT('',#6367,'design');
#6361=PRODUCT_DEFINITION_FORMATION_WITH_SPECIFIED_SOURCE('','',#6363,
 .NOT_KNOWN.);
#6362=PRODUCT_RELATED_PRODUCT_CATEGORY('','',(#6363));
#6363=PRODUCT('Top Case cover','Top Case cover','Top Case cover',(#6365));
#6364=PRODUCT_CATEGORY('','');
#6365=PRODUCT_CONTEXT('',#6367,'mechanical');
#6366=APPLICATION_PROTOCOL_DEFINITION('international standard',
'ap242_managed_model_based_3d_engineering',2020,#6367);
#6367=APPLICATION_CONTEXT('managed model based 3d engineering');
ENDSEC;
END-ISO-10303-21;
