ISO-10303-21;
HEADER;
/* Generated by software containing ST-Developer
 * from STEP Tools, Inc. (www.steptools.com) 
 */
/* OPTION: using custom renumber hook */

FILE_DESCRIPTION(
/* description */ ('STEP AP242 Edition 2',
'CAx-IF Rec.Pracs.---Representation and Presentation of Product Manufa
cturing Information (PMI)---4.0---2014-10-13',
'CAx-IF Rec.Pracs.---3D Tessellated Geometry---0.4---2014-09-14','2;1',
'CAx-IF Rec.Pracs.---User Defined Attributes---1.5---2016-08-15'),
/* implementation_level */ '2;1');

FILE_NAME(
/* name */ 'Part Studio 1 - Right Button',
/* time_stamp */ '2026-06-04T23:59:10Z',
/* author */ (''),
/* organization */ (''),
/* preprocessor_version */ 'ST-DEVELOPER v20',
/* originating_system */ 'ONSHAPE BY PTC INC, 1.215',
/* authorisation */ '  ');

FILE_SCHEMA (('AP242_MANAGED_MODEL_BASED_3D_ENGINEERING_MIM_LF { 1 0 10303 442 3 1 4 }'));
ENDSEC;

DATA;
#10=SHAPE_REPRESENTATION_RELATIONSHIP('','',#1382,#11);
#11=ADVANCED_BREP_SHAPE_REPRESENTATION('',(#1380),#2400);
#12=B_SPLINE_SURFACE_WITH_KNOTS('',3,1,((#2075,#2076),(#2077,#2078),(#2079,
#2080),(#2081,#2082)),.SURF_OF_LINEAR_EXTRUSION.,.F.,.F.,.F.,(4,4),(2,2),
(0.,1.),(0.,1.),.PIECEWISE_BEZIER_KNOTS.);
#13=B_SPLINE_SURFACE_WITH_KNOTS('',3,1,((#2088,#2089),(#2090,#2091),(#2092,
#2093),(#2094,#2095)),.SURF_OF_LINEAR_EXTRUSION.,.F.,.F.,.F.,(4,4),(2,2),
(0.,1.),(0.,1.),.PIECEWISE_BEZIER_KNOTS.);
#14=B_SPLINE_SURFACE_WITH_KNOTS('',3,1,((#2101,#2102),(#2103,#2104),(#2105,
#2106),(#2107,#2108)),.SURF_OF_LINEAR_EXTRUSION.,.F.,.F.,.F.,(4,4),(2,2),
(0.,1.),(0.,1.),.PIECEWISE_BEZIER_KNOTS.);
#15=B_SPLINE_SURFACE_WITH_KNOTS('',3,1,((#2114,#2115),(#2116,#2117),(#2118,
#2119),(#2120,#2121)),.SURF_OF_LINEAR_EXTRUSION.,.F.,.F.,.F.,(4,4),(2,2),
(0.,1.),(0.,1.),.PIECEWISE_BEZIER_KNOTS.);
#16=B_SPLINE_SURFACE_WITH_KNOTS('',3,1,((#2127,#2128),(#2129,#2130),(#2131,
#2132),(#2133,#2134)),.SURF_OF_LINEAR_EXTRUSION.,.F.,.F.,.F.,(4,4),(2,2),
(0.,1.),(0.,1.),.PIECEWISE_BEZIER_KNOTS.);
#17=B_SPLINE_SURFACE_WITH_KNOTS('',3,1,((#2156,#2157),(#2158,#2159),(#2160,
#2161),(#2162,#2163)),.SURF_OF_LINEAR_EXTRUSION.,.F.,.F.,.F.,(4,4),(2,2),
(0.,1.),(0.,1.),.PIECEWISE_BEZIER_KNOTS.);
#18=B_SPLINE_SURFACE_WITH_KNOTS('',3,1,((#2169,#2170),(#2171,#2172),(#2173,
#2174),(#2175,#2176)),.SURF_OF_LINEAR_EXTRUSION.,.F.,.F.,.F.,(4,4),(2,2),
(0.,1.),(0.,1.),.PIECEWISE_BEZIER_KNOTS.);
#19=B_SPLINE_SURFACE_WITH_KNOTS('',3,1,((#2182,#2183),(#2184,#2185),(#2186,
#2187),(#2188,#2189)),.SURF_OF_LINEAR_EXTRUSION.,.F.,.F.,.F.,(4,4),(2,2),
(0.,1.),(0.,1.),.PIECEWISE_BEZIER_KNOTS.);
#20=B_SPLINE_SURFACE_WITH_KNOTS('',3,1,((#2195,#2196),(#2197,#2198),(#2199,
#2200),(#2201,#2202)),.SURF_OF_LINEAR_EXTRUSION.,.F.,.F.,.F.,(4,4),(2,2),
(0.,1.),(0.,1.),.PIECEWISE_BEZIER_KNOTS.);
#21=B_SPLINE_SURFACE_WITH_KNOTS('',3,1,((#2217,#2218),(#2219,#2220),(#2221,
#2222),(#2223,#2224)),.SURF_OF_LINEAR_EXTRUSION.,.F.,.F.,.F.,(4,4),(2,2),
(0.,1.),(0.,1.),.PIECEWISE_BEZIER_KNOTS.);
#22=B_SPLINE_SURFACE_WITH_KNOTS('',3,1,((#2246,#2247),(#2248,#2249),(#2250,
#2251),(#2252,#2253)),.SURF_OF_LINEAR_EXTRUSION.,.F.,.F.,.F.,(4,4),(2,2),
(0.,1.),(0.,1.),.PIECEWISE_BEZIER_KNOTS.);
#23=B_SPLINE_SURFACE_WITH_KNOTS('',3,1,((#2259,#2260),(#2261,#2262),(#2263,
#2264),(#2265,#2266)),.SURF_OF_LINEAR_EXTRUSION.,.F.,.F.,.F.,(4,4),(2,2),
(0.,1.),(0.,1.),.PIECEWISE_BEZIER_KNOTS.);
#24=B_SPLINE_SURFACE_WITH_KNOTS('',3,1,((#2272,#2273),(#2274,#2275),(#2276,
#2277),(#2278,#2279)),.SURF_OF_LINEAR_EXTRUSION.,.F.,.F.,.F.,(4,4),(2,2),
(0.,1.),(0.,1.),.PIECEWISE_BEZIER_KNOTS.);
#25=B_SPLINE_SURFACE_WITH_KNOTS('',3,1,((#2285,#2286),(#2287,#2288),(#2289,
#2290),(#2291,#2292)),.SURF_OF_LINEAR_EXTRUSION.,.F.,.F.,.F.,(4,4),(2,2),
(0.,1.),(0.,1.),.PIECEWISE_BEZIER_KNOTS.);
#26=B_SPLINE_SURFACE_WITH_KNOTS('',3,1,((#2298,#2299),(#2300,#2301),(#2302,
#2303),(#2304,#2305)),.SURF_OF_LINEAR_EXTRUSION.,.F.,.F.,.F.,(4,4),(2,2),
(0.,1.),(0.,1.),.PIECEWISE_BEZIER_KNOTS.);
#27=B_SPLINE_SURFACE_WITH_KNOTS('',3,1,((#2331,#2332),(#2333,#2334),(#2335,
#2336),(#2337,#2338)),.SURF_OF_LINEAR_EXTRUSION.,.F.,.F.,.F.,(4,4),(2,2),
(0.,1.),(0.,1.),.PIECEWISE_BEZIER_KNOTS.);
#28=B_SPLINE_SURFACE_WITH_KNOTS('',3,1,((#2348,#2349),(#2350,#2351),(#2352,
#2353),(#2354,#2355)),.SURF_OF_LINEAR_EXTRUSION.,.F.,.F.,.F.,(4,4),(2,2),
(0.,1.),(0.,1.),.PIECEWISE_BEZIER_KNOTS.);
#29=B_SPLINE_SURFACE_WITH_KNOTS('',3,1,((#2361,#2362),(#2363,#2364),(#2365,
#2366),(#2367,#2368)),.SURF_OF_LINEAR_EXTRUSION.,.F.,.F.,.F.,(4,4),(2,2),
(0.,1.),(0.,1.),.PIECEWISE_BEZIER_KNOTS.);
#30=B_SPLINE_SURFACE_WITH_KNOTS('',3,1,((#2374,#2375),(#2376,#2377),(#2378,
#2379),(#2380,#2381)),.SURF_OF_LINEAR_EXTRUSION.,.F.,.F.,.F.,(4,4),(2,2),
(0.,1.),(0.,1.),.PIECEWISE_BEZIER_KNOTS.);
#31=B_SPLINE_SURFACE_WITH_KNOTS('',3,1,((#2387,#2388),(#2389,#2390),(#2391,
#2392),(#2393,#2394)),.SURF_OF_LINEAR_EXTRUSION.,.F.,.F.,.F.,(4,4),(2,2),
(0.,1.),(0.,1.),.PIECEWISE_BEZIER_KNOTS.);
#32=CYLINDRICAL_SURFACE('',#1412,0.0234940142244212);
#33=CYLINDRICAL_SURFACE('',#1418,0.0218781637816437);
#34=CYLINDRICAL_SURFACE('',#1434,0.00396978775341373);
#35=CYLINDRICAL_SURFACE('',#1437,0.0204403371196085);
#36=CYLINDRICAL_SURFACE('',#1439,0.00187455809787961);
#37=CYLINDRICAL_SURFACE('',#1442,0.00158663426606729);
#38=CYLINDRICAL_SURFACE('',#1444,0.000681288403150142);
#39=CYLINDRICAL_SURFACE('',#1446,0.0319180796511796);
#40=CYLINDRICAL_SURFACE('',#1449,0.00139373285541889);
#41=CYLINDRICAL_SURFACE('',#1451,0.00151453261216068);
#42=CYLINDRICAL_SURFACE('',#1454,0.00132924367572141);
#43=CYLINDRICAL_SURFACE('',#1456,0.000901801166481701);
#44=CYLINDRICAL_SURFACE('',#1458,0.000955468598147822);
#45=CYLINDRICAL_SURFACE('',#1460,0.000835264026654762);
#46=CYLINDRICAL_SURFACE('',#1462,0.00110363148721584);
#47=CYLINDRICAL_SURFACE('',#1465,0.00133460229471229);
#48=CYLINDRICAL_SURFACE('',#1467,0.00143088836849616);
#49=B_SPLINE_CURVE_WITH_KNOTS('',2,(#1804,#1805,#1806),.UNSPECIFIED.,.F.,
 .F.,(3,3),(0.,1.),.PIECEWISE_BEZIER_KNOTS.);
#50=B_SPLINE_CURVE_WITH_KNOTS('',2,(#1808,#1809,#1810),.UNSPECIFIED.,.F.,
 .F.,(3,3),(0.,1.),.PIECEWISE_BEZIER_KNOTS.);
#51=B_SPLINE_CURVE_WITH_KNOTS('',2,(#1812,#1813,#1814),.UNSPECIFIED.,.F.,
 .F.,(3,3),(0.,1.),.PIECEWISE_BEZIER_KNOTS.);
#52=B_SPLINE_CURVE_WITH_KNOTS('',2,(#1816,#1817,#1818),.UNSPECIFIED.,.F.,
 .F.,(3,3),(0.,1.),.PIECEWISE_BEZIER_KNOTS.);
#53=B_SPLINE_CURVE_WITH_KNOTS('',2,(#1828,#1829,#1830),.UNSPECIFIED.,.F.,
 .F.,(3,3),(0.,1.),.PIECEWISE_BEZIER_KNOTS.);
#54=B_SPLINE_CURVE_WITH_KNOTS('',2,(#1832,#1833,#1834),.UNSPECIFIED.,.F.,
 .F.,(3,3),(0.,1.),.PIECEWISE_BEZIER_KNOTS.);
#55=B_SPLINE_CURVE_WITH_KNOTS('',2,(#1836,#1837,#1838),.UNSPECIFIED.,.F.,
 .F.,(3,3),(0.,1.),.PIECEWISE_BEZIER_KNOTS.);
#56=B_SPLINE_CURVE_WITH_KNOTS('',2,(#1840,#1841,#1842),.UNSPECIFIED.,.F.,
 .F.,(3,3),(0.,1.),.PIECEWISE_BEZIER_KNOTS.);
#57=B_SPLINE_CURVE_WITH_KNOTS('',2,(#1844,#1845,#1846),.UNSPECIFIED.,.F.,
 .F.,(3,3),(0.,1.),.PIECEWISE_BEZIER_KNOTS.);
#58=B_SPLINE_CURVE_WITH_KNOTS('',2,(#1857,#1858,#1859),.UNSPECIFIED.,.F.,
 .F.,(3,3),(0.,1.),.PIECEWISE_BEZIER_KNOTS.);
#59=B_SPLINE_CURVE_WITH_KNOTS('',2,(#1864,#1865,#1866),.UNSPECIFIED.,.F.,
 .F.,(3,3),(0.,1.),.PIECEWISE_BEZIER_KNOTS.);
#60=B_SPLINE_CURVE_WITH_KNOTS('',2,(#1868,#1869,#1870),.UNSPECIFIED.,.F.,
 .F.,(3,3),(0.,1.),.PIECEWISE_BEZIER_KNOTS.);
#61=B_SPLINE_CURVE_WITH_KNOTS('',2,(#1872,#1873,#1874),.UNSPECIFIED.,.F.,
 .F.,(3,3),(0.,1.),.PIECEWISE_BEZIER_KNOTS.);
#62=B_SPLINE_CURVE_WITH_KNOTS('',2,(#1876,#1877,#1878),.UNSPECIFIED.,.F.,
 .F.,(3,3),(0.,1.),.PIECEWISE_BEZIER_KNOTS.);
#63=B_SPLINE_CURVE_WITH_KNOTS('',2,(#1882,#1883,#1884),.UNSPECIFIED.,.F.,
 .F.,(3,3),(0.,1.),.PIECEWISE_BEZIER_KNOTS.);
#64=B_SPLINE_CURVE_WITH_KNOTS('',2,(#1896,#1897,#1898),.UNSPECIFIED.,.F.,
 .F.,(3,3),(0.,1.),.PIECEWISE_BEZIER_KNOTS.);
#65=B_SPLINE_CURVE_WITH_KNOTS('',2,(#1900,#1901,#1902),.UNSPECIFIED.,.F.,
 .F.,(3,3),(0.,1.),.PIECEWISE_BEZIER_KNOTS.);
#66=B_SPLINE_CURVE_WITH_KNOTS('',2,(#1904,#1905,#1906),.UNSPECIFIED.,.F.,
 .F.,(3,3),(0.,1.),.PIECEWISE_BEZIER_KNOTS.);
#67=B_SPLINE_CURVE_WITH_KNOTS('',2,(#1908,#1909,#1910),.UNSPECIFIED.,.F.,
 .F.,(3,3),(0.,1.),.PIECEWISE_BEZIER_KNOTS.);
#68=B_SPLINE_CURVE_WITH_KNOTS('',2,(#1912,#1913,#1914),.UNSPECIFIED.,.F.,
 .F.,(3,3),(0.,1.),.PIECEWISE_BEZIER_KNOTS.);
#69=B_SPLINE_CURVE_WITH_KNOTS('',2,(#2085,#2086,#2087),.UNSPECIFIED.,.F.,
 .F.,(3,3),(0.,1.),.PIECEWISE_BEZIER_KNOTS.);
#70=B_SPLINE_CURVE_WITH_KNOTS('',2,(#2098,#2099,#2100),.UNSPECIFIED.,.F.,
 .F.,(3,3),(0.,1.),.PIECEWISE_BEZIER_KNOTS.);
#71=B_SPLINE_CURVE_WITH_KNOTS('',2,(#2111,#2112,#2113),.UNSPECIFIED.,.F.,
 .F.,(3,3),(0.,1.),.PIECEWISE_BEZIER_KNOTS.);
#72=B_SPLINE_CURVE_WITH_KNOTS('',2,(#2124,#2125,#2126),.UNSPECIFIED.,.F.,
 .F.,(3,3),(0.,1.),.PIECEWISE_BEZIER_KNOTS.);
#73=B_SPLINE_CURVE_WITH_KNOTS('',2,(#2137,#2138,#2139),.UNSPECIFIED.,.F.,
 .F.,(3,3),(0.,1.),.PIECEWISE_BEZIER_KNOTS.);
#74=B_SPLINE_CURVE_WITH_KNOTS('',2,(#2166,#2167,#2168),.UNSPECIFIED.,.F.,
 .F.,(3,3),(0.,1.),.PIECEWISE_BEZIER_KNOTS.);
#75=B_SPLINE_CURVE_WITH_KNOTS('',2,(#2179,#2180,#2181),.UNSPECIFIED.,.F.,
 .F.,(3,3),(0.,1.),.PIECEWISE_BEZIER_KNOTS.);
#76=B_SPLINE_CURVE_WITH_KNOTS('',2,(#2192,#2193,#2194),.UNSPECIFIED.,.F.,
 .F.,(3,3),(0.,1.),.PIECEWISE_BEZIER_KNOTS.);
#77=B_SPLINE_CURVE_WITH_KNOTS('',2,(#2205,#2206,#2207),.UNSPECIFIED.,.F.,
 .F.,(3,3),(0.,1.),.PIECEWISE_BEZIER_KNOTS.);
#78=B_SPLINE_CURVE_WITH_KNOTS('',2,(#2227,#2228,#2229),.UNSPECIFIED.,.F.,
 .F.,(3,3),(0.,1.),.PIECEWISE_BEZIER_KNOTS.);
#79=B_SPLINE_CURVE_WITH_KNOTS('',2,(#2256,#2257,#2258),.UNSPECIFIED.,.F.,
 .F.,(3,3),(0.,1.),.PIECEWISE_BEZIER_KNOTS.);
#80=B_SPLINE_CURVE_WITH_KNOTS('',2,(#2269,#2270,#2271),.UNSPECIFIED.,.F.,
 .F.,(3,3),(0.,1.),.PIECEWISE_BEZIER_KNOTS.);
#81=B_SPLINE_CURVE_WITH_KNOTS('',2,(#2282,#2283,#2284),.UNSPECIFIED.,.F.,
 .F.,(3,3),(0.,1.),.PIECEWISE_BEZIER_KNOTS.);
#82=B_SPLINE_CURVE_WITH_KNOTS('',2,(#2295,#2296,#2297),.UNSPECIFIED.,.F.,
 .F.,(3,3),(0.,1.),.PIECEWISE_BEZIER_KNOTS.);
#83=B_SPLINE_CURVE_WITH_KNOTS('',2,(#2308,#2309,#2310),.UNSPECIFIED.,.F.,
 .F.,(3,3),(0.,1.),.PIECEWISE_BEZIER_KNOTS.);
#84=B_SPLINE_CURVE_WITH_KNOTS('',2,(#2341,#2342,#2343),.UNSPECIFIED.,.F.,
 .F.,(3,3),(0.,1.),.PIECEWISE_BEZIER_KNOTS.);
#85=B_SPLINE_CURVE_WITH_KNOTS('',2,(#2358,#2359,#2360),.UNSPECIFIED.,.F.,
 .F.,(3,3),(0.,1.),.PIECEWISE_BEZIER_KNOTS.);
#86=B_SPLINE_CURVE_WITH_KNOTS('',2,(#2371,#2372,#2373),.UNSPECIFIED.,.F.,
 .F.,(3,3),(0.,1.),.PIECEWISE_BEZIER_KNOTS.);
#87=B_SPLINE_CURVE_WITH_KNOTS('',2,(#2384,#2385,#2386),.UNSPECIFIED.,.F.,
 .F.,(3,3),(0.,1.),.PIECEWISE_BEZIER_KNOTS.);
#88=B_SPLINE_CURVE_WITH_KNOTS('',2,(#2395,#2396,#2397),.UNSPECIFIED.,.F.,
 .F.,(3,3),(0.,1.),.PIECEWISE_BEZIER_KNOTS.);
#89=CIRCLE('',#1385,0.0218781637816437);
#90=CIRCLE('',#1386,0.0319180796511796);
#91=CIRCLE('',#1387,0.000681288403150142);
#92=CIRCLE('',#1388,0.00158663426606729);
#93=CIRCLE('',#1389,0.00187455809787961);
#94=CIRCLE('',#1390,0.0204403371196085);
#95=CIRCLE('',#1391,0.00396978775341373);
#96=CIRCLE('',#1392,0.00139373285541889);
#97=CIRCLE('',#1393,0.00143088836849616);
#98=CIRCLE('',#1394,0.00133460229471229);
#99=CIRCLE('',#1395,0.00110363148721584);
#100=CIRCLE('',#1396,0.000835264026654762);
#101=CIRCLE('',#1397,0.000955468598147822);
#102=CIRCLE('',#1398,0.000901801166481701);
#103=CIRCLE('',#1399,0.00132924367572141);
#104=CIRCLE('',#1400,0.00151453261216068);
#105=CIRCLE('',#1413,0.0234940142244212);
#106=CIRCLE('',#1414,0.0234940142244212);
#107=CIRCLE('',#1416,0.0218781637816437);
#108=CIRCLE('',#1435,0.00396978775341373);
#109=CIRCLE('',#1438,0.0204403371196085);
#110=CIRCLE('',#1440,0.00187455809787961);
#111=CIRCLE('',#1443,0.00158663426606729);
#112=CIRCLE('',#1445,0.000681288403150142);
#113=CIRCLE('',#1447,0.0319180796511796);
#114=CIRCLE('',#1450,0.00139373285541889);
#115=CIRCLE('',#1452,0.00151453261216068);
#116=CIRCLE('',#1455,0.00132924367572141);
#117=CIRCLE('',#1457,0.000901801166481701);
#118=CIRCLE('',#1459,0.000955468598147822);
#119=CIRCLE('',#1461,0.000835264026654762);
#120=CIRCLE('',#1463,0.00110363148721584);
#121=CIRCLE('',#1466,0.00133460229471229);
#122=CIRCLE('',#1468,0.00143088836849616);
#123=ORIENTED_EDGE('',*,*,#525,.T.);
#124=ORIENTED_EDGE('',*,*,#526,.T.);
#125=ORIENTED_EDGE('',*,*,#527,.T.);
#126=ORIENTED_EDGE('',*,*,#528,.T.);
#127=ORIENTED_EDGE('',*,*,#529,.T.);
#128=ORIENTED_EDGE('',*,*,#530,.T.);
#129=ORIENTED_EDGE('',*,*,#531,.T.);
#130=ORIENTED_EDGE('',*,*,#532,.T.);
#131=ORIENTED_EDGE('',*,*,#533,.T.);
#132=ORIENTED_EDGE('',*,*,#534,.T.);
#133=ORIENTED_EDGE('',*,*,#535,.T.);
#134=ORIENTED_EDGE('',*,*,#536,.T.);
#135=ORIENTED_EDGE('',*,*,#537,.T.);
#136=ORIENTED_EDGE('',*,*,#538,.T.);
#137=ORIENTED_EDGE('',*,*,#539,.T.);
#138=ORIENTED_EDGE('',*,*,#540,.T.);
#139=ORIENTED_EDGE('',*,*,#541,.T.);
#140=ORIENTED_EDGE('',*,*,#542,.T.);
#141=ORIENTED_EDGE('',*,*,#543,.T.);
#142=ORIENTED_EDGE('',*,*,#544,.T.);
#143=ORIENTED_EDGE('',*,*,#545,.T.);
#144=ORIENTED_EDGE('',*,*,#546,.T.);
#145=ORIENTED_EDGE('',*,*,#547,.T.);
#146=ORIENTED_EDGE('',*,*,#548,.T.);
#147=ORIENTED_EDGE('',*,*,#549,.T.);
#148=ORIENTED_EDGE('',*,*,#550,.T.);
#149=ORIENTED_EDGE('',*,*,#551,.T.);
#150=ORIENTED_EDGE('',*,*,#552,.T.);
#151=ORIENTED_EDGE('',*,*,#553,.T.);
#152=ORIENTED_EDGE('',*,*,#554,.T.);
#153=ORIENTED_EDGE('',*,*,#555,.T.);
#154=ORIENTED_EDGE('',*,*,#556,.T.);
#155=ORIENTED_EDGE('',*,*,#557,.T.);
#156=ORIENTED_EDGE('',*,*,#558,.T.);
#157=ORIENTED_EDGE('',*,*,#559,.T.);
#158=ORIENTED_EDGE('',*,*,#560,.T.);
#159=ORIENTED_EDGE('',*,*,#561,.T.);
#160=ORIENTED_EDGE('',*,*,#562,.T.);
#161=ORIENTED_EDGE('',*,*,#563,.T.);
#162=ORIENTED_EDGE('',*,*,#564,.T.);
#163=ORIENTED_EDGE('',*,*,#565,.T.);
#164=ORIENTED_EDGE('',*,*,#566,.T.);
#165=ORIENTED_EDGE('',*,*,#567,.T.);
#166=ORIENTED_EDGE('',*,*,#568,.T.);
#167=ORIENTED_EDGE('',*,*,#569,.T.);
#168=ORIENTED_EDGE('',*,*,#570,.T.);
#169=ORIENTED_EDGE('',*,*,#571,.T.);
#170=ORIENTED_EDGE('',*,*,#572,.T.);
#171=ORIENTED_EDGE('',*,*,#573,.T.);
#172=ORIENTED_EDGE('',*,*,#574,.T.);
#173=ORIENTED_EDGE('',*,*,#575,.T.);
#174=ORIENTED_EDGE('',*,*,#576,.T.);
#175=ORIENTED_EDGE('',*,*,#577,.T.);
#176=ORIENTED_EDGE('',*,*,#578,.T.);
#177=ORIENTED_EDGE('',*,*,#579,.T.);
#178=ORIENTED_EDGE('',*,*,#580,.T.);
#179=ORIENTED_EDGE('',*,*,#581,.F.);
#180=ORIENTED_EDGE('',*,*,#582,.F.);
#181=ORIENTED_EDGE('',*,*,#583,.T.);
#182=ORIENTED_EDGE('',*,*,#584,.T.);
#183=ORIENTED_EDGE('',*,*,#585,.F.);
#184=ORIENTED_EDGE('',*,*,#586,.F.);
#185=ORIENTED_EDGE('',*,*,#581,.T.);
#186=ORIENTED_EDGE('',*,*,#587,.T.);
#187=ORIENTED_EDGE('',*,*,#588,.F.);
#188=ORIENTED_EDGE('',*,*,#589,.F.);
#189=ORIENTED_EDGE('',*,*,#585,.T.);
#190=ORIENTED_EDGE('',*,*,#590,.T.);
#191=ORIENTED_EDGE('',*,*,#591,.F.);
#192=ORIENTED_EDGE('',*,*,#592,.F.);
#193=ORIENTED_EDGE('',*,*,#588,.T.);
#194=ORIENTED_EDGE('',*,*,#593,.T.);
#195=ORIENTED_EDGE('',*,*,#594,.F.);
#196=ORIENTED_EDGE('',*,*,#595,.F.);
#197=ORIENTED_EDGE('',*,*,#591,.T.);
#198=ORIENTED_EDGE('',*,*,#596,.T.);
#199=ORIENTED_EDGE('',*,*,#597,.F.);
#200=ORIENTED_EDGE('',*,*,#598,.F.);
#201=ORIENTED_EDGE('',*,*,#594,.T.);
#202=ORIENTED_EDGE('',*,*,#599,.T.);
#203=ORIENTED_EDGE('',*,*,#600,.F.);
#204=ORIENTED_EDGE('',*,*,#601,.F.);
#205=ORIENTED_EDGE('',*,*,#597,.T.);
#206=ORIENTED_EDGE('',*,*,#602,.T.);
#207=ORIENTED_EDGE('',*,*,#603,.F.);
#208=ORIENTED_EDGE('',*,*,#604,.F.);
#209=ORIENTED_EDGE('',*,*,#600,.T.);
#210=ORIENTED_EDGE('',*,*,#605,.T.);
#211=ORIENTED_EDGE('',*,*,#606,.F.);
#212=ORIENTED_EDGE('',*,*,#607,.F.);
#213=ORIENTED_EDGE('',*,*,#603,.T.);
#214=ORIENTED_EDGE('',*,*,#608,.T.);
#215=ORIENTED_EDGE('',*,*,#609,.F.);
#216=ORIENTED_EDGE('',*,*,#610,.F.);
#217=ORIENTED_EDGE('',*,*,#606,.T.);
#218=ORIENTED_EDGE('',*,*,#611,.T.);
#219=ORIENTED_EDGE('',*,*,#612,.F.);
#220=ORIENTED_EDGE('',*,*,#613,.F.);
#221=ORIENTED_EDGE('',*,*,#609,.T.);
#222=ORIENTED_EDGE('',*,*,#614,.T.);
#223=ORIENTED_EDGE('',*,*,#583,.F.);
#224=ORIENTED_EDGE('',*,*,#615,.F.);
#225=ORIENTED_EDGE('',*,*,#612,.T.);
#226=ORIENTED_EDGE('',*,*,#616,.F.);
#227=ORIENTED_EDGE('',*,*,#617,.F.);
#228=ORIENTED_EDGE('',*,*,#618,.F.);
#229=ORIENTED_EDGE('',*,*,#619,.F.);
#230=ORIENTED_EDGE('',*,*,#620,.F.);
#231=ORIENTED_EDGE('',*,*,#621,.F.);
#232=ORIENTED_EDGE('',*,*,#622,.F.);
#233=ORIENTED_EDGE('',*,*,#623,.F.);
#234=ORIENTED_EDGE('',*,*,#624,.F.);
#235=ORIENTED_EDGE('',*,*,#625,.F.);
#236=ORIENTED_EDGE('',*,*,#626,.F.);
#237=ORIENTED_EDGE('',*,*,#627,.F.);
#238=ORIENTED_EDGE('',*,*,#582,.T.);
#239=ORIENTED_EDGE('',*,*,#586,.T.);
#240=ORIENTED_EDGE('',*,*,#589,.T.);
#241=ORIENTED_EDGE('',*,*,#592,.T.);
#242=ORIENTED_EDGE('',*,*,#595,.T.);
#243=ORIENTED_EDGE('',*,*,#598,.T.);
#244=ORIENTED_EDGE('',*,*,#601,.T.);
#245=ORIENTED_EDGE('',*,*,#604,.T.);
#246=ORIENTED_EDGE('',*,*,#607,.T.);
#247=ORIENTED_EDGE('',*,*,#610,.T.);
#248=ORIENTED_EDGE('',*,*,#613,.T.);
#249=ORIENTED_EDGE('',*,*,#615,.T.);
#250=ORIENTED_EDGE('',*,*,#580,.F.);
#251=ORIENTED_EDGE('',*,*,#614,.F.);
#252=ORIENTED_EDGE('',*,*,#611,.F.);
#253=ORIENTED_EDGE('',*,*,#608,.F.);
#254=ORIENTED_EDGE('',*,*,#605,.F.);
#255=ORIENTED_EDGE('',*,*,#602,.F.);
#256=ORIENTED_EDGE('',*,*,#599,.F.);
#257=ORIENTED_EDGE('',*,*,#596,.F.);
#258=ORIENTED_EDGE('',*,*,#593,.F.);
#259=ORIENTED_EDGE('',*,*,#590,.F.);
#260=ORIENTED_EDGE('',*,*,#587,.F.);
#261=ORIENTED_EDGE('',*,*,#584,.F.);
#262=ORIENTED_EDGE('',*,*,#618,.T.);
#263=ORIENTED_EDGE('',*,*,#628,.F.);
#264=ORIENTED_EDGE('',*,*,#536,.F.);
#265=ORIENTED_EDGE('',*,*,#629,.T.);
#266=ORIENTED_EDGE('',*,*,#619,.T.);
#267=ORIENTED_EDGE('',*,*,#629,.F.);
#268=ORIENTED_EDGE('',*,*,#535,.F.);
#269=ORIENTED_EDGE('',*,*,#630,.T.);
#270=ORIENTED_EDGE('',*,*,#620,.T.);
#271=ORIENTED_EDGE('',*,*,#630,.F.);
#272=ORIENTED_EDGE('',*,*,#534,.F.);
#273=ORIENTED_EDGE('',*,*,#631,.T.);
#274=ORIENTED_EDGE('',*,*,#621,.T.);
#275=ORIENTED_EDGE('',*,*,#631,.F.);
#276=ORIENTED_EDGE('',*,*,#533,.F.);
#277=ORIENTED_EDGE('',*,*,#632,.T.);
#278=ORIENTED_EDGE('',*,*,#622,.T.);
#279=ORIENTED_EDGE('',*,*,#632,.F.);
#280=ORIENTED_EDGE('',*,*,#532,.F.);
#281=ORIENTED_EDGE('',*,*,#633,.T.);
#282=ORIENTED_EDGE('',*,*,#623,.T.);
#283=ORIENTED_EDGE('',*,*,#633,.F.);
#284=ORIENTED_EDGE('',*,*,#531,.F.);
#285=ORIENTED_EDGE('',*,*,#634,.T.);
#286=ORIENTED_EDGE('',*,*,#624,.T.);
#287=ORIENTED_EDGE('',*,*,#634,.F.);
#288=ORIENTED_EDGE('',*,*,#530,.F.);
#289=ORIENTED_EDGE('',*,*,#635,.T.);
#290=ORIENTED_EDGE('',*,*,#625,.T.);
#291=ORIENTED_EDGE('',*,*,#635,.F.);
#292=ORIENTED_EDGE('',*,*,#529,.F.);
#293=ORIENTED_EDGE('',*,*,#636,.T.);
#294=ORIENTED_EDGE('',*,*,#626,.T.);
#295=ORIENTED_EDGE('',*,*,#636,.F.);
#296=ORIENTED_EDGE('',*,*,#528,.F.);
#297=ORIENTED_EDGE('',*,*,#637,.T.);
#298=ORIENTED_EDGE('',*,*,#627,.T.);
#299=ORIENTED_EDGE('',*,*,#637,.F.);
#300=ORIENTED_EDGE('',*,*,#527,.F.);
#301=ORIENTED_EDGE('',*,*,#638,.T.);
#302=ORIENTED_EDGE('',*,*,#616,.T.);
#303=ORIENTED_EDGE('',*,*,#638,.F.);
#304=ORIENTED_EDGE('',*,*,#526,.F.);
#305=ORIENTED_EDGE('',*,*,#639,.T.);
#306=ORIENTED_EDGE('',*,*,#617,.T.);
#307=ORIENTED_EDGE('',*,*,#639,.F.);
#308=ORIENTED_EDGE('',*,*,#525,.F.);
#309=ORIENTED_EDGE('',*,*,#628,.T.);
#310=ORIENTED_EDGE('',*,*,#538,.F.);
#311=ORIENTED_EDGE('',*,*,#640,.F.);
#312=ORIENTED_EDGE('',*,*,#641,.T.);
#313=ORIENTED_EDGE('',*,*,#642,.T.);
#314=ORIENTED_EDGE('',*,*,#537,.F.);
#315=ORIENTED_EDGE('',*,*,#643,.F.);
#316=ORIENTED_EDGE('',*,*,#644,.T.);
#317=ORIENTED_EDGE('',*,*,#640,.T.);
#318=ORIENTED_EDGE('',*,*,#557,.F.);
#319=ORIENTED_EDGE('',*,*,#645,.F.);
#320=ORIENTED_EDGE('',*,*,#646,.T.);
#321=ORIENTED_EDGE('',*,*,#643,.T.);
#322=ORIENTED_EDGE('',*,*,#556,.F.);
#323=ORIENTED_EDGE('',*,*,#647,.F.);
#324=ORIENTED_EDGE('',*,*,#648,.T.);
#325=ORIENTED_EDGE('',*,*,#645,.T.);
#326=ORIENTED_EDGE('',*,*,#555,.F.);
#327=ORIENTED_EDGE('',*,*,#649,.F.);
#328=ORIENTED_EDGE('',*,*,#650,.T.);
#329=ORIENTED_EDGE('',*,*,#647,.T.);
#330=ORIENTED_EDGE('',*,*,#554,.F.);
#331=ORIENTED_EDGE('',*,*,#651,.F.);
#332=ORIENTED_EDGE('',*,*,#652,.T.);
#333=ORIENTED_EDGE('',*,*,#649,.T.);
#334=ORIENTED_EDGE('',*,*,#553,.F.);
#335=ORIENTED_EDGE('',*,*,#653,.F.);
#336=ORIENTED_EDGE('',*,*,#654,.T.);
#337=ORIENTED_EDGE('',*,*,#651,.T.);
#338=ORIENTED_EDGE('',*,*,#552,.F.);
#339=ORIENTED_EDGE('',*,*,#655,.F.);
#340=ORIENTED_EDGE('',*,*,#656,.T.);
#341=ORIENTED_EDGE('',*,*,#653,.T.);
#342=ORIENTED_EDGE('',*,*,#551,.F.);
#343=ORIENTED_EDGE('',*,*,#657,.F.);
#344=ORIENTED_EDGE('',*,*,#658,.T.);
#345=ORIENTED_EDGE('',*,*,#655,.T.);
#346=ORIENTED_EDGE('',*,*,#550,.F.);
#347=ORIENTED_EDGE('',*,*,#659,.F.);
#348=ORIENTED_EDGE('',*,*,#660,.T.);
#349=ORIENTED_EDGE('',*,*,#657,.T.);
#350=ORIENTED_EDGE('',*,*,#549,.F.);
#351=ORIENTED_EDGE('',*,*,#661,.F.);
#352=ORIENTED_EDGE('',*,*,#662,.T.);
#353=ORIENTED_EDGE('',*,*,#659,.T.);
#354=ORIENTED_EDGE('',*,*,#548,.F.);
#355=ORIENTED_EDGE('',*,*,#663,.F.);
#356=ORIENTED_EDGE('',*,*,#664,.T.);
#357=ORIENTED_EDGE('',*,*,#661,.T.);
#358=ORIENTED_EDGE('',*,*,#547,.F.);
#359=ORIENTED_EDGE('',*,*,#665,.F.);
#360=ORIENTED_EDGE('',*,*,#666,.T.);
#361=ORIENTED_EDGE('',*,*,#663,.T.);
#362=ORIENTED_EDGE('',*,*,#546,.F.);
#363=ORIENTED_EDGE('',*,*,#667,.F.);
#364=ORIENTED_EDGE('',*,*,#668,.T.);
#365=ORIENTED_EDGE('',*,*,#665,.T.);
#366=ORIENTED_EDGE('',*,*,#545,.F.);
#367=ORIENTED_EDGE('',*,*,#669,.F.);
#368=ORIENTED_EDGE('',*,*,#670,.T.);
#369=ORIENTED_EDGE('',*,*,#667,.T.);
#370=ORIENTED_EDGE('',*,*,#544,.F.);
#371=ORIENTED_EDGE('',*,*,#671,.F.);
#372=ORIENTED_EDGE('',*,*,#672,.T.);
#373=ORIENTED_EDGE('',*,*,#669,.T.);
#374=ORIENTED_EDGE('',*,*,#543,.F.);
#375=ORIENTED_EDGE('',*,*,#673,.F.);
#376=ORIENTED_EDGE('',*,*,#674,.T.);
#377=ORIENTED_EDGE('',*,*,#671,.T.);
#378=ORIENTED_EDGE('',*,*,#542,.F.);
#379=ORIENTED_EDGE('',*,*,#675,.F.);
#380=ORIENTED_EDGE('',*,*,#676,.T.);
#381=ORIENTED_EDGE('',*,*,#673,.T.);
#382=ORIENTED_EDGE('',*,*,#541,.F.);
#383=ORIENTED_EDGE('',*,*,#677,.F.);
#384=ORIENTED_EDGE('',*,*,#678,.T.);
#385=ORIENTED_EDGE('',*,*,#675,.T.);
#386=ORIENTED_EDGE('',*,*,#540,.F.);
#387=ORIENTED_EDGE('',*,*,#679,.F.);
#388=ORIENTED_EDGE('',*,*,#680,.T.);
#389=ORIENTED_EDGE('',*,*,#677,.T.);
#390=ORIENTED_EDGE('',*,*,#539,.F.);
#391=ORIENTED_EDGE('',*,*,#642,.F.);
#392=ORIENTED_EDGE('',*,*,#681,.T.);
#393=ORIENTED_EDGE('',*,*,#679,.T.);
#394=ORIENTED_EDGE('',*,*,#641,.F.);
#395=ORIENTED_EDGE('',*,*,#644,.F.);
#396=ORIENTED_EDGE('',*,*,#646,.F.);
#397=ORIENTED_EDGE('',*,*,#648,.F.);
#398=ORIENTED_EDGE('',*,*,#650,.F.);
#399=ORIENTED_EDGE('',*,*,#652,.F.);
#400=ORIENTED_EDGE('',*,*,#654,.F.);
#401=ORIENTED_EDGE('',*,*,#656,.F.);
#402=ORIENTED_EDGE('',*,*,#658,.F.);
#403=ORIENTED_EDGE('',*,*,#660,.F.);
#404=ORIENTED_EDGE('',*,*,#662,.F.);
#405=ORIENTED_EDGE('',*,*,#664,.F.);
#406=ORIENTED_EDGE('',*,*,#666,.F.);
#407=ORIENTED_EDGE('',*,*,#668,.F.);
#408=ORIENTED_EDGE('',*,*,#670,.F.);
#409=ORIENTED_EDGE('',*,*,#672,.F.);
#410=ORIENTED_EDGE('',*,*,#674,.F.);
#411=ORIENTED_EDGE('',*,*,#676,.F.);
#412=ORIENTED_EDGE('',*,*,#678,.F.);
#413=ORIENTED_EDGE('',*,*,#680,.F.);
#414=ORIENTED_EDGE('',*,*,#681,.F.);
#415=ORIENTED_EDGE('',*,*,#559,.F.);
#416=ORIENTED_EDGE('',*,*,#682,.F.);
#417=ORIENTED_EDGE('',*,*,#683,.T.);
#418=ORIENTED_EDGE('',*,*,#684,.T.);
#419=ORIENTED_EDGE('',*,*,#558,.F.);
#420=ORIENTED_EDGE('',*,*,#685,.F.);
#421=ORIENTED_EDGE('',*,*,#686,.T.);
#422=ORIENTED_EDGE('',*,*,#682,.T.);
#423=ORIENTED_EDGE('',*,*,#579,.F.);
#424=ORIENTED_EDGE('',*,*,#687,.F.);
#425=ORIENTED_EDGE('',*,*,#688,.T.);
#426=ORIENTED_EDGE('',*,*,#685,.T.);
#427=ORIENTED_EDGE('',*,*,#578,.F.);
#428=ORIENTED_EDGE('',*,*,#689,.F.);
#429=ORIENTED_EDGE('',*,*,#690,.T.);
#430=ORIENTED_EDGE('',*,*,#687,.T.);
#431=ORIENTED_EDGE('',*,*,#577,.F.);
#432=ORIENTED_EDGE('',*,*,#691,.F.);
#433=ORIENTED_EDGE('',*,*,#692,.T.);
#434=ORIENTED_EDGE('',*,*,#689,.T.);
#435=ORIENTED_EDGE('',*,*,#576,.F.);
#436=ORIENTED_EDGE('',*,*,#693,.F.);
#437=ORIENTED_EDGE('',*,*,#694,.T.);
#438=ORIENTED_EDGE('',*,*,#691,.T.);
#439=ORIENTED_EDGE('',*,*,#575,.F.);
#440=ORIENTED_EDGE('',*,*,#695,.F.);
#441=ORIENTED_EDGE('',*,*,#696,.T.);
#442=ORIENTED_EDGE('',*,*,#693,.T.);
#443=ORIENTED_EDGE('',*,*,#574,.F.);
#444=ORIENTED_EDGE('',*,*,#697,.F.);
#445=ORIENTED_EDGE('',*,*,#698,.T.);
#446=ORIENTED_EDGE('',*,*,#695,.T.);
#447=ORIENTED_EDGE('',*,*,#573,.F.);
#448=ORIENTED_EDGE('',*,*,#699,.F.);
#449=ORIENTED_EDGE('',*,*,#700,.T.);
#450=ORIENTED_EDGE('',*,*,#697,.T.);
#451=ORIENTED_EDGE('',*,*,#572,.F.);
#452=ORIENTED_EDGE('',*,*,#701,.F.);
#453=ORIENTED_EDGE('',*,*,#702,.T.);
#454=ORIENTED_EDGE('',*,*,#699,.T.);
#455=ORIENTED_EDGE('',*,*,#571,.F.);
#456=ORIENTED_EDGE('',*,*,#703,.F.);
#457=ORIENTED_EDGE('',*,*,#704,.T.);
#458=ORIENTED_EDGE('',*,*,#701,.T.);
#459=ORIENTED_EDGE('',*,*,#570,.F.);
#460=ORIENTED_EDGE('',*,*,#705,.F.);
#461=ORIENTED_EDGE('',*,*,#706,.T.);
#462=ORIENTED_EDGE('',*,*,#703,.T.);
#463=ORIENTED_EDGE('',*,*,#569,.F.);
#464=ORIENTED_EDGE('',*,*,#707,.F.);
#465=ORIENTED_EDGE('',*,*,#708,.T.);
#466=ORIENTED_EDGE('',*,*,#705,.T.);
#467=ORIENTED_EDGE('',*,*,#568,.F.);
#468=ORIENTED_EDGE('',*,*,#709,.F.);
#469=ORIENTED_EDGE('',*,*,#710,.T.);
#470=ORIENTED_EDGE('',*,*,#707,.T.);
#471=ORIENTED_EDGE('',*,*,#567,.F.);
#472=ORIENTED_EDGE('',*,*,#711,.F.);
#473=ORIENTED_EDGE('',*,*,#712,.T.);
#474=ORIENTED_EDGE('',*,*,#709,.T.);
#475=ORIENTED_EDGE('',*,*,#566,.F.);
#476=ORIENTED_EDGE('',*,*,#713,.F.);
#477=ORIENTED_EDGE('',*,*,#714,.T.);
#478=ORIENTED_EDGE('',*,*,#711,.T.);
#479=ORIENTED_EDGE('',*,*,#565,.F.);
#480=ORIENTED_EDGE('',*,*,#715,.F.);
#481=ORIENTED_EDGE('',*,*,#716,.T.);
#482=ORIENTED_EDGE('',*,*,#713,.T.);
#483=ORIENTED_EDGE('',*,*,#564,.F.);
#484=ORIENTED_EDGE('',*,*,#717,.F.);
#485=ORIENTED_EDGE('',*,*,#718,.T.);
#486=ORIENTED_EDGE('',*,*,#715,.T.);
#487=ORIENTED_EDGE('',*,*,#563,.F.);
#488=ORIENTED_EDGE('',*,*,#719,.F.);
#489=ORIENTED_EDGE('',*,*,#720,.T.);
#490=ORIENTED_EDGE('',*,*,#717,.T.);
#491=ORIENTED_EDGE('',*,*,#562,.F.);
#492=ORIENTED_EDGE('',*,*,#721,.F.);
#493=ORIENTED_EDGE('',*,*,#722,.T.);
#494=ORIENTED_EDGE('',*,*,#719,.T.);
#495=ORIENTED_EDGE('',*,*,#561,.F.);
#496=ORIENTED_EDGE('',*,*,#723,.F.);
#497=ORIENTED_EDGE('',*,*,#724,.T.);
#498=ORIENTED_EDGE('',*,*,#721,.T.);
#499=ORIENTED_EDGE('',*,*,#560,.F.);
#500=ORIENTED_EDGE('',*,*,#684,.F.);
#501=ORIENTED_EDGE('',*,*,#725,.T.);
#502=ORIENTED_EDGE('',*,*,#723,.T.);
#503=ORIENTED_EDGE('',*,*,#683,.F.);
#504=ORIENTED_EDGE('',*,*,#686,.F.);
#505=ORIENTED_EDGE('',*,*,#688,.F.);
#506=ORIENTED_EDGE('',*,*,#690,.F.);
#507=ORIENTED_EDGE('',*,*,#692,.F.);
#508=ORIENTED_EDGE('',*,*,#694,.F.);
#509=ORIENTED_EDGE('',*,*,#696,.F.);
#510=ORIENTED_EDGE('',*,*,#698,.F.);
#511=ORIENTED_EDGE('',*,*,#700,.F.);
#512=ORIENTED_EDGE('',*,*,#702,.F.);
#513=ORIENTED_EDGE('',*,*,#704,.F.);
#514=ORIENTED_EDGE('',*,*,#706,.F.);
#515=ORIENTED_EDGE('',*,*,#708,.F.);
#516=ORIENTED_EDGE('',*,*,#710,.F.);
#517=ORIENTED_EDGE('',*,*,#712,.F.);
#518=ORIENTED_EDGE('',*,*,#714,.F.);
#519=ORIENTED_EDGE('',*,*,#716,.F.);
#520=ORIENTED_EDGE('',*,*,#718,.F.);
#521=ORIENTED_EDGE('',*,*,#720,.F.);
#522=ORIENTED_EDGE('',*,*,#722,.F.);
#523=ORIENTED_EDGE('',*,*,#724,.F.);
#524=ORIENTED_EDGE('',*,*,#725,.F.);
#525=EDGE_CURVE('',#726,#727,#860,.T.);
#526=EDGE_CURVE('',#727,#728,#861,.T.);
#527=EDGE_CURVE('',#728,#729,#862,.T.);
#528=EDGE_CURVE('',#729,#730,#863,.T.);
#529=EDGE_CURVE('',#730,#731,#864,.T.);
#530=EDGE_CURVE('',#731,#732,#865,.T.);
#531=EDGE_CURVE('',#732,#733,#866,.T.);
#532=EDGE_CURVE('',#733,#734,#867,.T.);
#533=EDGE_CURVE('',#734,#735,#868,.T.);
#534=EDGE_CURVE('',#735,#736,#869,.T.);
#535=EDGE_CURVE('',#736,#737,#870,.T.);
#536=EDGE_CURVE('',#737,#726,#89,.T.);
#537=EDGE_CURVE('',#738,#739,#871,.T.);
#538=EDGE_CURVE('',#739,#740,#872,.T.);
#539=EDGE_CURVE('',#740,#741,#90,.T.);
#540=EDGE_CURVE('',#741,#742,#49,.T.);
#541=EDGE_CURVE('',#742,#743,#50,.T.);
#542=EDGE_CURVE('',#743,#744,#51,.T.);
#543=EDGE_CURVE('',#744,#745,#52,.T.);
#544=EDGE_CURVE('',#745,#746,#91,.T.);
#545=EDGE_CURVE('',#746,#747,#92,.T.);
#546=EDGE_CURVE('',#747,#748,#873,.T.);
#547=EDGE_CURVE('',#748,#749,#93,.F.);
#548=EDGE_CURVE('',#749,#750,#53,.T.);
#549=EDGE_CURVE('',#750,#751,#54,.T.);
#550=EDGE_CURVE('',#751,#752,#55,.T.);
#551=EDGE_CURVE('',#752,#753,#56,.T.);
#552=EDGE_CURVE('',#753,#754,#57,.T.);
#553=EDGE_CURVE('',#754,#755,#94,.F.);
#554=EDGE_CURVE('',#755,#756,#874,.T.);
#555=EDGE_CURVE('',#756,#757,#95,.F.);
#556=EDGE_CURVE('',#757,#758,#875,.T.);
#557=EDGE_CURVE('',#758,#738,#876,.T.);
#558=EDGE_CURVE('',#759,#760,#58,.T.);
#559=EDGE_CURVE('',#760,#761,#96,.F.);
#560=EDGE_CURVE('',#761,#762,#59,.T.);
#561=EDGE_CURVE('',#762,#763,#60,.T.);
#562=EDGE_CURVE('',#763,#764,#61,.T.);
#563=EDGE_CURVE('',#764,#765,#62,.T.);
#564=EDGE_CURVE('',#765,#766,#97,.F.);
#565=EDGE_CURVE('',#766,#767,#63,.T.);
#566=EDGE_CURVE('',#767,#768,#98,.F.);
#567=EDGE_CURVE('',#768,#769,#877,.T.);
#568=EDGE_CURVE('',#769,#770,#99,.T.);
#569=EDGE_CURVE('',#770,#771,#100,.T.);
#570=EDGE_CURVE('',#771,#772,#101,.T.);
#571=EDGE_CURVE('',#772,#773,#64,.T.);
#572=EDGE_CURVE('',#773,#774,#65,.T.);
#573=EDGE_CURVE('',#774,#775,#66,.T.);
#574=EDGE_CURVE('',#775,#776,#67,.T.);
#575=EDGE_CURVE('',#776,#777,#68,.T.);
#576=EDGE_CURVE('',#777,#778,#102,.T.);
#577=EDGE_CURVE('',#778,#779,#103,.T.);
#578=EDGE_CURVE('',#779,#780,#878,.T.);
#579=EDGE_CURVE('',#780,#759,#104,.F.);
#580=EDGE_CURVE('',#781,#782,#879,.T.);
#581=EDGE_CURVE('',#783,#782,#880,.T.);
#582=EDGE_CURVE('',#784,#783,#881,.T.);
#583=EDGE_CURVE('',#784,#781,#882,.T.);
#584=EDGE_CURVE('',#782,#785,#883,.T.);
#585=EDGE_CURVE('',#786,#785,#884,.T.);
#586=EDGE_CURVE('',#783,#786,#885,.T.);
#587=EDGE_CURVE('',#785,#787,#886,.T.);
#588=EDGE_CURVE('',#788,#787,#887,.T.);
#589=EDGE_CURVE('',#786,#788,#888,.T.);
#590=EDGE_CURVE('',#787,#789,#889,.T.);
#591=EDGE_CURVE('',#790,#789,#890,.T.);
#592=EDGE_CURVE('',#788,#790,#891,.T.);
#593=EDGE_CURVE('',#789,#791,#892,.T.);
#594=EDGE_CURVE('',#792,#791,#893,.T.);
#595=EDGE_CURVE('',#790,#792,#894,.T.);
#596=EDGE_CURVE('',#791,#793,#895,.T.);
#597=EDGE_CURVE('',#794,#793,#896,.T.);
#598=EDGE_CURVE('',#792,#794,#897,.T.);
#599=EDGE_CURVE('',#793,#795,#898,.T.);
#600=EDGE_CURVE('',#796,#795,#899,.T.);
#601=EDGE_CURVE('',#794,#796,#900,.T.);
#602=EDGE_CURVE('',#795,#797,#901,.T.);
#603=EDGE_CURVE('',#798,#797,#902,.T.);
#604=EDGE_CURVE('',#796,#798,#903,.T.);
#605=EDGE_CURVE('',#797,#799,#904,.T.);
#606=EDGE_CURVE('',#800,#799,#905,.T.);
#607=EDGE_CURVE('',#798,#800,#906,.T.);
#608=EDGE_CURVE('',#799,#801,#907,.T.);
#609=EDGE_CURVE('',#802,#801,#908,.T.);
#610=EDGE_CURVE('',#800,#802,#909,.T.);
#611=EDGE_CURVE('',#801,#803,#910,.T.);
#612=EDGE_CURVE('',#804,#803,#911,.T.);
#613=EDGE_CURVE('',#802,#804,#912,.T.);
#614=EDGE_CURVE('',#803,#781,#105,.T.);
#615=EDGE_CURVE('',#804,#784,#106,.T.);
#616=EDGE_CURVE('',#805,#806,#913,.T.);
#617=EDGE_CURVE('',#807,#805,#914,.T.);
#618=EDGE_CURVE('',#808,#807,#107,.T.);
#619=EDGE_CURVE('',#809,#808,#915,.T.);
#620=EDGE_CURVE('',#810,#809,#916,.T.);
#621=EDGE_CURVE('',#811,#810,#917,.T.);
#622=EDGE_CURVE('',#812,#811,#918,.T.);
#623=EDGE_CURVE('',#813,#812,#919,.T.);
#624=EDGE_CURVE('',#814,#813,#920,.T.);
#625=EDGE_CURVE('',#815,#814,#921,.T.);
#626=EDGE_CURVE('',#816,#815,#922,.T.);
#627=EDGE_CURVE('',#806,#816,#923,.T.);
#628=EDGE_CURVE('',#726,#807,#924,.T.);
#629=EDGE_CURVE('',#737,#808,#925,.T.);
#630=EDGE_CURVE('',#736,#809,#926,.T.);
#631=EDGE_CURVE('',#735,#810,#927,.T.);
#632=EDGE_CURVE('',#734,#811,#928,.T.);
#633=EDGE_CURVE('',#733,#812,#929,.T.);
#634=EDGE_CURVE('',#732,#813,#930,.T.);
#635=EDGE_CURVE('',#731,#814,#931,.T.);
#636=EDGE_CURVE('',#730,#815,#932,.T.);
#637=EDGE_CURVE('',#729,#816,#933,.T.);
#638=EDGE_CURVE('',#728,#806,#934,.T.);
#639=EDGE_CURVE('',#727,#805,#935,.T.);
#640=EDGE_CURVE('',#817,#739,#936,.T.);
#641=EDGE_CURVE('',#817,#818,#937,.T.);
#642=EDGE_CURVE('',#818,#740,#938,.T.);
#643=EDGE_CURVE('',#819,#738,#939,.T.);
#644=EDGE_CURVE('',#819,#817,#940,.T.);
#645=EDGE_CURVE('',#820,#758,#941,.T.);
#646=EDGE_CURVE('',#820,#819,#942,.T.);
#647=EDGE_CURVE('',#821,#757,#943,.T.);
#648=EDGE_CURVE('',#821,#820,#944,.T.);
#649=EDGE_CURVE('',#822,#756,#945,.T.);
#650=EDGE_CURVE('',#822,#821,#108,.F.);
#651=EDGE_CURVE('',#823,#755,#946,.T.);
#652=EDGE_CURVE('',#823,#822,#947,.F.);
#653=EDGE_CURVE('',#824,#754,#948,.T.);
#654=EDGE_CURVE('',#824,#823,#109,.F.);
#655=EDGE_CURVE('',#825,#753,#949,.T.);
#656=EDGE_CURVE('',#825,#824,#69,.T.);
#657=EDGE_CURVE('',#826,#752,#950,.T.);
#658=EDGE_CURVE('',#826,#825,#70,.T.);
#659=EDGE_CURVE('',#827,#751,#951,.T.);
#660=EDGE_CURVE('',#827,#826,#71,.T.);
#661=EDGE_CURVE('',#828,#750,#952,.T.);
#662=EDGE_CURVE('',#828,#827,#72,.T.);
#663=EDGE_CURVE('',#829,#749,#953,.T.);
#664=EDGE_CURVE('',#829,#828,#73,.T.);
#665=EDGE_CURVE('',#830,#748,#954,.T.);
#666=EDGE_CURVE('',#830,#829,#110,.F.);
#667=EDGE_CURVE('',#831,#747,#955,.T.);
#668=EDGE_CURVE('',#831,#830,#956,.T.);
#669=EDGE_CURVE('',#832,#746,#957,.T.);
#670=EDGE_CURVE('',#832,#831,#111,.T.);
#671=EDGE_CURVE('',#833,#745,#958,.T.);
#672=EDGE_CURVE('',#833,#832,#112,.T.);
#673=EDGE_CURVE('',#834,#744,#959,.T.);
#674=EDGE_CURVE('',#834,#833,#74,.T.);
#675=EDGE_CURVE('',#835,#743,#960,.T.);
#676=EDGE_CURVE('',#835,#834,#75,.T.);
#677=EDGE_CURVE('',#836,#742,#961,.T.);
#678=EDGE_CURVE('',#836,#835,#76,.T.);
#679=EDGE_CURVE('',#837,#741,#962,.T.);
#680=EDGE_CURVE('',#837,#836,#77,.T.);
#681=EDGE_CURVE('',#818,#837,#113,.T.);
#682=EDGE_CURVE('',#838,#760,#963,.T.);
#683=EDGE_CURVE('',#838,#839,#114,.F.);
#684=EDGE_CURVE('',#839,#761,#964,.T.);
#685=EDGE_CURVE('',#840,#759,#965,.T.);
#686=EDGE_CURVE('',#840,#838,#78,.T.);
#687=EDGE_CURVE('',#841,#780,#966,.T.);
#688=EDGE_CURVE('',#841,#840,#115,.F.);
#689=EDGE_CURVE('',#842,#779,#967,.T.);
#690=EDGE_CURVE('',#842,#841,#968,.T.);
#691=EDGE_CURVE('',#843,#778,#969,.T.);
#692=EDGE_CURVE('',#843,#842,#116,.T.);
#693=EDGE_CURVE('',#844,#777,#970,.T.);
#694=EDGE_CURVE('',#844,#843,#117,.T.);
#695=EDGE_CURVE('',#845,#776,#971,.T.);
#696=EDGE_CURVE('',#845,#844,#79,.T.);
#697=EDGE_CURVE('',#846,#775,#972,.T.);
#698=EDGE_CURVE('',#846,#845,#80,.T.);
#699=EDGE_CURVE('',#847,#774,#973,.T.);
#700=EDGE_CURVE('',#847,#846,#81,.T.);
#701=EDGE_CURVE('',#848,#773,#974,.T.);
#702=EDGE_CURVE('',#848,#847,#82,.T.);
#703=EDGE_CURVE('',#849,#772,#975,.T.);
#704=EDGE_CURVE('',#849,#848,#83,.T.);
#705=EDGE_CURVE('',#850,#771,#976,.T.);
#706=EDGE_CURVE('',#850,#849,#118,.T.);
#707=EDGE_CURVE('',#851,#770,#977,.T.);
#708=EDGE_CURVE('',#851,#850,#119,.T.);
#709=EDGE_CURVE('',#852,#769,#978,.T.);
#710=EDGE_CURVE('',#852,#851,#120,.T.);
#711=EDGE_CURVE('',#853,#768,#979,.T.);
#712=EDGE_CURVE('',#853,#852,#980,.T.);
#713=EDGE_CURVE('',#854,#767,#981,.T.);
#714=EDGE_CURVE('',#854,#853,#121,.F.);
#715=EDGE_CURVE('',#855,#766,#982,.T.);
#716=EDGE_CURVE('',#855,#854,#84,.T.);
#717=EDGE_CURVE('',#856,#765,#983,.T.);
#718=EDGE_CURVE('',#856,#855,#122,.F.);
#719=EDGE_CURVE('',#857,#764,#984,.T.);
#720=EDGE_CURVE('',#857,#856,#85,.T.);
#721=EDGE_CURVE('',#858,#763,#985,.T.);
#722=EDGE_CURVE('',#858,#857,#86,.T.);
#723=EDGE_CURVE('',#859,#762,#986,.T.);
#724=EDGE_CURVE('',#859,#858,#87,.T.);
#725=EDGE_CURVE('',#839,#859,#88,.T.);
#726=VERTEX_POINT('',#1774);
#727=VERTEX_POINT('',#1775);
#728=VERTEX_POINT('',#1777);
#729=VERTEX_POINT('',#1779);
#730=VERTEX_POINT('',#1781);
#731=VERTEX_POINT('',#1783);
#732=VERTEX_POINT('',#1785);
#733=VERTEX_POINT('',#1787);
#734=VERTEX_POINT('',#1789);
#735=VERTEX_POINT('',#1791);
#736=VERTEX_POINT('',#1793);
#737=VERTEX_POINT('',#1795);
#738=VERTEX_POINT('',#1798);
#739=VERTEX_POINT('',#1799);
#740=VERTEX_POINT('',#1801);
#741=VERTEX_POINT('',#1803);
#742=VERTEX_POINT('',#1807);
#743=VERTEX_POINT('',#1811);
#744=VERTEX_POINT('',#1815);
#745=VERTEX_POINT('',#1819);
#746=VERTEX_POINT('',#1821);
#747=VERTEX_POINT('',#1823);
#748=VERTEX_POINT('',#1825);
#749=VERTEX_POINT('',#1827);
#750=VERTEX_POINT('',#1831);
#751=VERTEX_POINT('',#1835);
#752=VERTEX_POINT('',#1839);
#753=VERTEX_POINT('',#1843);
#754=VERTEX_POINT('',#1847);
#755=VERTEX_POINT('',#1849);
#756=VERTEX_POINT('',#1851);
#757=VERTEX_POINT('',#1853);
#758=VERTEX_POINT('',#1855);
#759=VERTEX_POINT('',#1860);
#760=VERTEX_POINT('',#1861);
#761=VERTEX_POINT('',#1863);
#762=VERTEX_POINT('',#1867);
#763=VERTEX_POINT('',#1871);
#764=VERTEX_POINT('',#1875);
#765=VERTEX_POINT('',#1879);
#766=VERTEX_POINT('',#1881);
#767=VERTEX_POINT('',#1885);
#768=VERTEX_POINT('',#1887);
#769=VERTEX_POINT('',#1889);
#770=VERTEX_POINT('',#1891);
#771=VERTEX_POINT('',#1893);
#772=VERTEX_POINT('',#1895);
#773=VERTEX_POINT('',#1899);
#774=VERTEX_POINT('',#1903);
#775=VERTEX_POINT('',#1907);
#776=VERTEX_POINT('',#1911);
#777=VERTEX_POINT('',#1915);
#778=VERTEX_POINT('',#1917);
#779=VERTEX_POINT('',#1919);
#780=VERTEX_POINT('',#1921);
#781=VERTEX_POINT('',#1925);
#782=VERTEX_POINT('',#1926);
#783=VERTEX_POINT('',#1928);
#784=VERTEX_POINT('',#1930);
#785=VERTEX_POINT('',#1934);
#786=VERTEX_POINT('',#1936);
#787=VERTEX_POINT('',#1940);
#788=VERTEX_POINT('',#1942);
#789=VERTEX_POINT('',#1946);
#790=VERTEX_POINT('',#1948);
#791=VERTEX_POINT('',#1952);
#792=VERTEX_POINT('',#1954);
#793=VERTEX_POINT('',#1958);
#794=VERTEX_POINT('',#1960);
#795=VERTEX_POINT('',#1964);
#796=VERTEX_POINT('',#1966);
#797=VERTEX_POINT('',#1970);
#798=VERTEX_POINT('',#1972);
#799=VERTEX_POINT('',#1976);
#800=VERTEX_POINT('',#1978);
#801=VERTEX_POINT('',#1982);
#802=VERTEX_POINT('',#1984);
#803=VERTEX_POINT('',#1988);
#804=VERTEX_POINT('',#1990);
#805=VERTEX_POINT('',#1997);
#806=VERTEX_POINT('',#1998);
#807=VERTEX_POINT('',#2000);
#808=VERTEX_POINT('',#2002);
#809=VERTEX_POINT('',#2004);
#810=VERTEX_POINT('',#2006);
#811=VERTEX_POINT('',#2008);
#812=VERTEX_POINT('',#2010);
#813=VERTEX_POINT('',#2012);
#814=VERTEX_POINT('',#2014);
#815=VERTEX_POINT('',#2016);
#816=VERTEX_POINT('',#2018);
#817=VERTEX_POINT('',#2047);
#818=VERTEX_POINT('',#2049);
#819=VERTEX_POINT('',#2053);
#820=VERTEX_POINT('',#2057);
#821=VERTEX_POINT('',#2061);
#822=VERTEX_POINT('',#2065);
#823=VERTEX_POINT('',#2069);
#824=VERTEX_POINT('',#2073);
#825=VERTEX_POINT('',#2084);
#826=VERTEX_POINT('',#2097);
#827=VERTEX_POINT('',#2110);
#828=VERTEX_POINT('',#2123);
#829=VERTEX_POINT('',#2136);
#830=VERTEX_POINT('',#2142);
#831=VERTEX_POINT('',#2146);
#832=VERTEX_POINT('',#2150);
#833=VERTEX_POINT('',#2154);
#834=VERTEX_POINT('',#2165);
#835=VERTEX_POINT('',#2178);
#836=VERTEX_POINT('',#2191);
#837=VERTEX_POINT('',#2204);
#838=VERTEX_POINT('',#2213);
#839=VERTEX_POINT('',#2215);
#840=VERTEX_POINT('',#2226);
#841=VERTEX_POINT('',#2232);
#842=VERTEX_POINT('',#2236);
#843=VERTEX_POINT('',#2240);
#844=VERTEX_POINT('',#2244);
#845=VERTEX_POINT('',#2255);
#846=VERTEX_POINT('',#2268);
#847=VERTEX_POINT('',#2281);
#848=VERTEX_POINT('',#2294);
#849=VERTEX_POINT('',#2307);
#850=VERTEX_POINT('',#2313);
#851=VERTEX_POINT('',#2317);
#852=VERTEX_POINT('',#2321);
#853=VERTEX_POINT('',#2325);
#854=VERTEX_POINT('',#2329);
#855=VERTEX_POINT('',#2340);
#856=VERTEX_POINT('',#2346);
#857=VERTEX_POINT('',#2357);
#858=VERTEX_POINT('',#2370);
#859=VERTEX_POINT('',#2383);
#860=LINE('',#1773,#987);
#861=LINE('',#1776,#988);
#862=LINE('',#1778,#989);
#863=LINE('',#1780,#990);
#864=LINE('',#1782,#991);
#865=LINE('',#1784,#992);
#866=LINE('',#1786,#993);
#867=LINE('',#1788,#994);
#868=LINE('',#1790,#995);
#869=LINE('',#1792,#996);
#870=LINE('',#1794,#997);
#871=LINE('',#1797,#998);
#872=LINE('',#1800,#999);
#873=LINE('',#1824,#1000);
#874=LINE('',#1850,#1001);
#875=LINE('',#1854,#1002);
#876=LINE('',#1856,#1003);
#877=LINE('',#1888,#1004);
#878=LINE('',#1920,#1005);
#879=LINE('',#1924,#1006);
#880=LINE('',#1927,#1007);
#881=LINE('',#1929,#1008);
#882=LINE('',#1931,#1009);
#883=LINE('',#1933,#1010);
#884=LINE('',#1935,#1011);
#885=LINE('',#1937,#1012);
#886=LINE('',#1939,#1013);
#887=LINE('',#1941,#1014);
#888=LINE('',#1943,#1015);
#889=LINE('',#1945,#1016);
#890=LINE('',#1947,#1017);
#891=LINE('',#1949,#1018);
#892=LINE('',#1951,#1019);
#893=LINE('',#1953,#1020);
#894=LINE('',#1955,#1021);
#895=LINE('',#1957,#1022);
#896=LINE('',#1959,#1023);
#897=LINE('',#1961,#1024);
#898=LINE('',#1963,#1025);
#899=LINE('',#1965,#1026);
#900=LINE('',#1967,#1027);
#901=LINE('',#1969,#1028);
#902=LINE('',#1971,#1029);
#903=LINE('',#1973,#1030);
#904=LINE('',#1975,#1031);
#905=LINE('',#1977,#1032);
#906=LINE('',#1979,#1033);
#907=LINE('',#1981,#1034);
#908=LINE('',#1983,#1035);
#909=LINE('',#1985,#1036);
#910=LINE('',#1987,#1037);
#911=LINE('',#1989,#1038);
#912=LINE('',#1991,#1039);
#913=LINE('',#1996,#1040);
#914=LINE('',#1999,#1041);
#915=LINE('',#2003,#1042);
#916=LINE('',#2005,#1043);
#917=LINE('',#2007,#1044);
#918=LINE('',#2009,#1045);
#919=LINE('',#2011,#1046);
#920=LINE('',#2013,#1047);
#921=LINE('',#2015,#1048);
#922=LINE('',#2017,#1049);
#923=LINE('',#2019,#1050);
#924=LINE('',#2022,#1051);
#925=LINE('',#2023,#1052);
#926=LINE('',#2025,#1053);
#927=LINE('',#2027,#1054);
#928=LINE('',#2029,#1055);
#929=LINE('',#2031,#1056);
#930=LINE('',#2033,#1057);
#931=LINE('',#2035,#1058);
#932=LINE('',#2037,#1059);
#933=LINE('',#2039,#1060);
#934=LINE('',#2041,#1061);
#935=LINE('',#2043,#1062);
#936=LINE('',#2046,#1063);
#937=LINE('',#2048,#1064);
#938=LINE('',#2050,#1065);
#939=LINE('',#2052,#1066);
#940=LINE('',#2054,#1067);
#941=LINE('',#2056,#1068);
#942=LINE('',#2058,#1069);
#943=LINE('',#2060,#1070);
#944=LINE('',#2062,#1071);
#945=LINE('',#2064,#1072);
#946=LINE('',#2068,#1073);
#947=LINE('',#2070,#1074);
#948=LINE('',#2072,#1075);
#949=LINE('',#2083,#1076);
#950=LINE('',#2096,#1077);
#951=LINE('',#2109,#1078);
#952=LINE('',#2122,#1079);
#953=LINE('',#2135,#1080);
#954=LINE('',#2141,#1081);
#955=LINE('',#2145,#1082);
#956=LINE('',#2147,#1083);
#957=LINE('',#2149,#1084);
#958=LINE('',#2153,#1085);
#959=LINE('',#2164,#1086);
#960=LINE('',#2177,#1087);
#961=LINE('',#2190,#1088);
#962=LINE('',#2203,#1089);
#963=LINE('',#2212,#1090);
#964=LINE('',#2216,#1091);
#965=LINE('',#2225,#1092);
#966=LINE('',#2231,#1093);
#967=LINE('',#2235,#1094);
#968=LINE('',#2237,#1095);
#969=LINE('',#2239,#1096);
#970=LINE('',#2243,#1097);
#971=LINE('',#2254,#1098);
#972=LINE('',#2267,#1099);
#973=LINE('',#2280,#1100);
#974=LINE('',#2293,#1101);
#975=LINE('',#2306,#1102);
#976=LINE('',#2312,#1103);
#977=LINE('',#2316,#1104);
#978=LINE('',#2320,#1105);
#979=LINE('',#2324,#1106);
#980=LINE('',#2326,#1107);
#981=LINE('',#2328,#1108);
#982=LINE('',#2339,#1109);
#983=LINE('',#2345,#1110);
#984=LINE('',#2356,#1111);
#985=LINE('',#2369,#1112);
#986=LINE('',#2382,#1113);
#987=VECTOR('',#1474,1.);
#988=VECTOR('',#1475,1.);
#989=VECTOR('',#1476,1.);
#990=VECTOR('',#1477,1.);
#991=VECTOR('',#1478,1.);
#992=VECTOR('',#1479,1.);
#993=VECTOR('',#1480,1.);
#994=VECTOR('',#1481,1.);
#995=VECTOR('',#1482,1.);
#996=VECTOR('',#1483,1.);
#997=VECTOR('',#1484,1.);
#998=VECTOR('',#1487,1.);
#999=VECTOR('',#1488,1.);
#1000=VECTOR('',#1495,1.);
#1001=VECTOR('',#1500,1.);
#1002=VECTOR('',#1503,1.);
#1003=VECTOR('',#1504,1.);
#1004=VECTOR('',#1511,1.);
#1005=VECTOR('',#1522,1.);
#1006=VECTOR('',#1527,1.);
#1007=VECTOR('',#1528,1.);
#1008=VECTOR('',#1529,1.);
#1009=VECTOR('',#1530,1.);
#1010=VECTOR('',#1533,1.);
#1011=VECTOR('',#1534,1.);
#1012=VECTOR('',#1535,1.);
#1013=VECTOR('',#1538,1.);
#1014=VECTOR('',#1539,1.);
#1015=VECTOR('',#1540,1.);
#1016=VECTOR('',#1543,1.);
#1017=VECTOR('',#1544,1.);
#1018=VECTOR('',#1545,1.);
#1019=VECTOR('',#1548,1.);
#1020=VECTOR('',#1549,1.);
#1021=VECTOR('',#1550,1.);
#1022=VECTOR('',#1553,1.);
#1023=VECTOR('',#1554,1.);
#1024=VECTOR('',#1555,1.);
#1025=VECTOR('',#1558,1.);
#1026=VECTOR('',#1559,1.);
#1027=VECTOR('',#1560,1.);
#1028=VECTOR('',#1563,1.);
#1029=VECTOR('',#1564,1.);
#1030=VECTOR('',#1565,1.);
#1031=VECTOR('',#1568,1.);
#1032=VECTOR('',#1569,1.);
#1033=VECTOR('',#1570,1.);
#1034=VECTOR('',#1573,1.);
#1035=VECTOR('',#1574,1.);
#1036=VECTOR('',#1575,1.);
#1037=VECTOR('',#1578,1.);
#1038=VECTOR('',#1579,1.);
#1039=VECTOR('',#1580,1.);
#1040=VECTOR('',#1589,1.);
#1041=VECTOR('',#1590,1.);
#1042=VECTOR('',#1593,1.);
#1043=VECTOR('',#1594,1.);
#1044=VECTOR('',#1595,1.);
#1045=VECTOR('',#1596,1.);
#1046=VECTOR('',#1597,1.);
#1047=VECTOR('',#1598,1.);
#1048=VECTOR('',#1599,1.);
#1049=VECTOR('',#1600,1.);
#1050=VECTOR('',#1601,1.);
#1051=VECTOR('',#1606,1.);
#1052=VECTOR('',#1607,1.);
#1053=VECTOR('',#1610,1.);
#1054=VECTOR('',#1613,1.);
#1055=VECTOR('',#1616,1.);
#1056=VECTOR('',#1619,1.);
#1057=VECTOR('',#1622,1.);
#1058=VECTOR('',#1625,1.);
#1059=VECTOR('',#1628,1.);
#1060=VECTOR('',#1631,1.);
#1061=VECTOR('',#1634,1.);
#1062=VECTOR('',#1637,1.);
#1063=VECTOR('',#1642,1.);
#1064=VECTOR('',#1643,1.);
#1065=VECTOR('',#1644,1.);
#1066=VECTOR('',#1647,1.);
#1067=VECTOR('',#1648,1.);
#1068=VECTOR('',#1651,1.);
#1069=VECTOR('',#1652,1.);
#1070=VECTOR('',#1655,1.);
#1071=VECTOR('',#1656,1.);
#1072=VECTOR('',#1659,1.);
#1073=VECTOR('',#1664,1.);
#1074=VECTOR('',#1665,1.);
#1075=VECTOR('',#1668,1.);
#1076=VECTOR('',#1671,1.);
#1077=VECTOR('',#1672,1.);
#1078=VECTOR('',#1673,1.);
#1079=VECTOR('',#1674,1.);
#1080=VECTOR('',#1675,1.);
#1081=VECTOR('',#1678,1.);
#1082=VECTOR('',#1683,1.);
#1083=VECTOR('',#1684,1.);
#1084=VECTOR('',#1687,1.);
#1085=VECTOR('',#1692,1.);
#1086=VECTOR('',#1695,1.);
#1087=VECTOR('',#1696,1.);
#1088=VECTOR('',#1697,1.);
#1089=VECTOR('',#1698,1.);
#1090=VECTOR('',#1707,1.);
#1091=VECTOR('',#1710,1.);
#1092=VECTOR('',#1711,1.);
#1093=VECTOR('',#1714,1.);
#1094=VECTOR('',#1719,1.);
#1095=VECTOR('',#1720,1.);
#1096=VECTOR('',#1723,1.);
#1097=VECTOR('',#1728,1.);
#1098=VECTOR('',#1731,1.);
#1099=VECTOR('',#1732,1.);
#1100=VECTOR('',#1733,1.);
#1101=VECTOR('',#1734,1.);
#1102=VECTOR('',#1735,1.);
#1103=VECTOR('',#1738,1.);
#1104=VECTOR('',#1743,1.);
#1105=VECTOR('',#1748,1.);
#1106=VECTOR('',#1753,1.);
#1107=VECTOR('',#1754,1.);
#1108=VECTOR('',#1757,1.);
#1109=VECTOR('',#1760,1.);
#1110=VECTOR('',#1763,1.);
#1111=VECTOR('',#1766,1.);
#1112=VECTOR('',#1767,1.);
#1113=VECTOR('',#1768,1.);
#1114=EDGE_LOOP('',(#123,#124,#125,#126,#127,#128,#129,#130,#131,#132,#133,
#134));
#1115=EDGE_LOOP('',(#135,#136,#137,#138,#139,#140,#141,#142,#143,#144,#145,
#146,#147,#148,#149,#150,#151,#152,#153,#154,#155));
#1116=EDGE_LOOP('',(#156,#157,#158,#159,#160,#161,#162,#163,#164,#165,#166,
#167,#168,#169,#170,#171,#172,#173,#174,#175,#176,#177));
#1117=EDGE_LOOP('',(#178,#179,#180,#181));
#1118=EDGE_LOOP('',(#182,#183,#184,#185));
#1119=EDGE_LOOP('',(#186,#187,#188,#189));
#1120=EDGE_LOOP('',(#190,#191,#192,#193));
#1121=EDGE_LOOP('',(#194,#195,#196,#197));
#1122=EDGE_LOOP('',(#198,#199,#200,#201));
#1123=EDGE_LOOP('',(#202,#203,#204,#205));
#1124=EDGE_LOOP('',(#206,#207,#208,#209));
#1125=EDGE_LOOP('',(#210,#211,#212,#213));
#1126=EDGE_LOOP('',(#214,#215,#216,#217));
#1127=EDGE_LOOP('',(#218,#219,#220,#221));
#1128=EDGE_LOOP('',(#222,#223,#224,#225));
#1129=EDGE_LOOP('',(#226,#227,#228,#229,#230,#231,#232,#233,#234,#235,#236,
#237));
#1130=EDGE_LOOP('',(#238,#239,#240,#241,#242,#243,#244,#245,#246,#247,#248,
#249));
#1131=EDGE_LOOP('',(#250,#251,#252,#253,#254,#255,#256,#257,#258,#259,#260,
#261));
#1132=EDGE_LOOP('',(#262,#263,#264,#265));
#1133=EDGE_LOOP('',(#266,#267,#268,#269));
#1134=EDGE_LOOP('',(#270,#271,#272,#273));
#1135=EDGE_LOOP('',(#274,#275,#276,#277));
#1136=EDGE_LOOP('',(#278,#279,#280,#281));
#1137=EDGE_LOOP('',(#282,#283,#284,#285));
#1138=EDGE_LOOP('',(#286,#287,#288,#289));
#1139=EDGE_LOOP('',(#290,#291,#292,#293));
#1140=EDGE_LOOP('',(#294,#295,#296,#297));
#1141=EDGE_LOOP('',(#298,#299,#300,#301));
#1142=EDGE_LOOP('',(#302,#303,#304,#305));
#1143=EDGE_LOOP('',(#306,#307,#308,#309));
#1144=EDGE_LOOP('',(#310,#311,#312,#313));
#1145=EDGE_LOOP('',(#314,#315,#316,#317));
#1146=EDGE_LOOP('',(#318,#319,#320,#321));
#1147=EDGE_LOOP('',(#322,#323,#324,#325));
#1148=EDGE_LOOP('',(#326,#327,#328,#329));
#1149=EDGE_LOOP('',(#330,#331,#332,#333));
#1150=EDGE_LOOP('',(#334,#335,#336,#337));
#1151=EDGE_LOOP('',(#338,#339,#340,#341));
#1152=EDGE_LOOP('',(#342,#343,#344,#345));
#1153=EDGE_LOOP('',(#346,#347,#348,#349));
#1154=EDGE_LOOP('',(#350,#351,#352,#353));
#1155=EDGE_LOOP('',(#354,#355,#356,#357));
#1156=EDGE_LOOP('',(#358,#359,#360,#361));
#1157=EDGE_LOOP('',(#362,#363,#364,#365));
#1158=EDGE_LOOP('',(#366,#367,#368,#369));
#1159=EDGE_LOOP('',(#370,#371,#372,#373));
#1160=EDGE_LOOP('',(#374,#375,#376,#377));
#1161=EDGE_LOOP('',(#378,#379,#380,#381));
#1162=EDGE_LOOP('',(#382,#383,#384,#385));
#1163=EDGE_LOOP('',(#386,#387,#388,#389));
#1164=EDGE_LOOP('',(#390,#391,#392,#393));
#1165=EDGE_LOOP('',(#394,#395,#396,#397,#398,#399,#400,#401,#402,#403,#404,
#405,#406,#407,#408,#409,#410,#411,#412,#413,#414));
#1166=EDGE_LOOP('',(#415,#416,#417,#418));
#1167=EDGE_LOOP('',(#419,#420,#421,#422));
#1168=EDGE_LOOP('',(#423,#424,#425,#426));
#1169=EDGE_LOOP('',(#427,#428,#429,#430));
#1170=EDGE_LOOP('',(#431,#432,#433,#434));
#1171=EDGE_LOOP('',(#435,#436,#437,#438));
#1172=EDGE_LOOP('',(#439,#440,#441,#442));
#1173=EDGE_LOOP('',(#443,#444,#445,#446));
#1174=EDGE_LOOP('',(#447,#448,#449,#450));
#1175=EDGE_LOOP('',(#451,#452,#453,#454));
#1176=EDGE_LOOP('',(#455,#456,#457,#458));
#1177=EDGE_LOOP('',(#459,#460,#461,#462));
#1178=EDGE_LOOP('',(#463,#464,#465,#466));
#1179=EDGE_LOOP('',(#467,#468,#469,#470));
#1180=EDGE_LOOP('',(#471,#472,#473,#474));
#1181=EDGE_LOOP('',(#475,#476,#477,#478));
#1182=EDGE_LOOP('',(#479,#480,#481,#482));
#1183=EDGE_LOOP('',(#483,#484,#485,#486));
#1184=EDGE_LOOP('',(#487,#488,#489,#490));
#1185=EDGE_LOOP('',(#491,#492,#493,#494));
#1186=EDGE_LOOP('',(#495,#496,#497,#498));
#1187=EDGE_LOOP('',(#499,#500,#501,#502));
#1188=EDGE_LOOP('',(#503,#504,#505,#506,#507,#508,#509,#510,#511,#512,#513,
#514,#515,#516,#517,#518,#519,#520,#521,#522,#523,#524));
#1189=FACE_BOUND('',#1114,.T.);
#1190=FACE_BOUND('',#1115,.T.);
#1191=FACE_BOUND('',#1116,.T.);
#1192=FACE_BOUND('',#1117,.T.);
#1193=FACE_BOUND('',#1118,.T.);
#1194=FACE_BOUND('',#1119,.T.);
#1195=FACE_BOUND('',#1120,.T.);
#1196=FACE_BOUND('',#1121,.T.);
#1197=FACE_BOUND('',#1122,.T.);
#1198=FACE_BOUND('',#1123,.T.);
#1199=FACE_BOUND('',#1124,.T.);
#1200=FACE_BOUND('',#1125,.T.);
#1201=FACE_BOUND('',#1126,.T.);
#1202=FACE_BOUND('',#1127,.T.);
#1203=FACE_BOUND('',#1128,.T.);
#1204=FACE_BOUND('',#1129,.T.);
#1205=FACE_BOUND('',#1130,.T.);
#1206=FACE_BOUND('',#1131,.T.);
#1207=FACE_BOUND('',#1132,.T.);
#1208=FACE_BOUND('',#1133,.T.);
#1209=FACE_BOUND('',#1134,.T.);
#1210=FACE_BOUND('',#1135,.T.);
#1211=FACE_BOUND('',#1136,.T.);
#1212=FACE_BOUND('',#1137,.T.);
#1213=FACE_BOUND('',#1138,.T.);
#1214=FACE_BOUND('',#1139,.T.);
#1215=FACE_BOUND('',#1140,.T.);
#1216=FACE_BOUND('',#1141,.T.);
#1217=FACE_BOUND('',#1142,.T.);
#1218=FACE_BOUND('',#1143,.T.);
#1219=FACE_BOUND('',#1144,.T.);
#1220=FACE_BOUND('',#1145,.T.);
#1221=FACE_BOUND('',#1146,.T.);
#1222=FACE_BOUND('',#1147,.T.);
#1223=FACE_BOUND('',#1148,.T.);
#1224=FACE_BOUND('',#1149,.T.);
#1225=FACE_BOUND('',#1150,.T.);
#1226=FACE_BOUND('',#1151,.T.);
#1227=FACE_BOUND('',#1152,.T.);
#1228=FACE_BOUND('',#1153,.T.);
#1229=FACE_BOUND('',#1154,.T.);
#1230=FACE_BOUND('',#1155,.T.);
#1231=FACE_BOUND('',#1156,.T.);
#1232=FACE_BOUND('',#1157,.T.);
#1233=FACE_BOUND('',#1158,.T.);
#1234=FACE_BOUND('',#1159,.T.);
#1235=FACE_BOUND('',#1160,.T.);
#1236=FACE_BOUND('',#1161,.T.);
#1237=FACE_BOUND('',#1162,.T.);
#1238=FACE_BOUND('',#1163,.T.);
#1239=FACE_BOUND('',#1164,.T.);
#1240=FACE_BOUND('',#1165,.T.);
#1241=FACE_BOUND('',#1166,.T.);
#1242=FACE_BOUND('',#1167,.T.);
#1243=FACE_BOUND('',#1168,.T.);
#1244=FACE_BOUND('',#1169,.T.);
#1245=FACE_BOUND('',#1170,.T.);
#1246=FACE_BOUND('',#1171,.T.);
#1247=FACE_BOUND('',#1172,.T.);
#1248=FACE_BOUND('',#1173,.T.);
#1249=FACE_BOUND('',#1174,.T.);
#1250=FACE_BOUND('',#1175,.T.);
#1251=FACE_BOUND('',#1176,.T.);
#1252=FACE_BOUND('',#1177,.T.);
#1253=FACE_BOUND('',#1178,.T.);
#1254=FACE_BOUND('',#1179,.T.);
#1255=FACE_BOUND('',#1180,.T.);
#1256=FACE_BOUND('',#1181,.T.);
#1257=FACE_BOUND('',#1182,.T.);
#1258=FACE_BOUND('',#1183,.T.);
#1259=FACE_BOUND('',#1184,.T.);
#1260=FACE_BOUND('',#1185,.T.);
#1261=FACE_BOUND('',#1186,.T.);
#1262=FACE_BOUND('',#1187,.T.);
#1263=FACE_BOUND('',#1188,.T.);
#1264=PLANE('',#1384);
#1265=PLANE('',#1401);
#1266=PLANE('',#1402);
#1267=PLANE('',#1403);
#1268=PLANE('',#1404);
#1269=PLANE('',#1405);
#1270=PLANE('',#1406);
#1271=PLANE('',#1407);
#1272=PLANE('',#1408);
#1273=PLANE('',#1409);
#1274=PLANE('',#1410);
#1275=PLANE('',#1411);
#1276=PLANE('',#1415);
#1277=PLANE('',#1417);
#1278=PLANE('',#1419);
#1279=PLANE('',#1420);
#1280=PLANE('',#1421);
#1281=PLANE('',#1422);
#1282=PLANE('',#1423);
#1283=PLANE('',#1424);
#1284=PLANE('',#1425);
#1285=PLANE('',#1426);
#1286=PLANE('',#1427);
#1287=PLANE('',#1428);
#1288=PLANE('',#1429);
#1289=PLANE('',#1430);
#1290=PLANE('',#1431);
#1291=PLANE('',#1432);
#1292=PLANE('',#1433);
#1293=PLANE('',#1436);
#1294=PLANE('',#1441);
#1295=PLANE('',#1448);
#1296=PLANE('',#1453);
#1297=PLANE('',#1464);
#1298=PLANE('',#1469);
#1299=ADVANCED_FACE('',(#1189,#1190,#1191),#1264,.T.);
#1300=ADVANCED_FACE('',(#1192),#1265,.F.);
#1301=ADVANCED_FACE('',(#1193),#1266,.F.);
#1302=ADVANCED_FACE('',(#1194),#1267,.F.);
#1303=ADVANCED_FACE('',(#1195),#1268,.F.);
#1304=ADVANCED_FACE('',(#1196),#1269,.F.);
#1305=ADVANCED_FACE('',(#1197),#1270,.F.);
#1306=ADVANCED_FACE('',(#1198),#1271,.F.);
#1307=ADVANCED_FACE('',(#1199),#1272,.F.);
#1308=ADVANCED_FACE('',(#1200),#1273,.F.);
#1309=ADVANCED_FACE('',(#1201),#1274,.F.);
#1310=ADVANCED_FACE('',(#1202),#1275,.F.);
#1311=ADVANCED_FACE('',(#1203),#32,.F.);
#1312=ADVANCED_FACE('',(#1204,#1205),#1276,.T.);
#1313=ADVANCED_FACE('',(#1206),#1277,.F.);
#1314=ADVANCED_FACE('',(#1207),#33,.F.);
#1315=ADVANCED_FACE('',(#1208),#1278,.F.);
#1316=ADVANCED_FACE('',(#1209),#1279,.F.);
#1317=ADVANCED_FACE('',(#1210),#1280,.F.);
#1318=ADVANCED_FACE('',(#1211),#1281,.F.);
#1319=ADVANCED_FACE('',(#1212),#1282,.F.);
#1320=ADVANCED_FACE('',(#1213),#1283,.F.);
#1321=ADVANCED_FACE('',(#1214),#1284,.F.);
#1322=ADVANCED_FACE('',(#1215),#1285,.F.);
#1323=ADVANCED_FACE('',(#1216),#1286,.F.);
#1324=ADVANCED_FACE('',(#1217),#1287,.F.);
#1325=ADVANCED_FACE('',(#1218),#1288,.F.);
#1326=ADVANCED_FACE('',(#1219),#1289,.T.);
#1327=ADVANCED_FACE('',(#1220),#1290,.T.);
#1328=ADVANCED_FACE('',(#1221),#1291,.T.);
#1329=ADVANCED_FACE('',(#1222),#1292,.T.);
#1330=ADVANCED_FACE('',(#1223),#34,.F.);
#1331=ADVANCED_FACE('',(#1224),#1293,.T.);
#1332=ADVANCED_FACE('',(#1225),#35,.F.);
#1333=ADVANCED_FACE('',(#1226),#12,.T.);
#1334=ADVANCED_FACE('',(#1227),#13,.T.);
#1335=ADVANCED_FACE('',(#1228),#14,.T.);
#1336=ADVANCED_FACE('',(#1229),#15,.T.);
#1337=ADVANCED_FACE('',(#1230),#16,.T.);
#1338=ADVANCED_FACE('',(#1231),#36,.F.);
#1339=ADVANCED_FACE('',(#1232),#1294,.T.);
#1340=ADVANCED_FACE('',(#1233),#37,.T.);
#1341=ADVANCED_FACE('',(#1234),#38,.T.);
#1342=ADVANCED_FACE('',(#1235),#17,.T.);
#1343=ADVANCED_FACE('',(#1236),#18,.T.);
#1344=ADVANCED_FACE('',(#1237),#19,.T.);
#1345=ADVANCED_FACE('',(#1238),#20,.T.);
#1346=ADVANCED_FACE('',(#1239),#39,.T.);
#1347=ADVANCED_FACE('',(#1240),#1295,.T.);
#1348=ADVANCED_FACE('',(#1241),#40,.F.);
#1349=ADVANCED_FACE('',(#1242),#21,.T.);
#1350=ADVANCED_FACE('',(#1243),#41,.F.);
#1351=ADVANCED_FACE('',(#1244),#1296,.T.);
#1352=ADVANCED_FACE('',(#1245),#42,.T.);
#1353=ADVANCED_FACE('',(#1246),#43,.T.);
#1354=ADVANCED_FACE('',(#1247),#22,.T.);
#1355=ADVANCED_FACE('',(#1248),#23,.T.);
#1356=ADVANCED_FACE('',(#1249),#24,.T.);
#1357=ADVANCED_FACE('',(#1250),#25,.T.);
#1358=ADVANCED_FACE('',(#1251),#26,.T.);
#1359=ADVANCED_FACE('',(#1252),#44,.T.);
#1360=ADVANCED_FACE('',(#1253),#45,.T.);
#1361=ADVANCED_FACE('',(#1254),#46,.T.);
#1362=ADVANCED_FACE('',(#1255),#1297,.T.);
#1363=ADVANCED_FACE('',(#1256),#47,.F.);
#1364=ADVANCED_FACE('',(#1257),#27,.T.);
#1365=ADVANCED_FACE('',(#1258),#48,.F.);
#1366=ADVANCED_FACE('',(#1259),#28,.T.);
#1367=ADVANCED_FACE('',(#1260),#29,.T.);
#1368=ADVANCED_FACE('',(#1261),#30,.T.);
#1369=ADVANCED_FACE('',(#1262),#31,.T.);
#1370=ADVANCED_FACE('',(#1263),#1298,.T.);
#1371=CLOSED_SHELL('',(#1299,#1300,#1301,#1302,#1303,#1304,#1305,#1306,
#1307,#1308,#1309,#1310,#1311,#1312,#1313,#1314,#1315,#1316,#1317,#1318,
#1319,#1320,#1321,#1322,#1323,#1324,#1325,#1326,#1327,#1328,#1329,#1330,
#1331,#1332,#1333,#1334,#1335,#1336,#1337,#1338,#1339,#1340,#1341,#1342,
#1343,#1344,#1345,#1346,#1347,#1348,#1349,#1350,#1351,#1352,#1353,#1354,
#1355,#1356,#1357,#1358,#1359,#1360,#1361,#1362,#1363,#1364,#1365,#1366,
#1367,#1368,#1369,#1370));
#1372=STYLED_ITEM('',(#1373),#1380);
#1373=PRESENTATION_STYLE_ASSIGNMENT((#1374));
#1374=SURFACE_STYLE_USAGE(.BOTH.,#1375);
#1375=SURFACE_SIDE_STYLE('',(#1376));
#1376=SURFACE_STYLE_FILL_AREA(#1377);
#1377=FILL_AREA_STYLE('',(#1378));
#1378=FILL_AREA_STYLE_COLOUR('',#1379);
#1379=COLOUR_RGB('',0.764705882352941,0.545098039215686,0.803921568627451);
#1380=MANIFOLD_SOLID_BREP('Right Button',#1371);
#1381=SHAPE_DEFINITION_REPRESENTATION(#2405,#1382);
#1382=SHAPE_REPRESENTATION('Right Button',(#1383),#2400);
#1383=AXIS2_PLACEMENT_3D('',#1771,#1470,#1471);
#1384=AXIS2_PLACEMENT_3D('',#1772,#1472,#1473);
#1385=AXIS2_PLACEMENT_3D('',#1796,#1485,#1486);
#1386=AXIS2_PLACEMENT_3D('',#1802,#1489,#1490);
#1387=AXIS2_PLACEMENT_3D('',#1820,#1491,#1492);
#1388=AXIS2_PLACEMENT_3D('',#1822,#1493,#1494);
#1389=AXIS2_PLACEMENT_3D('',#1826,#1496,#1497);
#1390=AXIS2_PLACEMENT_3D('',#1848,#1498,#1499);
#1391=AXIS2_PLACEMENT_3D('',#1852,#1501,#1502);
#1392=AXIS2_PLACEMENT_3D('',#1862,#1505,#1506);
#1393=AXIS2_PLACEMENT_3D('',#1880,#1507,#1508);
#1394=AXIS2_PLACEMENT_3D('',#1886,#1509,#1510);
#1395=AXIS2_PLACEMENT_3D('',#1890,#1512,#1513);
#1396=AXIS2_PLACEMENT_3D('',#1892,#1514,#1515);
#1397=AXIS2_PLACEMENT_3D('',#1894,#1516,#1517);
#1398=AXIS2_PLACEMENT_3D('',#1916,#1518,#1519);
#1399=AXIS2_PLACEMENT_3D('',#1918,#1520,#1521);
#1400=AXIS2_PLACEMENT_3D('',#1922,#1523,#1524);
#1401=AXIS2_PLACEMENT_3D('',#1923,#1525,#1526);
#1402=AXIS2_PLACEMENT_3D('',#1932,#1531,#1532);
#1403=AXIS2_PLACEMENT_3D('',#1938,#1536,#1537);
#1404=AXIS2_PLACEMENT_3D('',#1944,#1541,#1542);
#1405=AXIS2_PLACEMENT_3D('',#1950,#1546,#1547);
#1406=AXIS2_PLACEMENT_3D('',#1956,#1551,#1552);
#1407=AXIS2_PLACEMENT_3D('',#1962,#1556,#1557);
#1408=AXIS2_PLACEMENT_3D('',#1968,#1561,#1562);
#1409=AXIS2_PLACEMENT_3D('',#1974,#1566,#1567);
#1410=AXIS2_PLACEMENT_3D('',#1980,#1571,#1572);
#1411=AXIS2_PLACEMENT_3D('',#1986,#1576,#1577);
#1412=AXIS2_PLACEMENT_3D('',#1992,#1581,#1582);
#1413=AXIS2_PLACEMENT_3D('',#1993,#1583,#1584);
#1414=AXIS2_PLACEMENT_3D('',#1994,#1585,#1586);
#1415=AXIS2_PLACEMENT_3D('',#1995,#1587,#1588);
#1416=AXIS2_PLACEMENT_3D('',#2001,#1591,#1592);
#1417=AXIS2_PLACEMENT_3D('',#2020,#1602,#1603);
#1418=AXIS2_PLACEMENT_3D('',#2021,#1604,#1605);
#1419=AXIS2_PLACEMENT_3D('',#2024,#1608,#1609);
#1420=AXIS2_PLACEMENT_3D('',#2026,#1611,#1612);
#1421=AXIS2_PLACEMENT_3D('',#2028,#1614,#1615);
#1422=AXIS2_PLACEMENT_3D('',#2030,#1617,#1618);
#1423=AXIS2_PLACEMENT_3D('',#2032,#1620,#1621);
#1424=AXIS2_PLACEMENT_3D('',#2034,#1623,#1624);
#1425=AXIS2_PLACEMENT_3D('',#2036,#1626,#1627);
#1426=AXIS2_PLACEMENT_3D('',#2038,#1629,#1630);
#1427=AXIS2_PLACEMENT_3D('',#2040,#1632,#1633);
#1428=AXIS2_PLACEMENT_3D('',#2042,#1635,#1636);
#1429=AXIS2_PLACEMENT_3D('',#2044,#1638,#1639);
#1430=AXIS2_PLACEMENT_3D('',#2045,#1640,#1641);
#1431=AXIS2_PLACEMENT_3D('',#2051,#1645,#1646);
#1432=AXIS2_PLACEMENT_3D('',#2055,#1649,#1650);
#1433=AXIS2_PLACEMENT_3D('',#2059,#1653,#1654);
#1434=AXIS2_PLACEMENT_3D('',#2063,#1657,#1658);
#1435=AXIS2_PLACEMENT_3D('',#2066,#1660,#1661);
#1436=AXIS2_PLACEMENT_3D('',#2067,#1662,#1663);
#1437=AXIS2_PLACEMENT_3D('',#2071,#1666,#1667);
#1438=AXIS2_PLACEMENT_3D('',#2074,#1669,#1670);
#1439=AXIS2_PLACEMENT_3D('',#2140,#1676,#1677);
#1440=AXIS2_PLACEMENT_3D('',#2143,#1679,#1680);
#1441=AXIS2_PLACEMENT_3D('',#2144,#1681,#1682);
#1442=AXIS2_PLACEMENT_3D('',#2148,#1685,#1686);
#1443=AXIS2_PLACEMENT_3D('',#2151,#1688,#1689);
#1444=AXIS2_PLACEMENT_3D('',#2152,#1690,#1691);
#1445=AXIS2_PLACEMENT_3D('',#2155,#1693,#1694);
#1446=AXIS2_PLACEMENT_3D('',#2208,#1699,#1700);
#1447=AXIS2_PLACEMENT_3D('',#2209,#1701,#1702);
#1448=AXIS2_PLACEMENT_3D('',#2210,#1703,#1704);
#1449=AXIS2_PLACEMENT_3D('',#2211,#1705,#1706);
#1450=AXIS2_PLACEMENT_3D('',#2214,#1708,#1709);
#1451=AXIS2_PLACEMENT_3D('',#2230,#1712,#1713);
#1452=AXIS2_PLACEMENT_3D('',#2233,#1715,#1716);
#1453=AXIS2_PLACEMENT_3D('',#2234,#1717,#1718);
#1454=AXIS2_PLACEMENT_3D('',#2238,#1721,#1722);
#1455=AXIS2_PLACEMENT_3D('',#2241,#1724,#1725);
#1456=AXIS2_PLACEMENT_3D('',#2242,#1726,#1727);
#1457=AXIS2_PLACEMENT_3D('',#2245,#1729,#1730);
#1458=AXIS2_PLACEMENT_3D('',#2311,#1736,#1737);
#1459=AXIS2_PLACEMENT_3D('',#2314,#1739,#1740);
#1460=AXIS2_PLACEMENT_3D('',#2315,#1741,#1742);
#1461=AXIS2_PLACEMENT_3D('',#2318,#1744,#1745);
#1462=AXIS2_PLACEMENT_3D('',#2319,#1746,#1747);
#1463=AXIS2_PLACEMENT_3D('',#2322,#1749,#1750);
#1464=AXIS2_PLACEMENT_3D('',#2323,#1751,#1752);
#1465=AXIS2_PLACEMENT_3D('',#2327,#1755,#1756);
#1466=AXIS2_PLACEMENT_3D('',#2330,#1758,#1759);
#1467=AXIS2_PLACEMENT_3D('',#2344,#1761,#1762);
#1468=AXIS2_PLACEMENT_3D('',#2347,#1764,#1765);
#1469=AXIS2_PLACEMENT_3D('',#2398,#1769,#1770);
#1470=DIRECTION('',(0.,0.,1.));
#1471=DIRECTION('',(1.,0.,0.));
#1472=DIRECTION('',(0.,0.,1.));
#1473=DIRECTION('',(1.,0.,0.));
#1474=DIRECTION('',(0.997487680356267,-0.0708401548380105,0.));
#1475=DIRECTION('',(1.,0.,0.));
#1476=DIRECTION('',(0.964303670743109,0.264798849301436,0.));
#1477=DIRECTION('',(0.780869143863546,0.624694629528551,0.));
#1478=DIRECTION('',(0.,1.,0.));
#1479=DIRECTION('',(-0.555843109100616,0.831287217552009,0.));
#1480=DIRECTION('',(-0.919515642895297,0.393053409183597,0.));
#1481=DIRECTION('',(-1.,0.,0.));
#1482=DIRECTION('',(-0.632456484911619,-0.774595891218924,0.));
#1483=DIRECTION('',(-0.386545673049952,-0.922270265511341,0.));
#1484=DIRECTION('',(0.,-1.,0.));
#1485=DIRECTION('',(0.,0.,-1.));
#1486=DIRECTION('',(1.,0.,0.));
#1487=DIRECTION('',(-1.,0.,0.));
#1488=DIRECTION('',(0.,1.,0.));
#1489=DIRECTION('',(0.,0.,1.));
#1490=DIRECTION('',(1.,0.,0.));
#1491=DIRECTION('',(0.,0.,1.));
#1492=DIRECTION('',(1.,0.,0.));
#1493=DIRECTION('',(0.,0.,1.));
#1494=DIRECTION('',(1.,0.,0.));
#1495=DIRECTION('',(-0.707106781186548,0.707106781186548,0.));
#1496=DIRECTION('',(0.,0.,1.));
#1497=DIRECTION('',(1.,0.,0.));
#1498=DIRECTION('',(0.,0.,1.));
#1499=DIRECTION('',(1.,0.,0.));
#1500=DIRECTION('',(0.997288307156961,0.0735936981541353,0.));
#1501=DIRECTION('',(0.,0.,1.));
#1502=DIRECTION('',(1.,0.,0.));
#1503=DIRECTION('',(1.,0.,0.));
#1504=DIRECTION('',(0.,-1.,0.));
#1505=DIRECTION('',(0.,0.,1.));
#1506=DIRECTION('',(1.,0.,0.));
#1507=DIRECTION('',(0.,0.,1.));
#1508=DIRECTION('',(1.,0.,0.));
#1509=DIRECTION('',(0.,0.,1.));
#1510=DIRECTION('',(1.,0.,0.));
#1511=DIRECTION('',(-0.63974731022606,-0.768585310202141,0.));
#1512=DIRECTION('',(0.,0.,1.));
#1513=DIRECTION('',(1.,0.,0.));
#1514=DIRECTION('',(0.,0.,1.));
#1515=DIRECTION('',(1.,0.,0.));
#1516=DIRECTION('',(0.,0.,1.));
#1517=DIRECTION('',(1.,0.,0.));
#1518=DIRECTION('',(0.,0.,1.));
#1519=DIRECTION('',(1.,0.,0.));
#1520=DIRECTION('',(0.,0.,1.));
#1521=DIRECTION('',(1.,0.,0.));
#1522=DIRECTION('',(0.663107221863537,-0.74852442332393,0.));
#1523=DIRECTION('',(0.,0.,1.));
#1524=DIRECTION('',(1.,0.,0.));
#1525=DIRECTION('',(0.0708401548380104,0.997487680356267,0.));
#1526=DIRECTION('',(-0.997487680356267,0.0708401548380104,0.));
#1527=DIRECTION('',(0.997487680356267,-0.0708401548380104,0.));
#1528=DIRECTION('',(0.,0.,-1.));
#1529=DIRECTION('',(0.997487680356267,-0.0708401548380104,0.));
#1530=DIRECTION('',(0.,0.,-1.));
#1531=DIRECTION('',(0.,1.,0.));
#1532=DIRECTION('',(0.,0.,1.));
#1533=DIRECTION('',(1.,0.,0.));
#1534=DIRECTION('',(0.,0.,-1.));
#1535=DIRECTION('',(1.,0.,0.));
#1536=DIRECTION('',(-0.264798849301421,0.964303670743114,0.));
#1537=DIRECTION('',(-0.964303670743114,-0.264798849301421,0.));
#1538=DIRECTION('',(0.964303670743114,0.264798849301421,0.));
#1539=DIRECTION('',(0.,0.,-1.));
#1540=DIRECTION('',(0.964303670743114,0.264798849301421,0.));
#1541=DIRECTION('',(-0.624694629528557,0.780869143863541,0.));
#1542=DIRECTION('',(-0.780869143863541,-0.624694629528557,0.));
#1543=DIRECTION('',(0.780869143863541,0.624694629528557,0.));
#1544=DIRECTION('',(0.,0.,-1.));
#1545=DIRECTION('',(0.780869143863541,0.624694629528557,0.));
#1546=DIRECTION('',(-1.,0.,0.));
#1547=DIRECTION('',(0.,0.,1.));
#1548=DIRECTION('',(0.,1.,0.));
#1549=DIRECTION('',(0.,0.,-1.));
#1550=DIRECTION('',(0.,1.,0.));
#1551=DIRECTION('',(-0.831287217552014,-0.555843109100608,0.));
#1552=DIRECTION('',(0.555843109100608,-0.831287217552014,0.));
#1553=DIRECTION('',(-0.555843109100608,0.831287217552014,0.));
#1554=DIRECTION('',(0.,0.,-1.));
#1555=DIRECTION('',(-0.555843109100608,0.831287217552014,0.));
#1556=DIRECTION('',(-0.393053409183591,-0.9195156428953,0.));
#1557=DIRECTION('',(0.9195156428953,-0.393053409183591,0.));
#1558=DIRECTION('',(-0.9195156428953,0.393053409183591,0.));
#1559=DIRECTION('',(0.,0.,-1.));
#1560=DIRECTION('',(-0.9195156428953,0.393053409183591,0.));
#1561=DIRECTION('',(0.,-1.,0.));
#1562=DIRECTION('',(0.,0.,-1.));
#1563=DIRECTION('',(-1.,0.,0.));
#1564=DIRECTION('',(0.,0.,-1.));
#1565=DIRECTION('',(-1.,0.,0.));
#1566=DIRECTION('',(0.774595891218952,-0.632456484911585,0.));
#1567=DIRECTION('',(0.632456484911585,0.774595891218952,0.));
#1568=DIRECTION('',(-0.632456484911585,-0.774595891218952,0.));
#1569=DIRECTION('',(0.,0.,-1.));
#1570=DIRECTION('',(-0.632456484911585,-0.774595891218952,0.));
#1571=DIRECTION('',(0.922270265511388,-0.38654567304984,0.));
#1572=DIRECTION('',(0.386545673049841,0.922270265511388,0.));
#1573=DIRECTION('',(-0.386545673049841,-0.922270265511388,0.));
#1574=DIRECTION('',(0.,0.,-1.));
#1575=DIRECTION('',(-0.386545673049841,-0.922270265511388,0.));
#1576=DIRECTION('',(1.,0.,0.));
#1577=DIRECTION('',(0.,0.,-1.));
#1578=DIRECTION('',(0.,-1.,0.));
#1579=DIRECTION('',(0.,0.,-1.));
#1580=DIRECTION('',(0.,-1.,0.));
#1581=DIRECTION('',(0.,0.,-1.));
#1582=DIRECTION('',(-1.,0.,0.));
#1583=DIRECTION('',(0.,0.,-1.));
#1584=DIRECTION('',(1.,0.,0.));
#1585=DIRECTION('',(0.,0.,-1.));
#1586=DIRECTION('',(1.,0.,0.));
#1587=DIRECTION('',(0.,0.,1.));
#1588=DIRECTION('',(1.,0.,0.));
#1589=DIRECTION('',(1.,0.,0.));
#1590=DIRECTION('',(0.997487680356267,-0.0708401548380105,0.));
#1591=DIRECTION('',(0.,0.,-1.));
#1592=DIRECTION('',(1.,0.,0.));
#1593=DIRECTION('',(0.,-1.,0.));
#1594=DIRECTION('',(-0.386545673049952,-0.922270265511341,0.));
#1595=DIRECTION('',(-0.632456484911619,-0.774595891218924,0.));
#1596=DIRECTION('',(-1.,0.,0.));
#1597=DIRECTION('',(-0.919515642895297,0.393053409183597,0.));
#1598=DIRECTION('',(-0.555843109100616,0.831287217552009,0.));
#1599=DIRECTION('',(0.,1.,0.));
#1600=DIRECTION('',(0.780869143863546,0.624694629528551,0.));
#1601=DIRECTION('',(0.964303670743109,0.264798849301436,0.));
#1602=DIRECTION('',(0.,0.,1.));
#1603=DIRECTION('',(1.,0.,0.));
#1604=DIRECTION('',(0.,0.,-1.));
#1605=DIRECTION('',(-1.,0.,0.));
#1606=DIRECTION('',(0.,0.,-1.));
#1607=DIRECTION('',(0.,0.,-1.));
#1608=DIRECTION('',(1.,0.,0.));
#1609=DIRECTION('',(0.,0.,-1.));
#1610=DIRECTION('',(0.,0.,-1.));
#1611=DIRECTION('',(0.922270265511341,-0.386545673049952,0.));
#1612=DIRECTION('',(0.386545673049952,0.922270265511341,0.));
#1613=DIRECTION('',(0.,0.,-1.));
#1614=DIRECTION('',(0.774595891218924,-0.632456484911619,0.));
#1615=DIRECTION('',(0.632456484911619,0.774595891218924,0.));
#1616=DIRECTION('',(0.,0.,-1.));
#1617=DIRECTION('',(0.,-1.,0.));
#1618=DIRECTION('',(0.,0.,-1.));
#1619=DIRECTION('',(0.,0.,-1.));
#1620=DIRECTION('',(-0.393053409183597,-0.919515642895297,0.));
#1621=DIRECTION('',(0.919515642895297,-0.393053409183597,0.));
#1622=DIRECTION('',(0.,0.,-1.));
#1623=DIRECTION('',(-0.831287217552009,-0.555843109100616,0.));
#1624=DIRECTION('',(0.555843109100616,-0.831287217552009,0.));
#1625=DIRECTION('',(0.,0.,-1.));
#1626=DIRECTION('',(-1.,0.,0.));
#1627=DIRECTION('',(0.,0.,1.));
#1628=DIRECTION('',(0.,0.,-1.));
#1629=DIRECTION('',(-0.624694629528551,0.780869143863546,0.));
#1630=DIRECTION('',(-0.780869143863546,-0.624694629528551,0.));
#1631=DIRECTION('',(0.,0.,-1.));
#1632=DIRECTION('',(-0.264798849301436,0.964303670743109,0.));
#1633=DIRECTION('',(-0.964303670743109,-0.264798849301436,0.));
#1634=DIRECTION('',(0.,0.,-1.));
#1635=DIRECTION('',(0.,1.,0.));
#1636=DIRECTION('',(0.,0.,1.));
#1637=DIRECTION('',(0.,0.,-1.));
#1638=DIRECTION('',(0.0708401548380105,0.997487680356267,0.));
#1639=DIRECTION('',(-0.997487680356267,0.0708401548380105,0.));
#1640=DIRECTION('',(1.,0.,0.));
#1641=DIRECTION('',(0.,0.,-1.));
#1642=DIRECTION('',(0.,0.,1.));
#1643=DIRECTION('',(0.,1.,0.));
#1644=DIRECTION('',(0.,0.,1.));
#1645=DIRECTION('',(0.,1.,0.));
#1646=DIRECTION('',(0.,0.,1.));
#1647=DIRECTION('',(0.,0.,1.));
#1648=DIRECTION('',(-1.,0.,0.));
#1649=DIRECTION('',(-1.,0.,0.));
#1650=DIRECTION('',(0.,0.,1.));
#1651=DIRECTION('',(0.,0.,1.));
#1652=DIRECTION('',(0.,-1.,0.));
#1653=DIRECTION('',(0.,-1.,0.));
#1654=DIRECTION('',(0.,0.,-1.));
#1655=DIRECTION('',(0.,0.,1.));
#1656=DIRECTION('',(1.,0.,0.));
#1657=DIRECTION('',(0.,0.,1.));
#1658=DIRECTION('',(-0.0361226682472335,0.999347363452118,0.));
#1659=DIRECTION('',(0.,0.,1.));
#1660=DIRECTION('',(0.,0.,1.));
#1661=DIRECTION('',(1.,0.,0.));
#1662=DIRECTION('',(0.0735936981541353,-0.997288307156962,1.79922520784407E-27));
#1663=DIRECTION('',(-0.997288307156962,-0.0735936981541353,-2.13808469009388E-15));
#1664=DIRECTION('',(0.,0.,1.));
#1665=DIRECTION('',(-0.997288307156962,-0.0735936981541353,-2.13808469009388E-15));
#1666=DIRECTION('',(0.,0.,1.));
#1667=DIRECTION('',(0.73746702321095,-0.675383142872533,0.));
#1668=DIRECTION('',(0.,0.,1.));
#1669=DIRECTION('',(0.,0.,1.));
#1670=DIRECTION('',(1.,0.,0.));
#1671=DIRECTION('',(0.,0.,1.));
#1672=DIRECTION('',(0.,0.,1.));
#1673=DIRECTION('',(0.,0.,1.));
#1674=DIRECTION('',(0.,0.,1.));
#1675=DIRECTION('',(0.,0.,1.));
#1676=DIRECTION('',(0.,0.,1.));
#1677=DIRECTION('',(-0.63379156467096,0.773503880114338,0.));
#1678=DIRECTION('',(0.,0.,1.));
#1679=DIRECTION('',(0.,0.,1.));
#1680=DIRECTION('',(1.,0.,0.));
#1681=DIRECTION('',(0.707106781186548,0.707106781186548,0.));
#1682=DIRECTION('',(-0.707106781186548,0.707106781186548,0.));
#1683=DIRECTION('',(0.,0.,1.));
#1684=DIRECTION('',(-0.707106781186548,0.707106781186548,0.));
#1685=DIRECTION('',(0.,0.,1.));
#1686=DIRECTION('',(-0.659548525720397,0.751661986680217,0.));
#1687=DIRECTION('',(0.,0.,1.));
#1688=DIRECTION('',(0.,0.,1.));
#1689=DIRECTION('',(1.,0.,0.));
#1690=DIRECTION('',(0.,0.,1.));
#1691=DIRECTION('',(-0.289647104372618,0.957133509458611,0.));
#1692=DIRECTION('',(0.,0.,1.));
#1693=DIRECTION('',(0.,0.,1.));
#1694=DIRECTION('',(1.,0.,0.));
#1695=DIRECTION('',(0.,0.,1.));
#1696=DIRECTION('',(0.,0.,1.));
#1697=DIRECTION('',(0.,0.,1.));
#1698=DIRECTION('',(0.,0.,1.));
#1699=DIRECTION('',(0.,0.,1.));
#1700=DIRECTION('',(0.719364684158654,-0.694632601585414,0.));
#1701=DIRECTION('',(0.,0.,1.));
#1702=DIRECTION('',(1.,0.,0.));
#1703=DIRECTION('',(0.,0.,1.));
#1704=DIRECTION('',(1.,0.,0.));
#1705=DIRECTION('',(0.,0.,1.));
#1706=DIRECTION('',(-0.270390133810801,-0.962750837723747,0.));
#1707=DIRECTION('',(0.,0.,1.));
#1708=DIRECTION('',(0.,0.,1.));
#1709=DIRECTION('',(1.,0.,0.));
#1710=DIRECTION('',(0.,0.,1.));
#1711=DIRECTION('',(0.,0.,1.));
#1712=DIRECTION('',(0.,0.,1.));
#1713=DIRECTION('',(0.620248811797335,-0.78440513222696,0.));
#1714=DIRECTION('',(0.,0.,1.));
#1715=DIRECTION('',(0.,0.,1.));
#1716=DIRECTION('',(1.,0.,0.));
#1717=DIRECTION('',(-0.74852442332393,-0.663107221863537,0.));
#1718=DIRECTION('',(0.663107221863537,-0.74852442332393,0.));
#1719=DIRECTION('',(0.,0.,1.));
#1720=DIRECTION('',(0.663107221863537,-0.74852442332393,0.));
#1721=DIRECTION('',(0.,0.,1.));
#1722=DIRECTION('',(0.620489097212292,-0.784215072694139,0.));
#1723=DIRECTION('',(0.,0.,1.));
#1724=DIRECTION('',(0.,0.,1.));
#1725=DIRECTION('',(1.,0.,0.));
#1726=DIRECTION('',(0.,0.,1.));
#1727=DIRECTION('',(0.236160803736502,-0.971713988156253,0.));
#1728=DIRECTION('',(0.,0.,1.));
#1729=DIRECTION('',(0.,0.,1.));
#1730=DIRECTION('',(1.,0.,0.));
#1731=DIRECTION('',(0.,0.,1.));
#1732=DIRECTION('',(0.,0.,1.));
#1733=DIRECTION('',(0.,0.,1.));
#1734=DIRECTION('',(0.,0.,1.));
#1735=DIRECTION('',(0.,0.,1.));
#1736=DIRECTION('',(0.,0.,1.));
#1737=DIRECTION('',(-0.291677428638739,0.956516741945844,0.));
#1738=DIRECTION('',(0.,0.,1.));
#1739=DIRECTION('',(0.,0.,1.));
#1740=DIRECTION('',(1.,0.,0.));
#1741=DIRECTION('',(0.,0.,1.));
#1742=DIRECTION('',(0.226489325599418,0.974013647434943,0.));
#1743=DIRECTION('',(0.,0.,1.));
#1744=DIRECTION('',(0.,0.,1.));
#1745=DIRECTION('',(1.,0.,0.));
#1746=DIRECTION('',(0.,0.,1.));
#1747=DIRECTION('',(0.60594527692694,0.795506330188474,0.));
#1748=DIRECTION('',(0.,0.,1.));
#1749=DIRECTION('',(0.,0.,1.));
#1750=DIRECTION('',(1.,0.,0.));
#1751=DIRECTION('',(-0.768585310202141,0.63974731022606,0.));
#1752=DIRECTION('',(-0.63974731022606,-0.768585310202141,0.));
#1753=DIRECTION('',(0.,0.,1.));
#1754=DIRECTION('',(-0.63974731022606,-0.768585310202141,0.));
#1755=DIRECTION('',(0.,0.,1.));
#1756=DIRECTION('',(0.611778347377774,0.79102923693105,0.));
#1757=DIRECTION('',(0.,0.,1.));
#1758=DIRECTION('',(0.,0.,1.));
#1759=DIRECTION('',(1.,0.,0.));
#1760=DIRECTION('',(0.,0.,1.));
#1761=DIRECTION('',(0.,0.,1.));
#1762=DIRECTION('',(-0.26857185395188,0.963259653086773,0.));
#1763=DIRECTION('',(0.,0.,1.));
#1764=DIRECTION('',(0.,0.,1.));
#1765=DIRECTION('',(1.,0.,0.));
#1766=DIRECTION('',(0.,0.,1.));
#1767=DIRECTION('',(0.,0.,1.));
#1768=DIRECTION('',(0.,0.,1.));
#1769=DIRECTION('',(0.,0.,1.));
#1770=DIRECTION('',(1.,0.,0.));
#1771=CARTESIAN_POINT('',(0.,0.,0.));
#1772=CARTESIAN_POINT('',(0.0122991831891624,-0.00513643309368744,0.0144));
#1773=CARTESIAN_POINT('',(0.0171191131819327,-0.00955023377101288,0.0144));
#1774=CARTESIAN_POINT('',(0.0168128458433685,-0.00952848310069086,0.0144));
#1775=CARTESIAN_POINT('',(0.0174253805204968,-0.0095719844413349,0.0144));
#1776=CARTESIAN_POINT('',(0.024551376075162,-0.0095719844413349,0.0144));
#1777=CARTESIAN_POINT('',(0.0316773716298271,-0.00957198444133491,0.0144));
#1778=CARTESIAN_POINT('',(0.0318028203413541,-0.0095375360870804,0.0144));
#1779=CARTESIAN_POINT('',(0.031928269052881,-0.00950308773282589,0.0144));
#1780=CARTESIAN_POINT('',(0.0320270527148767,-0.0094240608899563,0.0144));
#1781=CARTESIAN_POINT('',(0.0321258363768723,-0.0093450340470867,0.0144));
#1782=CARTESIAN_POINT('',(0.0321258363768723,-0.00496525889992842,0.0144));
#1783=CARTESIAN_POINT('',(0.0321258363768723,-0.000585483752770143,0.0144));
#1784=CARTESIAN_POINT('',(0.0320595995820728,-0.00048642378432413,0.0144));
#1785=CARTESIAN_POINT('',(0.0319933627872733,-0.000387363815878117,0.0144));
#1786=CARTESIAN_POINT('',(0.031936041516743,-0.000362861436854188,0.0144));
#1787=CARTESIAN_POINT('',(0.0318787202462128,-0.000338359057830258,0.0144));
#1788=CARTESIAN_POINT('',(0.0253535807256981,-0.000338359057830258,0.0144));
#1789=CARTESIAN_POINT('',(0.0188284412051836,-0.000338359057830258,0.0144));
#1790=CARTESIAN_POINT('',(0.0188084350462495,-0.000362861436854188,0.0144));
#1791=CARTESIAN_POINT('',(0.0187884288873153,-0.000387363815878117,0.0144));
#1792=CARTESIAN_POINT('',(0.0187823814212911,-0.000401792636285963,0.0144));
#1793=CARTESIAN_POINT('',(0.0187763339552669,-0.000416221456693809,0.0144));
#1794=CARTESIAN_POINT('',(0.0187763339552669,-0.000443010620535054,0.0144));
#1795=CARTESIAN_POINT('',(0.0187763339552669,-0.000469799784376297,0.0144));
#1796=CARTESIAN_POINT('',(-0.00310182982637689,-0.000469799784376345,0.0144));
#1797=CARTESIAN_POINT('',(0.026719171764954,-0.0068270699121058,0.0144));
#1798=CARTESIAN_POINT('',(0.0277861103214592,-0.0068270699121058,0.0144));
#1799=CARTESIAN_POINT('',(0.0256522332084488,-0.0068270699121058,0.0144));
#1800=CARTESIAN_POINT('',(0.0256522332084488,-0.0067000245170574,0.0144));
#1801=CARTESIAN_POINT('',(0.0256522332084488,-0.0065725703153765,0.0144));
#1802=CARTESIAN_POINT('',(0.00315090752516435,0.0160648798748241,0.0144));
#1803=CARTESIAN_POINT('',(0.0264962354188659,-0.00570065468976585,0.0144));
#1804=CARTESIAN_POINT('',(0.0264962354188659,-0.00570065468976585,0.0144));
#1805=CARTESIAN_POINT('',(0.0268433849378198,-0.00532518294898586,0.0144));
#1806=CARTESIAN_POINT('',(0.0270246471575067,-0.00502213517544684,0.0144));
#1807=CARTESIAN_POINT('',(0.0270246471575067,-0.00502213517544684,0.0144));
#1808=CARTESIAN_POINT('',(0.0270246471575067,-0.00502213517544684,0.0144));
#1809=CARTESIAN_POINT('',(0.0272059093771936,-0.00471908740190783,0.0144));
#1810=CARTESIAN_POINT('',(0.0272059093771936,-0.00445528613575638,0.0144));
#1811=CARTESIAN_POINT('',(0.0272059093771936,-0.00445528613575638,0.0144));
#1812=CARTESIAN_POINT('',(0.0272059093771936,-0.00445528613575638,0.0144));
#1813=CARTESIAN_POINT('',(0.0272059093771936,-0.00417044550481983,0.0144));
#1814=CARTESIAN_POINT('',(0.0270505417603191,-0.00398918328513295,0.0144));
#1815=CARTESIAN_POINT('',(0.0270505417603191,-0.00398918328513295,0.0144));
#1816=CARTESIAN_POINT('',(0.0270505417603191,-0.00398918328513295,0.0144));
#1817=CARTESIAN_POINT('',(0.0268951741434446,-0.00380792106544605,0.0144));
#1818=CARTESIAN_POINT('',(0.0265795836716683,-0.00380792106544605,0.0144));
#1819=CARTESIAN_POINT('',(0.026579583677227,-0.00380791927584788,0.0144));
#1820=CARTESIAN_POINT('',(0.0265774675405781,-0.00448920260292923,0.0144));
#1821=CARTESIAN_POINT('',(0.0261960557686012,-0.00392449899510174,0.0144));
#1822=CARTESIAN_POINT('',(0.0270739699373095,-0.00524593124871524,0.0144));
#1823=CARTESIAN_POINT('',(0.0258748439882554,-0.00420693882691223,0.0144));
#1824=CARTESIAN_POINT('',(0.0257529793975158,-0.00408507423617266,0.0144));
#1825=CARTESIAN_POINT('',(0.0256315298428557,-0.00396362469152447,0.0144));
#1826=CARTESIAN_POINT('',(0.0270336268636455,-0.00520784815745029,0.0144));
#1827=CARTESIAN_POINT('',(0.0260742343136573,-0.00359793202076414,0.0144));
#1828=CARTESIAN_POINT('',(0.0260742343136573,-0.00359793202076414,0.0144));
#1829=CARTESIAN_POINT('',(0.0263101179611516,-0.00346077154649215,0.0144));
#1830=CARTESIAN_POINT('',(0.0266313728772932,-0.00346077154649215,0.0144));
#1831=CARTESIAN_POINT('',(0.0266313728772932,-0.00346077154649215,0.0144));
#1832=CARTESIAN_POINT('',(0.0266313728772932,-0.00346077154649215,0.0144));
#1833=CARTESIAN_POINT('',(0.0270918112835514,-0.00346077154649215,0.0144));
#1834=CARTESIAN_POINT('',(0.0273560171528718,-0.00372740503482621,0.0144));
#1835=CARTESIAN_POINT('',(0.0273560171528718,-0.00372740503482621,0.0144));
#1836=CARTESIAN_POINT('',(0.0273560171528718,-0.00372740503482621,0.0144));
#1837=CARTESIAN_POINT('',(0.0276202230221922,-0.00399403852316027,0.0144));
#1838=CARTESIAN_POINT('',(0.0276202230221922,-0.00443424677097128,0.0144));
#1839=CARTESIAN_POINT('',(0.0276202230221922,-0.00443424677097128,0.0144));
#1840=CARTESIAN_POINT('',(0.0276202230221922,-0.00443424677097128,0.0144));
#1841=CARTESIAN_POINT('',(0.0276202230221922,-0.00474498200472024,0.0144));
#1842=CARTESIAN_POINT('',(0.0274466482627152,-0.00506340469867913,0.0144));
#1843=CARTESIAN_POINT('',(0.0274466482627152,-0.00506340469867913,0.0144));
#1844=CARTESIAN_POINT('',(0.0274466482627152,-0.00506340469867913,0.0144));
#1845=CARTESIAN_POINT('',(0.0272730735032383,-0.00538182739263802,0.0144));
#1846=CARTESIAN_POINT('',(0.0269700257296993,-0.00573140453060559,0.0144));
#1847=CARTESIAN_POINT('',(0.0269700257296993,-0.00573140453060559,0.0144));
#1848=CARTESIAN_POINT('',(0.0115703402857158,0.0077091130690623,0.0144));
#1849=CARTESIAN_POINT('',(0.0262735811916727,-0.006490256227658,0.0144));
#1850=CARTESIAN_POINT('',(0.0124742316590126,-0.00750856272633247,0.0144));
#1851=CARTESIAN_POINT('',(0.0265532791554051,-0.00646973424237558,0.0144));
#1852=CARTESIAN_POINT('',(0.0268379914891221,-0.0104294170540288,0.0144));
#1853=CARTESIAN_POINT('',(0.02682800995657,-0.00645966604207367,0.0144));
#1854=CARTESIAN_POINT('',(0.0273070601694295,-0.00645969023470469,0.0144));
#1855=CARTESIAN_POINT('',(0.0277861103214592,-0.00645969023470469,0.0144));
#1856=CARTESIAN_POINT('',(0.0277861103214592,-0.00664338007340525,0.0144));
#1857=CARTESIAN_POINT('',(0.0248240105216205,-0.0067599057860611,0.0144));
#1858=CARTESIAN_POINT('',(0.0245703243346927,-0.00688937880012317,0.0144));
#1859=CARTESIAN_POINT('',(0.0242385497361586,-0.00688937880012317,0.0144));
#1860=CARTESIAN_POINT('',(0.0248240105216205,-0.0067599057860611,0.0144));
#1861=CARTESIAN_POINT('',(0.0242385497361586,-0.00688937880012317,0.0144));
#1862=CARTESIAN_POINT('',(0.0242133621215067,-0.00549493883424979,0.0144));
#1863=CARTESIAN_POINT('',(0.0234799187943888,-0.00667938975544126,0.0144));
#1864=CARTESIAN_POINT('',(0.0234799187943888,-0.00667938975544126,0.0144));
#1865=CARTESIAN_POINT('',(0.02314612118001,-0.00646940071075935,0.0144));
#1866=CARTESIAN_POINT('',(0.0229519116589169,-0.00607612643054583,0.0144));
#1867=CARTESIAN_POINT('',(0.0229519116589169,-0.00607612643054583,0.0144));
#1868=CARTESIAN_POINT('',(0.0229519116589169,-0.00607612643054583,0.0144));
#1869=CARTESIAN_POINT('',(0.0227577021378238,-0.00568285215033231,0.0144));
#1870=CARTESIAN_POINT('',(0.0227577021378238,-0.0051285458088791,0.0144));
#1871=CARTESIAN_POINT('',(0.0227577021378238,-0.0051285458088791,0.0144));
#1872=CARTESIAN_POINT('',(0.0227577021378238,-0.0051285458088791,0.0144));
#1873=CARTESIAN_POINT('',(0.0227577021378238,-0.00457909470545322,0.0144));
#1874=CARTESIAN_POINT('',(0.0229543392779306,-0.00418582042523971,0.0144));
#1875=CARTESIAN_POINT('',(0.0229543392779306,-0.00418582042523971,0.0144));
#1876=CARTESIAN_POINT('',(0.0229543392779306,-0.00418582042523971,0.0144));
#1877=CARTESIAN_POINT('',(0.0231509764180373,-0.00379254614502619,0.0144));
#1878=CARTESIAN_POINT('',(0.0234928660957949,-0.00358012948133061,0.0144));
#1879=CARTESIAN_POINT('',(0.0234928660957949,-0.00358012948133061,0.0144));
#1880=CARTESIAN_POINT('',(0.0242410356535691,-0.00479925530207965,0.0144));
#1881=CARTESIAN_POINT('',(0.024264444338971,-0.00336771281763504,0.0144));
#1882=CARTESIAN_POINT('',(0.024264444338971,-0.00336771281763504,0.0144));
#1883=CARTESIAN_POINT('',(0.02457517957272,-0.00336771281763504,0.0144));
#1884=CARTESIAN_POINT('',(0.024813490839228,-0.0034943536095145,0.0144));
#1885=CARTESIAN_POINT('',(0.024813490839228,-0.0034943536095145,0.0144));
#1886=CARTESIAN_POINT('',(0.0242119255818166,-0.00468655412973423,0.0144));
#1887=CARTESIAN_POINT('',(0.0251971510937022,-0.00378627974057219,0.0144));
#1888=CARTESIAN_POINT('',(0.025080124327562,-0.00392687439711557,0.0144));
#1889=CARTESIAN_POINT('',(0.0249635986149062,-0.00406686709357018,0.0144));
#1890=CARTESIAN_POINT('',(0.0241513171221152,-0.00481413691083021,0.0144));
#1891=CARTESIAN_POINT('',(0.0246582249517119,-0.00383360837740203,0.0144));
#1892=CARTESIAN_POINT('',(0.0242863569192552,-0.00458126778567968,0.0144));
#1893=CARTESIAN_POINT('',(0.0242700949715439,-0.00374607051629997,0.0144));
#1894=CARTESIAN_POINT('',(0.0242477089046758,-0.00470173528536898,0.0144));
#1895=CARTESIAN_POINT('',(0.0237081149816732,-0.00391392709570937,0.0144));
#1896=CARTESIAN_POINT('',(0.0237081149816732,-0.00391392709570937,0.0144));
#1897=CARTESIAN_POINT('',(0.0234673760961515,-0.00408224201399005,0.0144));
#1898=CARTESIAN_POINT('',(0.0233350708599068,-0.00438771740654274,0.0144));
#1899=CARTESIAN_POINT('',(0.0233350708599068,-0.00438771740654274,0.0144));
#1900=CARTESIAN_POINT('',(0.0233350708599068,-0.00438771740654274,0.0144));
#1901=CARTESIAN_POINT('',(0.0232027656236621,-0.00469319279909541,0.0144));
#1902=CARTESIAN_POINT('',(0.0232027656236621,-0.00511802612648656,0.0144));
#1903=CARTESIAN_POINT('',(0.0232027656236621,-0.00511802612648656,0.0144));
#1904=CARTESIAN_POINT('',(0.0232027656236621,-0.00511802612648656,0.0144));
#1905=CARTESIAN_POINT('',(0.0232027656236621,-0.00554285945387771,0.0144));
#1906=CARTESIAN_POINT('',(0.0233322386377242,-0.00585602230664032,0.0144));
#1907=CARTESIAN_POINT('',(0.0233322386377242,-0.00585602230664032,0.0144));
#1908=CARTESIAN_POINT('',(0.0233322386377242,-0.00585602230664032,0.0144));
#1909=CARTESIAN_POINT('',(0.0234617116517862,-0.00616918515940294,0.0144));
#1910=CARTESIAN_POINT('',(0.0236975952992806,-0.00634033229986623,0.0144));
#1911=CARTESIAN_POINT('',(0.0236975952992806,-0.00634033229986623,0.0144));
#1912=CARTESIAN_POINT('',(0.0236975952992806,-0.00634033229986623,0.0144));
#1913=CARTESIAN_POINT('',(0.0239334789467749,-0.00651147944032952,0.0144));
#1914=CARTESIAN_POINT('',(0.0242539246565785,-0.00651147944032952,0.0144));
#1915=CARTESIAN_POINT('',(0.0242539246565785,-0.00651147944032952,0.0144));
#1916=CARTESIAN_POINT('',(0.0242715647907701,-0.00560923613713897,0.0144));
#1917=CARTESIAN_POINT('',(0.0246893953291419,-0.0064081198303907,0.0144));
#1918=CARTESIAN_POINT('',(0.0240483766337789,-0.00524368742786232,0.0144));
#1919=CARTESIAN_POINT('',(0.0250412824233434,-0.00612791563617066,0.0144));
#1920=CARTESIAN_POINT('',(0.0251606403581819,-0.00626264849142899,0.0144));
#1921=CARTESIAN_POINT('',(0.0252797091634014,-0.00639705496309189,0.0144));
#1922=CARTESIAN_POINT('',(0.0241254428722798,-0.00541650492210045,0.0144));
#1923=CARTESIAN_POINT('',(0.0164839585893688,-0.00987921348467034,0.0119));
#1924=CARTESIAN_POINT('',(0.0164839585893688,-0.00987921348467034,0.0104));
#1925=CARTESIAN_POINT('',(0.0161550713353691,-0.00985585638016027,0.0104));
#1926=CARTESIAN_POINT('',(0.0168128458433685,-0.00990257058918041,0.0104));
#1927=CARTESIAN_POINT('',(0.0168128458433685,-0.00990257058918041,0.0119));
#1928=CARTESIAN_POINT('',(0.0168128458433685,-0.00990257058918041,0.0119));
#1929=CARTESIAN_POINT('',(0.0164839585893688,-0.00987921348467034,0.0119));
#1930=CARTESIAN_POINT('',(0.0161550713353691,-0.00985585638016027,0.0119));
#1931=CARTESIAN_POINT('',(0.0161550713353691,-0.00985585638016027,0.0119));
#1932=CARTESIAN_POINT('',(0.0244651443906961,-0.00990257058918041,0.0119));
#1933=CARTESIAN_POINT('',(0.0244651443906961,-0.00990257058918041,0.0104));
#1934=CARTESIAN_POINT('',(0.0321174429380236,-0.00990257058918041,0.0104));
#1935=CARTESIAN_POINT('',(0.0321174429380236,-0.00990257058918041,0.0119));
#1936=CARTESIAN_POINT('',(0.0321174429380236,-0.00990257058918041,0.0119));
#1937=CARTESIAN_POINT('',(0.0244651443906961,-0.00990257058918041,0.0119));
#1938=CARTESIAN_POINT('',(0.0322521568857966,-0.00986557799085539,0.0119));
#1939=CARTESIAN_POINT('',(0.0322521568857966,-0.00986557799085539,0.0104));
#1940=CARTESIAN_POINT('',(0.0323868708335696,-0.00982858539253038,0.0104));
#1941=CARTESIAN_POINT('',(0.0323868708335696,-0.00982858539253038,0.0119));
#1942=CARTESIAN_POINT('',(0.0323868708335696,-0.00982858539253038,0.0119));
#1943=CARTESIAN_POINT('',(0.0322521568857966,-0.00986557799085539,0.0119));
#1944=CARTESIAN_POINT('',(0.0324929503374634,-0.00974372188254756,0.0119));
#1945=CARTESIAN_POINT('',(0.0324929503374634,-0.00974372188254756,0.0104));
#1946=CARTESIAN_POINT('',(0.0325990298413572,-0.00965885837256473,0.0104));
#1947=CARTESIAN_POINT('',(0.0325990298413572,-0.00965885837256473,0.0119));
#1948=CARTESIAN_POINT('',(0.0325990298413572,-0.00965885837256473,0.0119));
#1949=CARTESIAN_POINT('',(0.0324929503374634,-0.00974372188254756,0.0119));
#1950=CARTESIAN_POINT('',(0.0325990298413572,-0.00495560719325703,0.0119));
#1951=CARTESIAN_POINT('',(0.0325990298413572,-0.00495560719325703,0.0104));
#1952=CARTESIAN_POINT('',(0.0325990298413572,-0.000252356013949334,0.0104));
#1953=CARTESIAN_POINT('',(0.0325990298413572,-0.000252356013949334,0.0119));
#1954=CARTESIAN_POINT('',(0.0325990298413572,-0.000252356013949334,0.0119));
#1955=CARTESIAN_POINT('',(0.0325990298413572,-0.00495560719325703,0.0119));
#1956=CARTESIAN_POINT('',(0.0325279010110436,-0.000145979796503975,0.0119));
#1957=CARTESIAN_POINT('',(0.0325279010110436,-0.000145979796503975,0.0104));
#1958=CARTESIAN_POINT('',(0.0324567721807299,-3.96035790586162E-5,0.0104));
#1959=CARTESIAN_POINT('',(0.0324567721807299,-3.96035790586162E-5,0.0119));
#1960=CARTESIAN_POINT('',(0.0324567721807299,-3.96035790586162E-5,0.0119));
#1961=CARTESIAN_POINT('',(0.0325279010110436,-0.000145979796503975,0.0119));
#1962=CARTESIAN_POINT('',(0.0323952173464832,-1.32915335384447E-5,0.0119));
#1963=CARTESIAN_POINT('',(0.0323952173464832,-1.32915335384447E-5,0.0104));
#1964=CARTESIAN_POINT('',(0.0323336625122366,1.30205119817268E-5,0.0104));
#1965=CARTESIAN_POINT('',(0.0323336625122366,1.30205119817268E-5,0.0119));
#1966=CARTESIAN_POINT('',(0.0323336625122366,1.30205119817268E-5,0.0119));
#1967=CARTESIAN_POINT('',(0.0323952173464832,-1.32915335384447E-5,0.0119));
#1968=CARTESIAN_POINT('',(0.0253265972831187,1.30205119817268E-5,0.0119));
#1969=CARTESIAN_POINT('',(0.0253265972831187,1.30205119817268E-5,0.0104));
#1970=CARTESIAN_POINT('',(0.0183195320540009,1.30205119817268E-5,0.0104));
#1971=CARTESIAN_POINT('',(0.0183195320540009,1.30205119817268E-5,0.0119));
#1972=CARTESIAN_POINT('',(0.0183195320540009,1.30205119817268E-5,0.0119));
#1973=CARTESIAN_POINT('',(0.0253265972831187,1.30205119817268E-5,0.0119));
#1974=CARTESIAN_POINT('',(0.0182980483048496,-1.32915335384447E-5,0.0119));
#1975=CARTESIAN_POINT('',(0.0182980483048496,-1.32915335384447E-5,0.0104));
#1976=CARTESIAN_POINT('',(0.0182765645556984,-3.96035790586162E-5,0.0104));
#1977=CARTESIAN_POINT('',(0.0182765645556984,-3.96035790586162E-5,0.0119));
#1978=CARTESIAN_POINT('',(0.0182765645556984,-3.96035790586162E-5,0.0119));
#1979=CARTESIAN_POINT('',(0.0182980483048496,-1.32915335384447E-5,0.0119));
#1980=CARTESIAN_POINT('',(0.0182700704433857,-5.50980654920701E-5,0.0119));
#1981=CARTESIAN_POINT('',(0.0182700704433857,-5.50980654920701E-5,0.0104));
#1982=CARTESIAN_POINT('',(0.0182635763310728,-7.05925519255239E-5,0.0104));
#1983=CARTESIAN_POINT('',(0.0182635763310728,-7.05925519255239E-5,0.0119));
#1984=CARTESIAN_POINT('',(0.0182635763310728,-7.05925519255239E-5,0.0119));
#1985=CARTESIAN_POINT('',(0.0182700704433857,-5.50980654920701E-5,0.0119));
#1986=CARTESIAN_POINT('',(0.0182635763310728,-9.9360276796228E-5,0.0119));
#1987=CARTESIAN_POINT('',(0.0182635763310728,-9.9360276796228E-5,0.0104));
#1988=CARTESIAN_POINT('',(0.0182635763310728,-0.000128128001666932,0.0104));
#1989=CARTESIAN_POINT('',(0.0182635763310728,-0.000128128001666932,0.0119));
#1990=CARTESIAN_POINT('',(0.0182635763310728,-0.000128128001666932,0.0119));
#1991=CARTESIAN_POINT('',(0.0182635763310728,-9.9360276796228E-5,0.0119));
#1992=CARTESIAN_POINT('',(-0.00523043789334835,-0.000128128001666932,0.0119));
#1993=CARTESIAN_POINT('',(-0.00523043789334835,-0.000128128001666932,0.0104));
#1994=CARTESIAN_POINT('',(-0.00523043789334835,-0.000128128001666932,0.0119));
#1995=CARTESIAN_POINT('',(0.0122991831891624,-0.00513643309368744,0.0119));
#1996=CARTESIAN_POINT('',(0.024551376075162,-0.0095719844413349,0.0119));
#1997=CARTESIAN_POINT('',(0.0174253805204968,-0.0095719844413349,0.0119));
#1998=CARTESIAN_POINT('',(0.0316773716298271,-0.00957198444133491,0.0119));
#1999=CARTESIAN_POINT('',(0.0171191131819327,-0.00955023377101288,0.0119));
#2000=CARTESIAN_POINT('',(0.0168128458433685,-0.00952848310069086,0.0119));
#2001=CARTESIAN_POINT('',(-0.00310182982637689,-0.000469799784376345,0.0119));
#2002=CARTESIAN_POINT('',(0.0187763339552669,-0.000469799784376297,0.0119));
#2003=CARTESIAN_POINT('',(0.0187763339552669,-0.000443010620535054,0.0119));
#2004=CARTESIAN_POINT('',(0.0187763339552669,-0.000416221456693809,0.0119));
#2005=CARTESIAN_POINT('',(0.0187823814212911,-0.000401792636285963,0.0119));
#2006=CARTESIAN_POINT('',(0.0187884288873153,-0.000387363815878117,0.0119));
#2007=CARTESIAN_POINT('',(0.0188084350462495,-0.000362861436854188,0.0119));
#2008=CARTESIAN_POINT('',(0.0188284412051836,-0.000338359057830258,0.0119));
#2009=CARTESIAN_POINT('',(0.0253535807256981,-0.000338359057830258,0.0119));
#2010=CARTESIAN_POINT('',(0.0318787202462128,-0.000338359057830258,0.0119));
#2011=CARTESIAN_POINT('',(0.031936041516743,-0.000362861436854188,0.0119));
#2012=CARTESIAN_POINT('',(0.0319933627872733,-0.000387363815878117,0.0119));
#2013=CARTESIAN_POINT('',(0.0320595995820728,-0.00048642378432413,0.0119));
#2014=CARTESIAN_POINT('',(0.0321258363768723,-0.000585483752770143,0.0119));
#2015=CARTESIAN_POINT('',(0.0321258363768723,-0.00496525889992842,0.0119));
#2016=CARTESIAN_POINT('',(0.0321258363768723,-0.0093450340470867,0.0119));
#2017=CARTESIAN_POINT('',(0.0320270527148767,-0.0094240608899563,0.0119));
#2018=CARTESIAN_POINT('',(0.031928269052881,-0.00950308773282589,0.0119));
#2019=CARTESIAN_POINT('',(0.0318028203413541,-0.0095375360870804,0.0119));
#2020=CARTESIAN_POINT('',(0.0122991831891624,-0.00513643309368744,0.0104));
#2021=CARTESIAN_POINT('',(-0.00310182982637689,-0.000469799784376345,0.0144));
#2022=CARTESIAN_POINT('',(0.0168128458433685,-0.00952848310069086,0.0144));
#2023=CARTESIAN_POINT('',(0.0187763339552669,-0.000469799784376297,0.0144));
#2024=CARTESIAN_POINT('',(0.0187763339552669,-0.000443010620535054,0.0144));
#2025=CARTESIAN_POINT('',(0.0187763339552669,-0.000416221456693809,0.0144));
#2026=CARTESIAN_POINT('',(0.0187823814212911,-0.000401792636285963,0.0144));
#2027=CARTESIAN_POINT('',(0.0187884288873153,-0.000387363815878117,0.0144));
#2028=CARTESIAN_POINT('',(0.0188084350462495,-0.000362861436854188,0.0144));
#2029=CARTESIAN_POINT('',(0.0188284412051836,-0.000338359057830258,0.0144));
#2030=CARTESIAN_POINT('',(0.0253535807256981,-0.000338359057830258,0.0144));
#2031=CARTESIAN_POINT('',(0.0318787202462128,-0.000338359057830258,0.0144));
#2032=CARTESIAN_POINT('',(0.031936041516743,-0.000362861436854188,0.0144));
#2033=CARTESIAN_POINT('',(0.0319933627872733,-0.000387363815878117,0.0144));
#2034=CARTESIAN_POINT('',(0.0320595995820728,-0.00048642378432413,0.0144));
#2035=CARTESIAN_POINT('',(0.0321258363768723,-0.000585483752770143,0.0144));
#2036=CARTESIAN_POINT('',(0.0321258363768723,-0.00496525889992842,0.0144));
#2037=CARTESIAN_POINT('',(0.0321258363768723,-0.0093450340470867,0.0144));
#2038=CARTESIAN_POINT('',(0.0320270527148767,-0.0094240608899563,0.0144));
#2039=CARTESIAN_POINT('',(0.031928269052881,-0.00950308773282589,0.0144));
#2040=CARTESIAN_POINT('',(0.0318028203413541,-0.0095375360870804,0.0144));
#2041=CARTESIAN_POINT('',(0.0316773716298271,-0.00957198444133491,0.0144));
#2042=CARTESIAN_POINT('',(0.024551376075162,-0.0095719844413349,0.0144));
#2043=CARTESIAN_POINT('',(0.0174253805204968,-0.0095719844413349,0.0144));
#2044=CARTESIAN_POINT('',(0.0171191131819327,-0.00955023377101288,0.0144));
#2045=CARTESIAN_POINT('',(0.0256522332084488,-0.0067000245170574,0.0124));
#2046=CARTESIAN_POINT('',(0.0256522332084488,-0.0068270699121058,0.0124));
#2047=CARTESIAN_POINT('',(0.0256522332084488,-0.0068270699121058,0.0124));
#2048=CARTESIAN_POINT('',(0.0256522332084488,-0.0067000245170574,0.0124));
#2049=CARTESIAN_POINT('',(0.0256522332084488,-0.0065725703153765,0.0124));
#2050=CARTESIAN_POINT('',(0.0256522332084488,-0.0065725703153765,0.0124));
#2051=CARTESIAN_POINT('',(0.026719171764954,-0.0068270699121058,0.0124));
#2052=CARTESIAN_POINT('',(0.0277861103214592,-0.0068270699121058,0.0124));
#2053=CARTESIAN_POINT('',(0.0277861103214592,-0.0068270699121058,0.0124));
#2054=CARTESIAN_POINT('',(0.026719171764954,-0.0068270699121058,0.0124));
#2055=CARTESIAN_POINT('',(0.0277861103214592,-0.00664338007340525,0.0124));
#2056=CARTESIAN_POINT('',(0.0277861103214592,-0.00645969023470469,0.0124));
#2057=CARTESIAN_POINT('',(0.0277861103214592,-0.00645969023470469,0.0124));
#2058=CARTESIAN_POINT('',(0.0277861103214592,-0.00664338007340525,0.0124));
#2059=CARTESIAN_POINT('',(0.0273070601694295,-0.00645969023470469,0.0124));
#2060=CARTESIAN_POINT('',(0.0268280100173999,-0.00645969023470469,0.0124));
#2061=CARTESIAN_POINT('',(0.02682800995657,-0.00645966604207367,0.0124));
#2062=CARTESIAN_POINT('',(0.0273070601694295,-0.00645969023470469,0.0124));
#2063=CARTESIAN_POINT('',(0.0268379914891221,-0.0104294170540288,0.0124000000000034));
#2064=CARTESIAN_POINT('',(0.026553284465687,-0.00646980531392829,0.0124));
#2065=CARTESIAN_POINT('',(0.0265532791554051,-0.00646973424237558,0.0124));
#2066=CARTESIAN_POINT('',(0.0268379914891221,-0.0104294170540288,0.0124));
#2067=CARTESIAN_POINT('',(0.0264117691836229,-0.00648005881002548,0.0123999999998796));
#2068=CARTESIAN_POINT('',(0.0262735811916727,-0.006490256227658,0.0124));
#2069=CARTESIAN_POINT('',(0.0262735811916727,-0.006490256227658,0.0124));
#2070=CARTESIAN_POINT('',(0.0264117691836229,-0.00648005881002548,0.0124));
#2071=CARTESIAN_POINT('',(0.0115703402857158,0.0077091130690623,0.0124000000000038));
#2072=CARTESIAN_POINT('',(0.0269700257296993,-0.00573140453060559,0.0124));
#2073=CARTESIAN_POINT('',(0.0269700257296993,-0.00573140453060559,0.0124));
#2074=CARTESIAN_POINT('',(0.0115703402857158,0.0077091130690623,0.0124));
#2075=CARTESIAN_POINT('',(0.0274466482627152,-0.00506340469867913,0.0124));
#2076=CARTESIAN_POINT('',(0.0274466482627152,-0.00506340469867913,0.0144));
#2077=CARTESIAN_POINT('',(0.0273309317563972,-0.00527568649465172,0.0124));
#2078=CARTESIAN_POINT('',(0.0273309317563972,-0.00527568649465172,0.0144));
#2079=CARTESIAN_POINT('',(0.0271720575787253,-0.00549835310529388,0.0124));
#2080=CARTESIAN_POINT('',(0.0271720575787253,-0.00549835310529388,0.0144));
#2081=CARTESIAN_POINT('',(0.0269700257296993,-0.00573140453060559,0.0124));
#2082=CARTESIAN_POINT('',(0.0269700257296993,-0.00573140453060559,0.0144));
#2083=CARTESIAN_POINT('',(0.0274466482627152,-0.00506340469867913,0.0124));
#2084=CARTESIAN_POINT('',(0.0274466482627152,-0.00506340469867913,0.0124));
#2085=CARTESIAN_POINT('',(0.0274466482627152,-0.00506340469867913,0.0124));
#2086=CARTESIAN_POINT('',(0.0272730735032383,-0.00538182739263802,0.0124));
#2087=CARTESIAN_POINT('',(0.0269700257296993,-0.00573140453060559,0.0124));
#2088=CARTESIAN_POINT('',(0.0276202230221922,-0.00443424677097128,0.0124));
#2089=CARTESIAN_POINT('',(0.0276202230221922,-0.00443424677097128,0.0144));
#2090=CARTESIAN_POINT('',(0.0276202230221922,-0.00464140359347059,0.0124));
#2091=CARTESIAN_POINT('',(0.0276202230221922,-0.00464140359347059,0.0144));
#2092=CARTESIAN_POINT('',(0.0275623647690332,-0.00485112290270654,0.0124));
#2093=CARTESIAN_POINT('',(0.0275623647690332,-0.00485112290270654,0.0144));
#2094=CARTESIAN_POINT('',(0.0274466482627152,-0.00506340469867913,0.0124));
#2095=CARTESIAN_POINT('',(0.0274466482627152,-0.00506340469867913,0.0144));
#2096=CARTESIAN_POINT('',(0.0276202230221922,-0.00443424677097128,0.0124));
#2097=CARTESIAN_POINT('',(0.0276202230221922,-0.00443424677097128,0.0124));
#2098=CARTESIAN_POINT('',(0.0276202230221922,-0.00443424677097128,0.0124));
#2099=CARTESIAN_POINT('',(0.0276202230221922,-0.00474498200472024,0.0124));
#2100=CARTESIAN_POINT('',(0.0274466482627152,-0.00506340469867913,0.0124));
#2101=CARTESIAN_POINT('',(0.0273560171528718,-0.00372740503482621,0.0124));
#2102=CARTESIAN_POINT('',(0.0273560171528718,-0.00372740503482621,0.0144));
#2103=CARTESIAN_POINT('',(0.0275321543990854,-0.00390516069371558,0.0124));
#2104=CARTESIAN_POINT('',(0.0275321543990854,-0.00390516069371558,0.0144));
#2105=CARTESIAN_POINT('',(0.0276202230221922,-0.00414077460576394,0.0124));
#2106=CARTESIAN_POINT('',(0.0276202230221922,-0.00414077460576394,0.0144));
#2107=CARTESIAN_POINT('',(0.0276202230221922,-0.00443424677097128,0.0124));
#2108=CARTESIAN_POINT('',(0.0276202230221922,-0.00443424677097128,0.0144));
#2109=CARTESIAN_POINT('',(0.0273560171528718,-0.00372740503482621,0.0124));
#2110=CARTESIAN_POINT('',(0.0273560171528718,-0.00372740503482621,0.0124));
#2111=CARTESIAN_POINT('',(0.0273560171528718,-0.00372740503482621,0.0124));
#2112=CARTESIAN_POINT('',(0.0276202230221922,-0.00399403852316027,0.0124));
#2113=CARTESIAN_POINT('',(0.0276202230221922,-0.00443424677097128,0.0124));
#2114=CARTESIAN_POINT('',(0.0266313728772932,-0.00346077154649215,0.0124));
#2115=CARTESIAN_POINT('',(0.0266313728772932,-0.00346077154649215,0.0144));
#2116=CARTESIAN_POINT('',(0.0269383318147986,-0.00346077154649215,0.0124));
#2117=CARTESIAN_POINT('',(0.0269383318147986,-0.00346077154649215,0.0144));
#2118=CARTESIAN_POINT('',(0.0271798799066582,-0.00354964937593683,0.0124));
#2119=CARTESIAN_POINT('',(0.0271798799066582,-0.00354964937593683,0.0144));
#2120=CARTESIAN_POINT('',(0.0273560171528718,-0.00372740503482621,0.0124));
#2121=CARTESIAN_POINT('',(0.0273560171528718,-0.00372740503482621,0.0144));
#2122=CARTESIAN_POINT('',(0.0266313728772932,-0.00346077154649215,0.0124));
#2123=CARTESIAN_POINT('',(0.0266313728772932,-0.00346077154649215,0.0124));
#2124=CARTESIAN_POINT('',(0.0266313728772932,-0.00346077154649215,0.0124));
#2125=CARTESIAN_POINT('',(0.0270918112835514,-0.00346077154649215,0.0124));
#2126=CARTESIAN_POINT('',(0.0273560171528718,-0.00372740503482621,0.0124));
#2127=CARTESIAN_POINT('',(0.0260742343136573,-0.00359793202076414,0.0124));
#2128=CARTESIAN_POINT('',(0.0260742343136573,-0.00359793202076414,0.0144));
#2129=CARTESIAN_POINT('',(0.0262314900786535,-0.00350649170458281,0.0124));
#2130=CARTESIAN_POINT('',(0.0262314900786535,-0.00350649170458281,0.0144));
#2131=CARTESIAN_POINT('',(0.0264172029331988,-0.00346077154649215,0.0124));
#2132=CARTESIAN_POINT('',(0.0264172029331988,-0.00346077154649215,0.0144));
#2133=CARTESIAN_POINT('',(0.0266313728772932,-0.00346077154649215,0.0124));
#2134=CARTESIAN_POINT('',(0.0266313728772932,-0.00346077154649215,0.0144));
#2135=CARTESIAN_POINT('',(0.0260742343136573,-0.00359793202076414,0.0124));
#2136=CARTESIAN_POINT('',(0.0260742343136573,-0.00359793202076414,0.0124));
#2137=CARTESIAN_POINT('',(0.0260742343136573,-0.00359793202076414,0.0124));
#2138=CARTESIAN_POINT('',(0.0263101179611516,-0.00346077154649215,0.0124));
#2139=CARTESIAN_POINT('',(0.0266313728772932,-0.00346077154649215,0.0124));
#2140=CARTESIAN_POINT('',(0.0270336268636455,-0.00520784815745029,0.0124000000000001));
#2141=CARTESIAN_POINT('',(0.0256315298331335,-0.00396362469181421,0.0124));
#2142=CARTESIAN_POINT('',(0.0256315298428557,-0.00396362469152447,0.0124));
#2143=CARTESIAN_POINT('',(0.0270336268636455,-0.00520784815745029,0.0124));
#2144=CARTESIAN_POINT('',(0.0257529793975158,-0.00408507423617266,0.0124));
#2145=CARTESIAN_POINT('',(0.0258748439882554,-0.00420693882691223,0.0124));
#2146=CARTESIAN_POINT('',(0.0258748439882554,-0.00420693882691223,0.0124));
#2147=CARTESIAN_POINT('',(0.0257529793975158,-0.00408507423617266,0.0124));
#2148=CARTESIAN_POINT('',(0.0270739699373095,-0.00524593124871524,0.0124000000000001));
#2149=CARTESIAN_POINT('',(0.0261960198675095,-0.00392444677810191,0.0124));
#2150=CARTESIAN_POINT('',(0.0261960557686012,-0.00392449899510174,0.0124));
#2151=CARTESIAN_POINT('',(0.0270739699373095,-0.00524593124871524,0.0124));
#2152=CARTESIAN_POINT('',(0.0265774675405781,-0.00448920260292923,0.0124));
#2153=CARTESIAN_POINT('',(0.0265795836716683,-0.00380792106544605,0.0124));
#2154=CARTESIAN_POINT('',(0.026579583677227,-0.00380791927584788,0.0124));
#2155=CARTESIAN_POINT('',(0.0265774675405781,-0.00448920260292923,0.0124));
#2156=CARTESIAN_POINT('',(0.0270505417603191,-0.00398918328513295,0.0124));
#2157=CARTESIAN_POINT('',(0.0270505417603191,-0.00398918328513295,0.0144));
#2158=CARTESIAN_POINT('',(0.0269469633490694,-0.00386834180534169,0.0124));
#2159=CARTESIAN_POINT('',(0.0269469633490694,-0.00386834180534169,0.0144));
#2160=CARTESIAN_POINT('',(0.0267899773195192,-0.00380792106544605,0.0124));
#2161=CARTESIAN_POINT('',(0.0267899773195192,-0.00380792106544605,0.0144));
#2162=CARTESIAN_POINT('',(0.0265795836716683,-0.00380792106544605,0.0124));
#2163=CARTESIAN_POINT('',(0.0265795836716683,-0.00380792106544605,0.0144));
#2164=CARTESIAN_POINT('',(0.0270505417603191,-0.00398918328513295,0.0124));
#2165=CARTESIAN_POINT('',(0.0270505417603191,-0.00398918328513295,0.0124));
#2166=CARTESIAN_POINT('',(0.0270505417603191,-0.00398918328513295,0.0124));
#2167=CARTESIAN_POINT('',(0.0268951741434446,-0.00380792106544605,0.0124));
#2168=CARTESIAN_POINT('',(0.0265795836716683,-0.00380792106544605,0.0124));
#2169=CARTESIAN_POINT('',(0.0272059093771936,-0.00445528613575638,0.0124));
#2170=CARTESIAN_POINT('',(0.0272059093771936,-0.00445528613575638,0.0144));
#2171=CARTESIAN_POINT('',(0.0272059093771936,-0.00426539238179868,0.0124));
#2172=CARTESIAN_POINT('',(0.0272059093771936,-0.00426539238179868,0.0144));
#2173=CARTESIAN_POINT('',(0.0271541201715687,-0.0041100247649242,0.0124));
#2174=CARTESIAN_POINT('',(0.0271541201715687,-0.0041100247649242,0.0144));
#2175=CARTESIAN_POINT('',(0.0270505417603191,-0.00398918328513295,0.0124));
#2176=CARTESIAN_POINT('',(0.0270505417603191,-0.00398918328513295,0.0144));
#2177=CARTESIAN_POINT('',(0.0272059093771936,-0.00445528613575638,0.0124));
#2178=CARTESIAN_POINT('',(0.0272059093771936,-0.00445528613575638,0.0124));
#2179=CARTESIAN_POINT('',(0.0272059093771936,-0.00445528613575638,0.0124));
#2180=CARTESIAN_POINT('',(0.0272059093771936,-0.00417044550481983,0.0124));
#2181=CARTESIAN_POINT('',(0.0270505417603191,-0.00398918328513295,0.0124));
#2182=CARTESIAN_POINT('',(0.0270246471575067,-0.00502213517544684,0.0124));
#2183=CARTESIAN_POINT('',(0.0270246471575067,-0.00502213517544684,0.0144));
#2184=CARTESIAN_POINT('',(0.0271454886372979,-0.00482010332642083,0.0124));
#2185=CARTESIAN_POINT('',(0.0271454886372979,-0.00482010332642083,0.0144));
#2186=CARTESIAN_POINT('',(0.0272059093771936,-0.00463115364652401,0.0124));
#2187=CARTESIAN_POINT('',(0.0272059093771936,-0.00463115364652401,0.0144));
#2188=CARTESIAN_POINT('',(0.0272059093771936,-0.00445528613575638,0.0124));
#2189=CARTESIAN_POINT('',(0.0272059093771936,-0.00445528613575638,0.0144));
#2190=CARTESIAN_POINT('',(0.0270246471575067,-0.00502213517544684,0.0124));
#2191=CARTESIAN_POINT('',(0.0270246471575067,-0.00502213517544684,0.0124));
#2192=CARTESIAN_POINT('',(0.0270246471575067,-0.00502213517544684,0.0124));
#2193=CARTESIAN_POINT('',(0.0272059093771936,-0.00471908740190783,0.0124));
#2194=CARTESIAN_POINT('',(0.0272059093771936,-0.00445528613575638,0.0124));
#2195=CARTESIAN_POINT('',(0.0264962354188659,-0.00570065468976585,0.0124));
#2196=CARTESIAN_POINT('',(0.0264962354188659,-0.00570065468976585,0.0144));
#2197=CARTESIAN_POINT('',(0.0267276684315018,-0.00545034019591252,0.0124));
#2198=CARTESIAN_POINT('',(0.0267276684315018,-0.00545034019591252,0.0144));
#2199=CARTESIAN_POINT('',(0.0269038056777154,-0.00522416702447285,0.0124));
#2200=CARTESIAN_POINT('',(0.0269038056777154,-0.00522416702447285,0.0144));
#2201=CARTESIAN_POINT('',(0.0270246471575067,-0.00502213517544684,0.0124));
#2202=CARTESIAN_POINT('',(0.0270246471575067,-0.00502213517544684,0.0144));
#2203=CARTESIAN_POINT('',(0.0264962354188659,-0.00570065468976585,0.0124));
#2204=CARTESIAN_POINT('',(0.0264962354188659,-0.00570065468976585,0.0124));
#2205=CARTESIAN_POINT('',(0.0264962354188659,-0.00570065468976585,0.0124));
#2206=CARTESIAN_POINT('',(0.0268433849378198,-0.00532518294898586,0.0124));
#2207=CARTESIAN_POINT('',(0.0270246471575067,-0.00502213517544684,0.0124));
#2208=CARTESIAN_POINT('',(0.00315090752516435,0.0160648798748241,0.0124000000000068));
#2209=CARTESIAN_POINT('',(0.00315090752516435,0.0160648798748241,0.0124));
#2210=CARTESIAN_POINT('',(0.00182674459592829,-0.00495517174958258,0.0124));
#2211=CARTESIAN_POINT('',(0.0242133621215067,-0.00549493883424979,0.0124));
#2212=CARTESIAN_POINT('',(0.0242385497361586,-0.00688937880012317,0.0124));
#2213=CARTESIAN_POINT('',(0.0242385497361586,-0.00688937880012317,0.0124));
#2214=CARTESIAN_POINT('',(0.0242133621215067,-0.00549493883424979,0.0124));
#2215=CARTESIAN_POINT('',(0.0234799187943888,-0.00667938975544126,0.0124));
#2216=CARTESIAN_POINT('',(0.0234799187943888,-0.00667938975544126,0.0124));
#2217=CARTESIAN_POINT('',(0.0248240105216205,-0.0067599057860611,0.0124));
#2218=CARTESIAN_POINT('',(0.0248240105216205,-0.0067599057860611,0.0144));
#2219=CARTESIAN_POINT('',(0.024654886397002,-0.00684622112876915,0.0124));
#2220=CARTESIAN_POINT('',(0.024654886397002,-0.00684622112876915,0.0144));
#2221=CARTESIAN_POINT('',(0.024459732801848,-0.00688937880012317,0.0124));
#2222=CARTESIAN_POINT('',(0.024459732801848,-0.00688937880012317,0.0144));
#2223=CARTESIAN_POINT('',(0.0242385497361586,-0.00688937880012317,0.0124));
#2224=CARTESIAN_POINT('',(0.0242385497361586,-0.00688937880012317,0.0144));
#2225=CARTESIAN_POINT('',(0.0248240105216205,-0.0067599057860611,0.0124));
#2226=CARTESIAN_POINT('',(0.0248240105216205,-0.0067599057860611,0.0124));
#2227=CARTESIAN_POINT('',(0.0248240105216205,-0.0067599057860611,0.0124));
#2228=CARTESIAN_POINT('',(0.0245703243346927,-0.00688937880012317,0.0124));
#2229=CARTESIAN_POINT('',(0.0242385497361586,-0.00688937880012317,0.0124));
#2230=CARTESIAN_POINT('',(0.0241254428722798,-0.00541650492210045,0.0124000000000001));
#2231=CARTESIAN_POINT('',(0.025279709172321,-0.00639705496299931,0.0124));
#2232=CARTESIAN_POINT('',(0.0252797091634014,-0.00639705496309189,0.0124));
#2233=CARTESIAN_POINT('',(0.0241254428722798,-0.00541650492210045,0.0124));
#2234=CARTESIAN_POINT('',(0.0251606403581819,-0.00626264849142899,0.0124));
#2235=CARTESIAN_POINT('',(0.0250410732905267,-0.00612767956421146,0.0124));
#2236=CARTESIAN_POINT('',(0.0250412824233434,-0.00612791563617066,0.0124));
#2237=CARTESIAN_POINT('',(0.0251606403581819,-0.00626264849142899,0.0124));
#2238=CARTESIAN_POINT('',(0.0240483766337789,-0.00524368742786232,0.0124000000000001));
#2239=CARTESIAN_POINT('',(0.0246892776663622,-0.00640790102907987,0.0124));
#2240=CARTESIAN_POINT('',(0.0246893953291419,-0.0064081198303907,0.0124));
#2241=CARTESIAN_POINT('',(0.0240483766337789,-0.00524368742786232,0.0124));
#2242=CARTESIAN_POINT('',(0.0242715647907701,-0.00560923613713897,0.0124));
#2243=CARTESIAN_POINT('',(0.0242539246565785,-0.00651147944032952,0.0124));
#2244=CARTESIAN_POINT('',(0.0242539246565785,-0.00651147944032952,0.0124));
#2245=CARTESIAN_POINT('',(0.0242715647907701,-0.00560923613713897,0.0124));
#2246=CARTESIAN_POINT('',(0.0236975952992806,-0.00634033229986623,0.0124));
#2247=CARTESIAN_POINT('',(0.0236975952992806,-0.00634033229986623,0.0144));
#2248=CARTESIAN_POINT('',(0.0238548510642768,-0.00645443039350842,0.0124));
#2249=CARTESIAN_POINT('',(0.0238548510642768,-0.00645443039350842,0.0144));
#2250=CARTESIAN_POINT('',(0.0240402941833761,-0.00651147944032952,0.0124));
#2251=CARTESIAN_POINT('',(0.0240402941833761,-0.00651147944032952,0.0144));
#2252=CARTESIAN_POINT('',(0.0242539246565785,-0.00651147944032952,0.0124));
#2253=CARTESIAN_POINT('',(0.0242539246565785,-0.00651147944032952,0.0144));
#2254=CARTESIAN_POINT('',(0.0236975952992806,-0.00634033229986623,0.0124));
#2255=CARTESIAN_POINT('',(0.0236975952992806,-0.00634033229986623,0.0124));
#2256=CARTESIAN_POINT('',(0.0236975952992806,-0.00634033229986623,0.0124));
#2257=CARTESIAN_POINT('',(0.0239334789467749,-0.00651147944032952,0.0124));
#2258=CARTESIAN_POINT('',(0.0242539246565785,-0.00651147944032952,0.0124));
#2259=CARTESIAN_POINT('',(0.0233322386377242,-0.00585602230664032,0.0124));
#2260=CARTESIAN_POINT('',(0.0233322386377242,-0.00585602230664032,0.0144));
#2261=CARTESIAN_POINT('',(0.0234185539804322,-0.0060647975418154,0.0124));
#2262=CARTESIAN_POINT('',(0.0234185539804322,-0.0060647975418154,0.0144));
#2263=CARTESIAN_POINT('',(0.0235403395342844,-0.00622623420622404,0.0124));
#2264=CARTESIAN_POINT('',(0.0235403395342844,-0.00622623420622404,0.0144));
#2265=CARTESIAN_POINT('',(0.0236975952992806,-0.00634033229986623,0.0124));
#2266=CARTESIAN_POINT('',(0.0236975952992806,-0.00634033229986623,0.0144));
#2267=CARTESIAN_POINT('',(0.0233322386377242,-0.00585602230664032,0.0124));
#2268=CARTESIAN_POINT('',(0.0233322386377242,-0.00585602230664032,0.0124));
#2269=CARTESIAN_POINT('',(0.0233322386377242,-0.00585602230664032,0.0124));
#2270=CARTESIAN_POINT('',(0.0234617116517862,-0.00616918515940294,0.0124));
#2271=CARTESIAN_POINT('',(0.0236975952992806,-0.00634033229986623,0.0124));
#2272=CARTESIAN_POINT('',(0.0232027656236621,-0.00511802612648656,0.0124));
#2273=CARTESIAN_POINT('',(0.0232027656236621,-0.00511802612648656,0.0144));
#2274=CARTESIAN_POINT('',(0.0232027656236621,-0.00540124834474733,0.0124));
#2275=CARTESIAN_POINT('',(0.0232027656236621,-0.00540124834474733,0.0144));
#2276=CARTESIAN_POINT('',(0.0232459232950162,-0.00564724707146525,0.0124));
#2277=CARTESIAN_POINT('',(0.0232459232950162,-0.00564724707146525,0.0144));
#2278=CARTESIAN_POINT('',(0.0233322386377242,-0.00585602230664032,0.0124));
#2279=CARTESIAN_POINT('',(0.0233322386377242,-0.00585602230664032,0.0144));
#2280=CARTESIAN_POINT('',(0.0232027656236621,-0.00511802612648656,0.0124));
#2281=CARTESIAN_POINT('',(0.0232027656236621,-0.00511802612648656,0.0124));
#2282=CARTESIAN_POINT('',(0.0232027656236621,-0.00511802612648656,0.0124));
#2283=CARTESIAN_POINT('',(0.0232027656236621,-0.00554285945387771,0.0124));
#2284=CARTESIAN_POINT('',(0.0233322386377242,-0.00585602230664032,0.0124));
#2285=CARTESIAN_POINT('',(0.0233350708599068,-0.00438771740654274,0.0124));
#2286=CARTESIAN_POINT('',(0.0233350708599068,-0.00438771740654274,0.0144));
#2287=CARTESIAN_POINT('',(0.023246867369077,-0.00459136766824452,0.0124));
#2288=CARTESIAN_POINT('',(0.023246867369077,-0.00459136766824452,0.0144));
#2289=CARTESIAN_POINT('',(0.0232027656236621,-0.00483480390822579,0.0124));
#2290=CARTESIAN_POINT('',(0.0232027656236621,-0.00483480390822579,0.0144));
#2291=CARTESIAN_POINT('',(0.0232027656236621,-0.00511802612648656,0.0124));
#2292=CARTESIAN_POINT('',(0.0232027656236621,-0.00511802612648656,0.0144));
#2293=CARTESIAN_POINT('',(0.0233350708599068,-0.00438771740654274,0.0124));
#2294=CARTESIAN_POINT('',(0.0233350708599068,-0.00438771740654274,0.0124));
#2295=CARTESIAN_POINT('',(0.0233350708599068,-0.00438771740654274,0.0124));
#2296=CARTESIAN_POINT('',(0.0232027656236621,-0.00469319279909541,0.0124));
#2297=CARTESIAN_POINT('',(0.0232027656236621,-0.00511802612648656,0.0124));
#2298=CARTESIAN_POINT('',(0.0237081149816732,-0.00391392709570937,0.0124));
#2299=CARTESIAN_POINT('',(0.0237081149816732,-0.00391392709570937,0.0144));
#2300=CARTESIAN_POINT('',(0.0235476223913254,-0.00402613704122982,0.0124));
#2301=CARTESIAN_POINT('',(0.0235476223913254,-0.00402613704122982,0.0144));
#2302=CARTESIAN_POINT('',(0.0234232743507366,-0.00418406714484094,0.0124));
#2303=CARTESIAN_POINT('',(0.0234232743507366,-0.00418406714484094,0.0144));
#2304=CARTESIAN_POINT('',(0.0233350708599068,-0.00438771740654274,0.0124));
#2305=CARTESIAN_POINT('',(0.0233350708599068,-0.00438771740654274,0.0144));
#2306=CARTESIAN_POINT('',(0.0237081149816732,-0.00391392709570937,0.0124));
#2307=CARTESIAN_POINT('',(0.0237081149816732,-0.00391392709570937,0.0124));
#2308=CARTESIAN_POINT('',(0.0237081149816732,-0.00391392709570937,0.0124));
#2309=CARTESIAN_POINT('',(0.0234673760961515,-0.00408224201399005,0.0124));
#2310=CARTESIAN_POINT('',(0.0233350708599068,-0.00438771740654274,0.0124));
#2311=CARTESIAN_POINT('',(0.0242477089046758,-0.00470173528536898,0.0124));
#2312=CARTESIAN_POINT('',(0.0242701087833363,-0.00374561217742868,0.0124));
#2313=CARTESIAN_POINT('',(0.0242700949715439,-0.00374607051629997,0.0124));
#2314=CARTESIAN_POINT('',(0.0242477089046758,-0.00470173528536898,0.0124));
#2315=CARTESIAN_POINT('',(0.0242863569192552,-0.00458126778567968,0.0124));
#2316=CARTESIAN_POINT('',(0.0246581232223535,-0.00383381566825847,0.0124));
#2317=CARTESIAN_POINT('',(0.0246582249517119,-0.00383360837740203,0.0124));
#2318=CARTESIAN_POINT('',(0.0242863569192552,-0.00458126778567968,0.0124));
#2319=CARTESIAN_POINT('',(0.0241513171221152,-0.00481413691083021,0.0124000000000001));
#2320=CARTESIAN_POINT('',(0.0249635369355005,-0.00406694119595051,0.0124));
#2321=CARTESIAN_POINT('',(0.0249635986149062,-0.00406686709357018,0.0124));
#2322=CARTESIAN_POINT('',(0.0241513171221152,-0.00481413691083021,0.0124));
#2323=CARTESIAN_POINT('',(0.025080124327562,-0.00392687439711557,0.0124));
#2324=CARTESIAN_POINT('',(0.0251971510937022,-0.00378627974057219,0.0124));
#2325=CARTESIAN_POINT('',(0.0251971510937022,-0.00378627974057219,0.0124));
#2326=CARTESIAN_POINT('',(0.025080124327562,-0.00392687439711557,0.0124));
#2327=CARTESIAN_POINT('',(0.0242119255818166,-0.00468655412973423,0.0124000000000001));
#2328=CARTESIAN_POINT('',(0.024813490839228,-0.0034943536095145,0.0124));
#2329=CARTESIAN_POINT('',(0.024813490839228,-0.0034943536095145,0.0124));
#2330=CARTESIAN_POINT('',(0.0242119255818166,-0.00468655412973423,0.0124));
#2331=CARTESIAN_POINT('',(0.024264444338971,-0.00336771281763504,0.0124));
#2332=CARTESIAN_POINT('',(0.024264444338971,-0.00336771281763504,0.0144));
#2333=CARTESIAN_POINT('',(0.0244716011614704,-0.00336771281763504,0.0124));
#2334=CARTESIAN_POINT('',(0.0244716011614704,-0.00336771281763504,0.0144));
#2335=CARTESIAN_POINT('',(0.024654616661556,-0.00340992641492819,0.0124));
#2336=CARTESIAN_POINT('',(0.024654616661556,-0.00340992641492819,0.0144));
#2337=CARTESIAN_POINT('',(0.024813490839228,-0.0034943536095145,0.0124));
#2338=CARTESIAN_POINT('',(0.024813490839228,-0.0034943536095145,0.0144));
#2339=CARTESIAN_POINT('',(0.024264444338971,-0.00336771281763504,0.0124));
#2340=CARTESIAN_POINT('',(0.024264444338971,-0.00336771281763504,0.0124));
#2341=CARTESIAN_POINT('',(0.024264444338971,-0.00336771281763504,0.0124));
#2342=CARTESIAN_POINT('',(0.02457517957272,-0.00336771281763504,0.0124));
#2343=CARTESIAN_POINT('',(0.024813490839228,-0.0034943536095145,0.0124));
#2344=CARTESIAN_POINT('',(0.0242410356535691,-0.00479925530207965,0.0124));
#2345=CARTESIAN_POINT('',(0.0234928660957949,-0.00358012948133061,0.0124));
#2346=CARTESIAN_POINT('',(0.0234928660957949,-0.00358012948133061,0.0124));
#2347=CARTESIAN_POINT('',(0.0242410356535691,-0.00479925530207965,0.0124));
#2348=CARTESIAN_POINT('',(0.0229543392779306,-0.00418582042523971,0.0124));
#2349=CARTESIAN_POINT('',(0.0229543392779306,-0.00418582042523971,0.0144));
#2350=CARTESIAN_POINT('',(0.0230854307046684,-0.00392363757176403,0.0124));
#2351=CARTESIAN_POINT('',(0.0230854307046684,-0.00392363757176403,0.0144));
#2352=CARTESIAN_POINT('',(0.0232649396439565,-0.00372174059046099,0.0124));
#2353=CARTESIAN_POINT('',(0.0232649396439565,-0.00372174059046099,0.0144));
#2354=CARTESIAN_POINT('',(0.0234928660957949,-0.00358012948133061,0.0124));
#2355=CARTESIAN_POINT('',(0.0234928660957949,-0.00358012948133061,0.0144));
#2356=CARTESIAN_POINT('',(0.0229543392779306,-0.00418582042523971,0.0124));
#2357=CARTESIAN_POINT('',(0.0229543392779306,-0.00418582042523971,0.0124));
#2358=CARTESIAN_POINT('',(0.0229543392779306,-0.00418582042523971,0.0124));
#2359=CARTESIAN_POINT('',(0.0231509764180373,-0.00379254614502619,0.0124));
#2360=CARTESIAN_POINT('',(0.0234928660957949,-0.00358012948133061,0.0124));
#2361=CARTESIAN_POINT('',(0.0227577021378238,-0.0051285458088791,0.0124));
#2362=CARTESIAN_POINT('',(0.0227577021378238,-0.0051285458088791,0.0144));
#2363=CARTESIAN_POINT('',(0.0227577021378238,-0.00476224507326185,0.0124));
#2364=CARTESIAN_POINT('',(0.0227577021378238,-0.00476224507326185,0.0144));
#2365=CARTESIAN_POINT('',(0.0228232478511927,-0.00444800327871538,0.0124));
#2366=CARTESIAN_POINT('',(0.0228232478511927,-0.00444800327871538,0.0144));
#2367=CARTESIAN_POINT('',(0.0229543392779306,-0.00418582042523971,0.0124));
#2368=CARTESIAN_POINT('',(0.0229543392779306,-0.00418582042523971,0.0144));
#2369=CARTESIAN_POINT('',(0.0227577021378238,-0.0051285458088791,0.0124));
#2370=CARTESIAN_POINT('',(0.0227577021378238,-0.0051285458088791,0.0124));
#2371=CARTESIAN_POINT('',(0.0227577021378238,-0.0051285458088791,0.0124));
#2372=CARTESIAN_POINT('',(0.0227577021378238,-0.00457909470545322,0.0124));
#2373=CARTESIAN_POINT('',(0.0229543392779306,-0.00418582042523971,0.0124));
#2374=CARTESIAN_POINT('',(0.0229519116589169,-0.00607612643054583,0.0124));
#2375=CARTESIAN_POINT('',(0.0229519116589169,-0.00607612643054583,0.0144));
#2376=CARTESIAN_POINT('',(0.0228224386448548,-0.00581394357707015,0.0124));
#2377=CARTESIAN_POINT('',(0.0228224386448548,-0.00581394357707015,0.0144));
#2378=CARTESIAN_POINT('',(0.0227577021378238,-0.00549808336984791,0.0124));
#2379=CARTESIAN_POINT('',(0.0227577021378238,-0.00549808336984791,0.0144));
#2380=CARTESIAN_POINT('',(0.0227577021378238,-0.0051285458088791,0.0124));
#2381=CARTESIAN_POINT('',(0.0227577021378238,-0.0051285458088791,0.0144));
#2382=CARTESIAN_POINT('',(0.0229519116589169,-0.00607612643054583,0.0124));
#2383=CARTESIAN_POINT('',(0.0229519116589169,-0.00607612643054583,0.0124));
#2384=CARTESIAN_POINT('',(0.0229519116589169,-0.00607612643054583,0.0124));
#2385=CARTESIAN_POINT('',(0.0227577021378238,-0.00568285215033231,0.0124));
#2386=CARTESIAN_POINT('',(0.0227577021378238,-0.0051285458088791,0.0124));
#2387=CARTESIAN_POINT('',(0.0234799187943888,-0.00667938975544126,0.0124));
#2388=CARTESIAN_POINT('',(0.0234799187943888,-0.00667938975544126,0.0144));
#2389=CARTESIAN_POINT('',(0.0232573870514696,-0.00653939705898665,0.0124));
#2390=CARTESIAN_POINT('',(0.0232573870514696,-0.00653939705898665,0.0144));
#2391=CARTESIAN_POINT('',(0.023081384672979,-0.00633830928402151,0.0124));
#2392=CARTESIAN_POINT('',(0.023081384672979,-0.00633830928402151,0.0144));
#2393=CARTESIAN_POINT('',(0.0229519116589169,-0.00607612643054583,0.0124));
#2394=CARTESIAN_POINT('',(0.0229519116589169,-0.00607612643054583,0.0144));
#2395=CARTESIAN_POINT('',(0.0234799187943888,-0.00667938975544126,0.0124));
#2396=CARTESIAN_POINT('',(0.02314612118001,-0.00646940071075935,0.0124));
#2397=CARTESIAN_POINT('',(0.0229519116589169,-0.00607612643054583,0.0124));
#2398=CARTESIAN_POINT('',(0.00182674459592829,-0.00495517174958258,0.0124));
#2399=MECHANICAL_DESIGN_GEOMETRIC_PRESENTATION_REPRESENTATION('',(#1372),
#2400);
#2400=(
GEOMETRIC_REPRESENTATION_CONTEXT(3)
GLOBAL_UNCERTAINTY_ASSIGNED_CONTEXT((#2401))
GLOBAL_UNIT_ASSIGNED_CONTEXT((#2404,#2403,#2402))
REPRESENTATION_CONTEXT('Right Button','TOP_LEVEL_ASSEMBLY_PART')
);
#2401=UNCERTAINTY_MEASURE_WITH_UNIT(LENGTH_MEASURE(2.E-5),#2404,
'DISTANCE_ACCURACY_VALUE','Maximum Tolerance applied to model');
#2402=(
NAMED_UNIT(*)
SI_UNIT($,.STERADIAN.)
SOLID_ANGLE_UNIT()
);
#2403=(
NAMED_UNIT(*)
PLANE_ANGLE_UNIT()
SI_UNIT($,.RADIAN.)
);
#2404=(
LENGTH_UNIT()
NAMED_UNIT(*)
SI_UNIT($,.METRE.)
);
#2405=PRODUCT_DEFINITION_SHAPE('','',#2406);
#2406=PRODUCT_DEFINITION('','',#2408,#2407);
#2407=PRODUCT_DEFINITION_CONTEXT('',#2414,'design');
#2408=PRODUCT_DEFINITION_FORMATION_WITH_SPECIFIED_SOURCE('','',#2410,
 .NOT_KNOWN.);
#2409=PRODUCT_RELATED_PRODUCT_CATEGORY('','',(#2410));
#2410=PRODUCT('Right Button','Right Button','Right Button',(#2412));
#2411=PRODUCT_CATEGORY('','');
#2412=PRODUCT_CONTEXT('',#2414,'mechanical');
#2413=APPLICATION_PROTOCOL_DEFINITION('international standard',
'ap242_managed_model_based_3d_engineering',2020,#2414);
#2414=APPLICATION_CONTEXT('managed model based 3d engineering');
ENDSEC;
END-ISO-10303-21;
